Date,Bar Name,Brand Name,Demand (ml),Forecast (ml),Par Level (ml),Closing Inventory (ml),Order Quantity (ml),Lost Demand (ml),Stockout Day
2023-10-21,Anderson's Bar,Absolut,0.0,118.26428571428572,480,480.0,0.0,0.0,False
2023-10-22,Anderson's Bar,Absolut,0.0,118.26428571428572,480,480.0,0.0,0.0,False
2023-10-23,Anderson's Bar,Absolut,0.0,71.72857142857143,390,480.0,0.0,0.0,False
2023-10-24,Anderson's Bar,Absolut,174.39,71.72857142857143,390,305.61,84.38999999999999,0.0,False
2023-10-25,Anderson's Bar,Absolut,0.0,96.64142857142858,450,305.61,60.0,0.0,False
2023-10-26,Anderson's Bar,Absolut,0.0,96.64142857142858,450,390.0,0.0,0.0,False
2023-10-27,Anderson's Bar,Absolut,0.0,24.912857142857142,300,450.0,0.0,0.0,False
2023-10-28,Anderson's Bar,Absolut,0.0,24.912857142857142,300,450.0,0.0,0.0,False
2023-10-29,Anderson's Bar,Absolut,0.0,24.912857142857142,300,450.0,0.0,0.0,False
2023-10-30,Anderson's Bar,Absolut,0.0,24.912857142857142,300,450.0,0.0,0.0,False
2023-10-31,Anderson's Bar,Absolut,401.81,24.912857142857142,300,48.19,251.81,0.0,False
2023-11-01,Anderson's Bar,Absolut,0.0,57.401428571428575,360,48.19,60.0,0.0,False
2023-11-02,Anderson's Bar,Absolut,0.0,57.401428571428575,360,300.0,0.0,0.0,False
2023-11-03,Anderson's Bar,Absolut,0.0,57.401428571428575,360,360.0,0.0,0.0,False
2023-11-04,Anderson's Bar,Absolut,0.0,57.401428571428575,360,360.0,0.0,0.0,False
2023-11-05,Anderson's Bar,Absolut,319.64,57.401428571428575,360,40.360000000000014,319.64,0.0,False
2023-11-06,Anderson's Bar,Absolut,0.0,103.06428571428572,450,40.360000000000014,90.0,0.0,False
2023-11-07,Anderson's Bar,Absolut,248.98,103.06428571428572,450,111.02000000000001,248.98,0.0,False
2023-11-08,Anderson's Bar,Absolut,0.0,81.23142857142857,420,201.02,0.0,0.0,False
2023-11-09,Anderson's Bar,Absolut,0.0,81.23142857142857,420,450.0,0.0,0.0,False
2023-11-10,Anderson's Bar,Absolut,445.86,81.23142857142857,420,4.139999999999986,415.86,0.0,False
2023-11-11,Anderson's Bar,Absolut,0.0,144.9257142857143,540,4.139999999999986,120.0,0.0,False
2023-11-12,Anderson's Bar,Absolut,0.0,144.9257142857143,540,420.0,0.0,0.0,False
2023-11-13,Anderson's Bar,Absolut,0.0,99.26285714285714,450,540.0,0.0,0.0,False
2023-11-14,Anderson's Bar,Absolut,0.0,99.26285714285714,450,540.0,0.0,0.0,False
2023-11-15,Anderson's Bar,Absolut,0.0,63.69428571428572,360,540.0,0.0,0.0,False
2023-11-16,Anderson's Bar,Absolut,0.0,63.69428571428572,360,540.0,0.0,0.0,False
2023-11-17,Anderson's Bar,Absolut,517.2,63.69428571428572,360,22.799999999999955,337.20000000000005,0.0,False
2023-11-18,Anderson's Bar,Absolut,0.0,73.88571428571429,390,22.799999999999955,30.0,0.0,False
2023-11-19,Anderson's Bar,Absolut,0.0,73.88571428571429,390,360.0,0.0,0.0,False
2023-11-20,Anderson's Bar,Absolut,0.0,73.88571428571429,390,390.0,0.0,0.0,False
2023-11-21,Anderson's Bar,Absolut,0.0,73.88571428571429,390,390.0,0.0,0.0,False
2023-11-22,Anderson's Bar,Absolut,0.0,73.88571428571429,390,390.0,0.0,0.0,False
2023-11-23,Anderson's Bar,Absolut,0.0,73.88571428571429,390,390.0,0.0,0.0,False
2023-11-24,Anderson's Bar,Absolut,139.16,73.88571428571429,390,250.84,139.16,0.0,False
2023-11-25,Anderson's Bar,Absolut,0.0,19.88,270,250.84,0.0,0.0,False
2023-11-26,Anderson's Bar,Absolut,0.0,19.88,270,390.0,0.0,0.0,False
2023-11-27,Anderson's Bar,Absolut,0.0,19.88,270,390.0,0.0,0.0,False
2023-11-28,Anderson's Bar,Absolut,0.0,19.88,270,390.0,0.0,0.0,False
2023-11-29,Anderson's Bar,Absolut,0.0,19.88,270,390.0,0.0,0.0,False
2023-11-30,Anderson's Bar,Absolut,0.0,19.88,270,390.0,0.0,0.0,False
2023-12-01,Anderson's Bar,Absolut,0.0,19.88,270,390.0,0.0,0.0,False
2023-12-02,Anderson's Bar,Absolut,0.0,0.0,240,390.0,0.0,0.0,False
2023-12-03,Anderson's Bar,Absolut,0.0,0.0,240,390.0,0.0,0.0,False
2023-12-04,Anderson's Bar,Absolut,0.0,0.0,240,390.0,0.0,0.0,False
2023-12-05,Anderson's Bar,Absolut,0.0,0.0,240,390.0,0.0,0.0,False
2023-12-06,Anderson's Bar,Absolut,480.21,0.0,240,0.0,240.0,90.20999999999998,True
2023-12-07,Anderson's Bar,Absolut,504.45,68.60142857142857,390,0.0,150.0,504.45,True
2023-12-08,Anderson's Bar,Absolut,0.0,140.66571428571427,540,240.0,150.0,0.0,False
2023-12-09,Anderson's Bar,Absolut,0.0,140.66571428571427,540,390.0,0.0,0.0,False
2023-12-10,Anderson's Bar,Absolut,130.5,140.66571428571427,540,409.5,130.5,0.0,False
2023-12-11,Anderson's Bar,Absolut,0.0,159.3085714285714,570,409.5,30.0,0.0,False
2023-12-12,Anderson's Bar,Absolut,0.0,159.3085714285714,570,540.0,0.0,0.0,False
2023-12-13,Anderson's Bar,Absolut,0.0,159.3085714285714,570,570.0,0.0,0.0,False
2023-12-14,Anderson's Bar,Absolut,0.0,90.70714285714287,420,570.0,0.0,0.0,False
2023-12-15,Anderson's Bar,Absolut,0.0,18.642857142857142,270,570.0,0.0,0.0,False
2023-12-16,Anderson's Bar,Absolut,160.78,18.642857142857142,270,409.22,0.0,0.0,False
2023-12-17,Anderson's Bar,Absolut,0.0,41.61142857142857,330,409.22,0.0,0.0,False
2023-12-18,Anderson's Bar,Absolut,186.47,22.96857142857143,300,222.75000000000003,77.24999999999997,0.0,False
2023-12-19,Anderson's Bar,Absolut,0.0,49.607142857142854,330,222.75000000000003,30.0,0.0,False
2023-12-20,Anderson's Bar,Absolut,0.0,49.607142857142854,330,300.0,0.0,0.0,False
2023-12-21,Anderson's Bar,Absolut,0.0,49.607142857142854,330,330.0,0.0,0.0,False
2023-12-22,Anderson's Bar,Absolut,0.0,49.607142857142854,330,330.0,0.0,0.0,False
2023-12-23,Anderson's Bar,Absolut,0.0,49.607142857142854,330,330.0,0.0,0.0,False
2023-12-24,Anderson's Bar,Absolut,0.0,26.638571428571428,300,330.0,0.0,0.0,False
2023-12-25,Anderson's Bar,Absolut,0.0,26.638571428571428,300,330.0,0.0,0.0,False
2023-12-26,Anderson's Bar,Absolut,0.0,0.0,240,330.0,0.0,0.0,False
2023-12-27,Anderson's Bar,Absolut,0.0,0.0,240,330.0,0.0,0.0,False
2023-12-28,Anderson's Bar,Absolut,0.0,0.0,240,330.0,0.0,0.0,False
2023-12-29,Anderson's Bar,Absolut,0.0,0.0,240,330.0,0.0,0.0,False
2023-12-30,Anderson's Bar,Absolut,0.0,0.0,240,330.0,0.0,0.0,False
2023-12-31,Anderson's Bar,Absolut,0.0,0.0,240,330.0,0.0,0.0,False
2024-01-01,Anderson's Bar,Absolut,0.0,0.0,240,330.0,0.0,0.0,False
2023-10-21,Anderson's Bar,Bacardi,0.0,19.360000000000003,450,450.0,0.0,0.0,False
2023-10-22,Anderson's Bar,Bacardi,0.0,0.0,420,450.0,0.0,0.0,False
2023-10-23,Anderson's Bar,Bacardi,0.0,0.0,420,450.0,0.0,0.0,False
2023-10-24,Anderson's Bar,Bacardi,0.0,0.0,420,450.0,0.0,0.0,False
2023-10-25,Anderson's Bar,Bacardi,103.08,0.0,420,346.92,73.07999999999998,0.0,False
2023-10-26,Anderson's Bar,Bacardi,0.0,14.725714285714286,450,346.92,30.0,0.0,False
2023-10-27,Anderson's Bar,Bacardi,419.47,14.725714285714286,450,0.5299999999999727,419.47,0.0,False
2023-10-28,Anderson's Bar,Bacardi,0.0,74.65,570,30.529999999999973,120.0,0.0,False
2023-10-29,Anderson's Bar,Bacardi,0.0,74.65,570,450.0,0.0,0.0,False
2023-10-30,Anderson's Bar,Bacardi,0.0,74.65,570,570.0,0.0,0.0,False
2023-10-31,Anderson's Bar,Bacardi,0.0,74.65,570,570.0,0.0,0.0,False
2023-11-01,Anderson's Bar,Bacardi,0.0,74.65,570,570.0,0.0,0.0,False
2023-11-02,Anderson's Bar,Bacardi,0.0,59.924285714285716,540,570.0,0.0,0.0,False
2023-11-03,Anderson's Bar,Bacardi,0.0,59.924285714285716,540,570.0,0.0,0.0,False
2023-11-04,Anderson's Bar,Bacardi,462.03,0.0,420,107.97000000000003,312.03,0.0,False
2023-11-05,Anderson's Bar,Bacardi,0.0,66.00428571428571,540,107.97000000000003,120.0,0.0,False
2023-11-06,Anderson's Bar,Bacardi,0.0,66.00428571428571,540,420.0,0.0,0.0,False
2023-11-07,Anderson's Bar,Bacardi,0.0,66.00428571428571,540,540.0,0.0,0.0,False
2023-11-08,Anderson's Bar,Bacardi,0.0,66.00428571428571,540,540.0,0.0,0.0,False
2023-11-09,Anderson's Bar,Bacardi,0.0,66.00428571428571,540,540.0,0.0,0.0,False
2023-11-10,Anderson's Bar,Bacardi,0.0,66.00428571428571,540,540.0,0.0,0.0,False
2023-11-11,Anderson's Bar,Bacardi,0.0,66.00428571428571,540,540.0,0.0,0.0,False
2023-11-12,Anderson's Bar,Bacardi,0.0,0.0,420,540.0,0.0,0.0,False
2023-11-13,Anderson's Bar,Bacardi,0.0,0.0,420,540.0,0.0,0.0,False
2023-11-14,Anderson's Bar,Bacardi,0.0,0.0,420,540.0,0.0,0.0,False
2023-11-15,Anderson's Bar,Bacardi,0.0,0.0,420,540.0,0.0,0.0,False
2023-11-16,Anderson's Bar,Bacardi,0.0,0.0,420,540.0,0.0,0.0,False
2023-11-17,Anderson's Bar,Bacardi,0.0,0.0,420,540.0,0.0,0.0,False
2023-11-18,Anderson's Bar,Bacardi,0.0,0.0,420,540.0,0.0,0.0,False
2023-11-19,Anderson's Bar,Bacardi,0.0,0.0,420,540.0,0.0,0.0,False
2023-11-20,Anderson's Bar,Bacardi,0.0,0.0,420,540.0,0.0,0.0,False
2023-11-21,Anderson's Bar,Bacardi,0.0,0.0,420,540.0,0.0,0.0,False
2023-11-22,Anderson's Bar,Bacardi,0.0,0.0,420,540.0,0.0,0.0,False
2023-11-23,Anderson's Bar,Bacardi,0.0,0.0,420,540.0,0.0,0.0,False
2023-11-24,Anderson's Bar,Bacardi,0.0,0.0,420,540.0,0.0,0.0,False
2023-11-25,Anderson's Bar,Bacardi,0.0,0.0,420,540.0,0.0,0.0,False
2023-11-26,Anderson's Bar,Bacardi,0.0,0.0,420,540.0,0.0,0.0,False
2023-11-27,Anderson's Bar,Bacardi,0.0,0.0,420,540.0,0.0,0.0,False
2023-11-28,Anderson's Bar,Bacardi,0.0,0.0,420,540.0,0.0,0.0,False
2023-11-29,Anderson's Bar,Bacardi,0.0,0.0,420,540.0,0.0,0.0,False
2023-11-30,Anderson's Bar,Bacardi,447.39,0.0,420,92.61000000000001,327.39,0.0,False
2023-12-01,Anderson's Bar,Bacardi,0.0,63.91285714285714,540,92.61000000000001,120.0,0.0,False
2023-12-02,Anderson's Bar,Bacardi,0.0,63.91285714285714,540,420.0,0.0,0.0,False
2023-12-03,Anderson's Bar,Bacardi,253.14,63.91285714285714,540,286.86,253.14,0.0,False
2023-12-04,Anderson's Bar,Bacardi,0.0,100.07571428571428,630,286.86,90.0,0.0,False
2023-12-05,Anderson's Bar,Bacardi,0.0,100.07571428571428,630,540.0,0.0,0.0,False
2023-12-06,Anderson's Bar,Bacardi,0.0,100.07571428571428,630,630.0,0.0,0.0,False
2023-12-07,Anderson's Bar,Bacardi,385.4,100.07571428571428,630,244.60000000000002,385.4,0.0,False
2023-12-08,Anderson's Bar,Bacardi,0.0,91.22,600,244.60000000000002,0.0,0.0,False
2023-12-09,Anderson's Bar,Bacardi,0.0,91.22,600,630.0,0.0,0.0,False
2023-12-10,Anderson's Bar,Bacardi,323.19,91.22,600,306.81,293.19,0.0,False
2023-12-11,Anderson's Bar,Bacardi,0.0,101.22714285714285,630,306.81,30.0,0.0,False
2023-12-12,Anderson's Bar,Bacardi,0.0,101.22714285714285,630,600.0,0.0,0.0,False
2023-12-13,Anderson's Bar,Bacardi,0.0,101.22714285714285,630,630.0,0.0,0.0,False
2023-12-14,Anderson's Bar,Bacardi,0.0,101.22714285714285,630,630.0,0.0,0.0,False
2023-12-15,Anderson's Bar,Bacardi,0.0,46.17,510,630.0,0.0,0.0,False
2023-12-16,Anderson's Bar,Bacardi,0.0,46.17,510,630.0,0.0,0.0,False
2023-12-17,Anderson's Bar,Bacardi,0.0,46.17,510,630.0,0.0,0.0,False
2023-12-18,Anderson's Bar,Bacardi,0.0,0.0,420,630.0,0.0,0.0,False
2023-12-19,Anderson's Bar,Bacardi,0.0,0.0,420,630.0,0.0,0.0,False
2023-12-20,Anderson's Bar,Bacardi,0.0,0.0,420,630.0,0.0,0.0,False
2023-12-21,Anderson's Bar,Bacardi,0.0,0.0,420,630.0,0.0,0.0,False
2023-12-22,Anderson's Bar,Bacardi,0.0,0.0,420,630.0,0.0,0.0,False
2023-12-23,Anderson's Bar,Bacardi,517.0,0.0,420,113.0,307.0,0.0,False
2023-12-24,Anderson's Bar,Bacardi,0.0,73.85714285714286,570,113.0,150.0,0.0,False
2023-12-25,Anderson's Bar,Bacardi,0.0,73.85714285714286,570,420.0,0.0,0.0,False
2023-12-26,Anderson's Bar,Bacardi,0.0,73.85714285714286,570,570.0,0.0,0.0,False
2023-12-27,Anderson's Bar,Bacardi,319.29,73.85714285714286,570,250.70999999999998,319.29,0.0,False
2023-12-28,Anderson's Bar,Bacardi,475.96,119.47,660,0.0,340.71,225.25,True
2023-12-29,Anderson's Bar,Bacardi,502.15,187.46428571428572,810,0.0,469.29,182.85999999999996,True
2023-12-30,Anderson's Bar,Bacardi,0.0,259.2,930,340.71,120.0,0.0,False
2023-12-31,Anderson's Bar,Bacardi,498.25,185.34285714285716,780,311.75,348.25,0.0,False
2024-01-01,Anderson's Bar,Bacardi,0.0,256.5214285714286,930,431.75,150.0,0.0,False
2023-10-21,Anderson's Bar,Barefoot,0.0,56.74,540,540.0,0.0,0.0,False
2023-10-22,Anderson's Bar,Barefoot,0.0,113.67125,630,540.0,90.0,0.0,False
2023-10-23,Anderson's Bar,Barefoot,0.0,52.16,510,540.0,0.0,0.0,False
2023-10-24,Anderson's Bar,Barefoot,0.0,98.88749999999999,600,630.0,0.0,0.0,False
2023-10-25,Anderson's Bar,Barefoot,0.0,283.63,990,630.0,360.0,0.0,False
2023-10-26,Anderson's Bar,Barefoot,0.0,211.00875,840,630.0,0.0,0.0,False
2023-10-27,Anderson's Bar,Barefoot,0.0,203.03750000000002,810,990.0,0.0,0.0,False
2023-10-28,Anderson's Bar,Barefoot,0.0,56.74,540,990.0,0.0,0.0,False
2023-10-29,Anderson's Bar,Barefoot,0.0,113.67125000000001,630,990.0,0.0,0.0,False
2023-10-30,Anderson's Bar,Barefoot,0.0,52.16,510,990.0,0.0,0.0,False
2023-10-31,Anderson's Bar,Barefoot,0.0,98.88749999999999,600,990.0,0.0,0.0,False
2023-11-01,Anderson's Bar,Barefoot,0.0,283.63,990,990.0,0.0,0.0,False
2023-11-02,Anderson's Bar,Barefoot,0.0,211.00875,840,990.0,0.0,0.0,False
2023-11-03,Anderson's Bar,Barefoot,0.0,155.3375,720,990.0,0.0,0.0,False
2023-11-04,Anderson's Bar,Barefoot,0.0,56.74,540,990.0,0.0,0.0,False
2023-11-05,Anderson's Bar,Barefoot,349.94,113.67125000000001,630,640.06,0.0,0.0,False
2023-11-06,Anderson's Bar,Barefoot,0.0,52.16,510,640.06,0.0,0.0,False
2023-11-07,Anderson's Bar,Barefoot,0.0,60.4725,540,640.06,0.0,0.0,False
2023-11-08,Anderson's Bar,Barefoot,0.0,267.02625,960,640.06,319.94000000000005,0.0,False
2023-11-09,Anderson's Bar,Barefoot,0.0,211.00875,840,640.06,0.0,0.0,False
2023-11-10,Anderson's Bar,Barefoot,0.0,155.3375,720,960.0,0.0,0.0,False
2023-11-11,Anderson's Bar,Barefoot,0.0,56.74,540,960.0,0.0,0.0,False
2023-11-12,Anderson's Bar,Barefoot,573.65,157.41375000000002,720,386.35,333.65,0.0,False
2023-11-13,Anderson's Bar,Barefoot,0.0,52.16,510,386.35,0.0,0.0,False
2023-11-14,Anderson's Bar,Barefoot,0.0,0.0,420,720.0,0.0,0.0,False
2023-11-15,Anderson's Bar,Barefoot,0.0,195.27,810,720.0,90.0,0.0,False
2023-11-16,Anderson's Bar,Barefoot,231.8,143.36374999999998,690,488.2,111.79999999999995,0.0,False
2023-11-17,Anderson's Bar,Barefoot,0.0,95.38375,600,578.2,0.0,0.0,False
2023-11-18,Anderson's Bar,Barefoot,0.0,56.74,540,690.0,0.0,0.0,False
2023-11-19,Anderson's Bar,Barefoot,0.0,192.24874999999997,810,690.0,120.0,0.0,False
2023-11-20,Anderson's Bar,Barefoot,0.0,52.16,510,690.0,0.0,0.0,False
2023-11-21,Anderson's Bar,Barefoot,384.85,0.0,420,425.15,0.0,0.0,False
2023-11-22,Anderson's Bar,Barefoot,0.0,195.27,810,425.15,384.85,0.0,False
2023-11-23,Anderson's Bar,Barefoot,0.0,111.04374999999999,630,425.15,0.0,0.0,False
2023-11-24,Anderson's Bar,Barefoot,0.0,73.4925,570,810.0,0.0,0.0,False
2023-11-25,Anderson's Bar,Barefoot,0.0,56.74,540,810.0,0.0,0.0,False
2023-11-26,Anderson's Bar,Barefoot,0.0,147.1025,720,810.0,0.0,0.0,False
2023-11-27,Anderson's Bar,Barefoot,0.0,0.0,420,810.0,0.0,0.0,False
2023-11-28,Anderson's Bar,Barefoot,0.0,48.10625,510,810.0,0.0,0.0,False
2023-11-29,Anderson's Bar,Barefoot,0.0,130.895,690,810.0,0.0,0.0,False
2023-11-30,Anderson's Bar,Barefoot,250.5,111.04374999999999,630,559.5,70.5,0.0,False
2023-12-01,Anderson's Bar,Barefoot,0.0,73.4925,570,559.5,0.0,0.0,False
2023-12-02,Anderson's Bar,Barefoot,287.17,56.74,540,342.83,197.17000000000002,0.0,False
2023-12-03,Anderson's Bar,Barefoot,124.88,147.1025,720,217.95,304.88,0.0,False
2023-12-04,Anderson's Bar,Barefoot,0.0,0.0,420,415.12,0.0,0.0,False
2023-12-05,Anderson's Bar,Barefoot,0.0,48.10625,510,720.0,0.0,0.0,False
2023-12-06,Anderson's Bar,Barefoot,0.0,18.43375,450,720.0,0.0,0.0,False
2023-12-07,Anderson's Bar,Barefoot,0.0,142.35625,690,720.0,0.0,0.0,False
2023-12-08,Anderson's Bar,Barefoot,0.0,73.4925,570,720.0,0.0,0.0,False
2023-12-09,Anderson's Bar,Barefoot,275.74,92.63625,600,444.26,155.74,0.0,False
2023-12-10,Anderson's Bar,Barefoot,0.0,131.05875,690,444.26,90.0,0.0,False
2023-12-11,Anderson's Bar,Barefoot,0.0,0.0,420,600.0,0.0,0.0,False
2023-12-12,Anderson's Bar,Barefoot,513.52,48.10625,510,176.48000000000002,333.52,0.0,False
2023-12-13,Anderson's Bar,Barefoot,0.0,0.0,420,176.48000000000002,0.0,0.0,False
2023-12-14,Anderson's Bar,Barefoot,0.0,97.9925,600,510.0,90.0,0.0,False
2023-12-15,Anderson's Bar,Barefoot,0.0,73.4925,570,510.0,0.0,0.0,False
2023-12-16,Anderson's Bar,Barefoot,0.0,70.36375000000001,570,600.0,0.0,0.0,False
2023-12-17,Anderson's Bar,Barefoot,0.0,131.05874999999997,690,600.0,90.0,0.0,False
2023-12-18,Anderson's Bar,Barefoot,0.0,0.0,420,600.0,0.0,0.0,False
2023-12-19,Anderson's Bar,Barefoot,287.38,112.29625,630,402.62,227.38,0.0,False
2023-12-20,Anderson's Bar,Barefoot,0.0,0.0,420,402.62,0.0,0.0,False
2023-12-21,Anderson's Bar,Barefoot,0.0,60.2875,540,630.0,0.0,0.0,False
2023-12-22,Anderson's Bar,Barefoot,0.0,0.0,420,630.0,0.0,0.0,False
2023-12-23,Anderson's Bar,Barefoot,0.0,70.36375000000001,570,630.0,0.0,0.0,False
2023-12-24,Anderson's Bar,Barefoot,0.0,131.05874999999997,690,630.0,60.0,0.0,False
2023-12-25,Anderson's Bar,Barefoot,0.0,0.0,420,630.0,0.0,0.0,False
2023-12-26,Anderson's Bar,Barefoot,0.0,148.21875,720,690.0,30.0,0.0,False
2023-12-27,Anderson's Bar,Barefoot,194.55,0.0,420,495.45,0.0,0.0,False
2023-12-28,Anderson's Bar,Barefoot,0.0,60.2875,540,525.45,14.549999999999955,0.0,False
2023-12-29,Anderson's Bar,Barefoot,0.0,0.0,420,525.45,0.0,0.0,False
2023-12-30,Anderson's Bar,Barefoot,142.77,70.36375000000001,570,397.23,172.76999999999998,0.0,False
2023-12-31,Anderson's Bar,Barefoot,0.0,131.05874999999997,690,397.23,120.0,0.0,False
2024-01-01,Anderson's Bar,Barefoot,0.0,0.0,420,570.0,0.0,0.0,False
2023-10-21,Anderson's Bar,Budweiser,0.0,0.0,300,300.0,0.0,0.0,False
2023-10-22,Anderson's Bar,Budweiser,0.0,0.0,300,300.0,0.0,0.0,False
2023-10-23,Anderson's Bar,Budweiser,0.0,50.46,390,300.0,90.0,0.0,False
2023-10-24,Anderson's Bar,Budweiser,0.0,0.0,300,300.0,0.0,0.0,False
2023-10-25,Anderson's Bar,Budweiser,0.0,76.47375,450,390.0,60.0,0.0,False
2023-10-26,Anderson's Bar,Budweiser,0.0,73.49625,420,390.0,0.0,0.0,False
2023-10-27,Anderson's Bar,Budweiser,0.0,52.52625,390,450.0,0.0,0.0,False
2023-10-28,Anderson's Bar,Budweiser,0.0,0.0,300,450.0,0.0,0.0,False
2023-10-29,Anderson's Bar,Budweiser,0.0,0.0,300,450.0,0.0,0.0,False
2023-10-30,Anderson's Bar,Budweiser,0.0,0.0,300,450.0,0.0,0.0,False
2023-10-31,Anderson's Bar,Budweiser,0.0,0.0,300,450.0,0.0,0.0,False
2023-11-01,Anderson's Bar,Budweiser,0.0,76.47375,450,450.0,0.0,0.0,False
2023-11-02,Anderson's Bar,Budweiser,0.0,20.21,330,450.0,0.0,0.0,False
2023-11-03,Anderson's Bar,Budweiser,0.0,52.52625,390,450.0,0.0,0.0,False
2023-11-04,Anderson's Bar,Budweiser,0.0,0.0,300,450.0,0.0,0.0,False
2023-11-05,Anderson's Bar,Budweiser,0.0,0.0,300,450.0,0.0,0.0,False
2023-11-06,Anderson's Bar,Budweiser,0.0,0.0,300,450.0,0.0,0.0,False
2023-11-07,Anderson's Bar,Budweiser,0.0,0.0,300,450.0,0.0,0.0,False
2023-11-08,Anderson's Bar,Budweiser,0.0,76.47375,450,450.0,0.0,0.0,False
2023-11-09,Anderson's Bar,Budweiser,0.0,20.21,330,450.0,0.0,0.0,False
2023-11-10,Anderson's Bar,Budweiser,0.0,52.52625,390,450.0,0.0,0.0,False
2023-11-11,Anderson's Bar,Budweiser,0.0,0.0,300,450.0,0.0,0.0,False
2023-11-12,Anderson's Bar,Budweiser,0.0,0.0,300,450.0,0.0,0.0,False
2023-11-13,Anderson's Bar,Budweiser,0.0,0.0,300,450.0,0.0,0.0,False
2023-11-14,Anderson's Bar,Budweiser,0.0,0.0,300,450.0,0.0,0.0,False
2023-11-15,Anderson's Bar,Budweiser,0.0,76.47375,450,450.0,0.0,0.0,False
2023-11-16,Anderson's Bar,Budweiser,0.0,20.21,330,450.0,0.0,0.0,False
2023-11-17,Anderson's Bar,Budweiser,0.0,0.0,300,450.0,0.0,0.0,False
2023-11-18,Anderson's Bar,Budweiser,0.0,0.0,300,450.0,0.0,0.0,False
2023-11-19,Anderson's Bar,Budweiser,0.0,0.0,300,450.0,0.0,0.0,False
2023-11-20,Anderson's Bar,Budweiser,0.0,0.0,300,450.0,0.0,0.0,False
2023-11-21,Anderson's Bar,Budweiser,0.0,0.0,300,450.0,0.0,0.0,False
2023-11-22,Anderson's Bar,Budweiser,0.0,18.19375,330,450.0,0.0,0.0,False
2023-11-23,Anderson's Bar,Budweiser,0.0,20.21,330,450.0,0.0,0.0,False
2023-11-24,Anderson's Bar,Budweiser,0.0,0.0,300,450.0,0.0,0.0,False
2023-11-25,Anderson's Bar,Budweiser,0.0,0.0,300,450.0,0.0,0.0,False
2023-11-26,Anderson's Bar,Budweiser,0.0,0.0,300,450.0,0.0,0.0,False
2023-11-27,Anderson's Bar,Budweiser,0.0,0.0,300,450.0,0.0,0.0,False
2023-11-28,Anderson's Bar,Budweiser,0.0,0.0,300,450.0,0.0,0.0,False
2023-11-29,Anderson's Bar,Budweiser,0.0,0.0,300,450.0,0.0,0.0,False
2023-11-30,Anderson's Bar,Budweiser,0.0,0.0,300,450.0,0.0,0.0,False
2023-12-01,Anderson's Bar,Budweiser,0.0,0.0,300,450.0,0.0,0.0,False
2023-12-02,Anderson's Bar,Budweiser,0.0,0.0,300,450.0,0.0,0.0,False
2023-12-03,Anderson's Bar,Budweiser,0.0,0.0,300,450.0,0.0,0.0,False
2023-12-04,Anderson's Bar,Budweiser,0.0,0.0,300,450.0,0.0,0.0,False
2023-12-05,Anderson's Bar,Budweiser,0.0,0.0,300,450.0,0.0,0.0,False
2023-12-06,Anderson's Bar,Budweiser,0.0,0.0,300,450.0,0.0,0.0,False
2023-12-07,Anderson's Bar,Budweiser,0.0,0.0,300,450.0,0.0,0.0,False
2023-12-08,Anderson's Bar,Budweiser,0.0,0.0,300,450.0,0.0,0.0,False
2023-12-09,Anderson's Bar,Budweiser,0.0,0.0,300,450.0,0.0,0.0,False
2023-12-10,Anderson's Bar,Budweiser,0.0,0.0,300,450.0,0.0,0.0,False
2023-12-11,Anderson's Bar,Budweiser,0.0,0.0,300,450.0,0.0,0.0,False
2023-12-12,Anderson's Bar,Budweiser,0.0,0.0,300,450.0,0.0,0.0,False
2023-12-13,Anderson's Bar,Budweiser,0.0,0.0,300,450.0,0.0,0.0,False
2023-12-14,Anderson's Bar,Budweiser,0.0,0.0,300,450.0,0.0,0.0,False
2023-12-15,Anderson's Bar,Budweiser,0.0,0.0,300,450.0,0.0,0.0,False
2023-12-16,Anderson's Bar,Budweiser,0.0,0.0,300,450.0,0.0,0.0,False
2023-12-17,Anderson's Bar,Budweiser,0.0,0.0,300,450.0,0.0,0.0,False
2023-12-18,Anderson's Bar,Budweiser,0.0,0.0,300,450.0,0.0,0.0,False
2023-12-19,Anderson's Bar,Budweiser,0.0,0.0,300,450.0,0.0,0.0,False
2023-12-20,Anderson's Bar,Budweiser,0.0,0.0,300,450.0,0.0,0.0,False
2023-12-21,Anderson's Bar,Budweiser,0.0,0.0,300,450.0,0.0,0.0,False
2023-12-22,Anderson's Bar,Budweiser,0.0,0.0,300,450.0,0.0,0.0,False
2023-12-23,Anderson's Bar,Budweiser,0.0,0.0,300,450.0,0.0,0.0,False
2023-12-24,Anderson's Bar,Budweiser,0.0,0.0,300,450.0,0.0,0.0,False
2023-12-25,Anderson's Bar,Budweiser,0.0,0.0,300,450.0,0.0,0.0,False
2023-12-26,Anderson's Bar,Budweiser,0.0,0.0,300,450.0,0.0,0.0,False
2023-12-27,Anderson's Bar,Budweiser,0.0,0.0,300,450.0,0.0,0.0,False
2023-12-28,Anderson's Bar,Budweiser,0.0,0.0,300,450.0,0.0,0.0,False
2023-12-29,Anderson's Bar,Budweiser,0.0,0.0,300,450.0,0.0,0.0,False
2023-12-30,Anderson's Bar,Budweiser,0.0,0.0,300,450.0,0.0,0.0,False
2023-12-31,Anderson's Bar,Budweiser,0.0,0.0,300,450.0,0.0,0.0,False
2024-01-01,Anderson's Bar,Budweiser,0.0,0.0,300,450.0,0.0,0.0,False
2023-10-21,Anderson's Bar,Captain Morgan,0.0,146.575,720,720.0,0.0,0.0,False
2023-10-22,Anderson's Bar,Captain Morgan,0.0,244.8425,930,720.0,210.0,0.0,False
2023-10-23,Anderson's Bar,Captain Morgan,0.0,0.0,450,720.0,0.0,0.0,False
2023-10-24,Anderson's Bar,Captain Morgan,0.0,30.59625,510,930.0,0.0,0.0,False
2023-10-25,Anderson's Bar,Captain Morgan,0.0,145.31,720,930.0,0.0,0.0,False
2023-10-26,Anderson's Bar,Captain Morgan,0.0,53.0025,540,930.0,0.0,0.0,False
2023-10-27,Anderson's Bar,Captain Morgan,0.0,27.7375,480,930.0,0.0,0.0,False
2023-10-28,Anderson's Bar,Captain Morgan,502.89,146.575,720,427.11,292.89,0.0,False
2023-10-29,Anderson's Bar,Captain Morgan,0.0,244.8425,930,427.11,210.0,0.0,False
2023-10-30,Anderson's Bar,Captain Morgan,0.0,0.0,450,720.0,0.0,0.0,False
2023-10-31,Anderson's Bar,Captain Morgan,374.87,30.59625,510,555.13,0.0,0.0,False
2023-11-01,Anderson's Bar,Captain Morgan,0.0,145.31,720,555.13,164.87,0.0,False
2023-11-02,Anderson's Bar,Captain Morgan,0.0,53.0025,540,555.13,0.0,0.0,False
2023-11-03,Anderson's Bar,Captain Morgan,222.58,27.7375,480,497.41999999999996,0.0,0.0,False
2023-11-04,Anderson's Bar,Captain Morgan,0.0,209.43625,870,497.41999999999996,372.58000000000004,0.0,False
2023-11-05,Anderson's Bar,Captain Morgan,479.39,244.8425,930,18.029999999999973,539.39,0.0,False
2023-11-06,Anderson's Bar,Captain Morgan,0.0,0.0,450,390.61,0.0,0.0,False
2023-11-07,Anderson's Bar,Captain Morgan,269.92,77.455,600,660.0799999999999,0.0,0.0,False
2023-11-08,Anderson's Bar,Captain Morgan,459.83,145.31,720,200.24999999999994,519.75,0.0,False
2023-11-09,Anderson's Bar,Captain Morgan,0.0,53.0025,540,200.24999999999994,0.0,0.0,False
2023-11-10,Anderson's Bar,Captain Morgan,0.0,55.56,540,720.0,0.0,0.0,False
2023-11-11,Anderson's Bar,Captain Morgan,0.0,209.43624999999997,870,720.0,150.0,0.0,False
2023-11-12,Anderson's Bar,Captain Morgan,0.0,232.6375,900,720.0,30.0,0.0,False
2023-11-13,Anderson's Bar,Captain Morgan,0.0,0.0,450,870.0,0.0,0.0,False
2023-11-14,Anderson's Bar,Captain Morgan,0.0,111.195,660,900.0,0.0,0.0,False
2023-11-15,Anderson's Bar,Captain Morgan,0.0,202.78875,840,900.0,0.0,0.0,False
2023-11-16,Anderson's Bar,Captain Morgan,0.0,53.0025,540,900.0,0.0,0.0,False
2023-11-17,Anderson's Bar,Captain Morgan,0.0,55.56,540,900.0,0.0,0.0,False
2023-11-18,Anderson's Bar,Captain Morgan,120.09,209.43624999999997,870,779.91,90.09000000000003,0.0,False
2023-11-19,Anderson's Bar,Captain Morgan,164.6,232.6375,900,615.31,194.60000000000002,0.0,False
2023-11-20,Anderson's Bar,Captain Morgan,0.0,0.0,450,705.4,0.0,0.0,False
2023-11-21,Anderson's Bar,Captain Morgan,219.73,111.195,660,680.27,0.0,0.0,False
2023-11-22,Anderson's Bar,Captain Morgan,0.0,150.82999999999998,750,680.27,69.73000000000002,0.0,False
2023-11-23,Anderson's Bar,Captain Morgan,0.0,53.0025,540,680.27,0.0,0.0,False
2023-11-24,Anderson's Bar,Captain Morgan,138.81,55.56,540,611.19,0.0,0.0,False
2023-11-25,Anderson's Bar,Captain Morgan,0.0,224.4475,900,611.19,288.80999999999995,0.0,False
2023-11-26,Anderson's Bar,Captain Morgan,0.0,201.64875,840,611.19,0.0,0.0,False
2023-11-27,Anderson's Bar,Captain Morgan,0.0,0.0,450,900.0,0.0,0.0,False
2023-11-28,Anderson's Bar,Captain Morgan,0.0,108.065,660,900.0,0.0,0.0,False
2023-11-29,Anderson's Bar,Captain Morgan,0.0,150.82999999999998,750,900.0,0.0,0.0,False
2023-11-30,Anderson's Bar,Captain Morgan,0.0,53.0025,540,900.0,0.0,0.0,False
2023-12-01,Anderson's Bar,Captain Morgan,113.21,72.91125,570,786.79,0.0,0.0,False
2023-12-02,Anderson's Bar,Captain Morgan,0.0,149.70125,750,786.79,0.0,0.0,False
2023-12-03,Anderson's Bar,Captain Morgan,0.0,132.49625,690,786.79,0.0,0.0,False
2023-12-04,Anderson's Bar,Captain Morgan,0.0,0.0,450,786.79,0.0,0.0,False
2023-12-05,Anderson's Bar,Captain Morgan,0.0,108.065,660,786.79,0.0,0.0,False
2023-12-06,Anderson's Bar,Captain Morgan,0.0,57.47875,540,786.79,0.0,0.0,False
2023-12-07,Anderson's Bar,Captain Morgan,0.0,53.0025,540,786.79,0.0,0.0,False
2023-12-08,Anderson's Bar,Captain Morgan,0.0,87.0625,600,786.79,0.0,0.0,False
2023-12-09,Anderson's Bar,Captain Morgan,579.33,77.8725,600,207.45999999999992,392.5400000000001,0.0,False
2023-12-10,Anderson's Bar,Captain Morgan,0.0,132.49625,690,207.45999999999992,90.0,0.0,False
2023-12-11,Anderson's Bar,Captain Morgan,245.76,0.0,450,354.24,5.759999999999991,0.0,False
2023-12-12,Anderson's Bar,Captain Morgan,0.0,108.065,660,444.24,210.0,0.0,False
2023-12-13,Anderson's Bar,Captain Morgan,246.17,57.47875,540,203.83,126.16999999999996,0.0,False
2023-12-14,Anderson's Bar,Captain Morgan,0.0,53.0025,540,413.83000000000004,0.0,0.0,False
2023-12-15,Anderson's Bar,Captain Morgan,256.96,87.0625,600,283.04,316.96,0.0,False
2023-12-16,Anderson's Bar,Captain Morgan,0.0,150.28875,750,283.04,150.0,0.0,False
2023-12-17,Anderson's Bar,Captain Morgan,0.0,80.49875,600,600.0,0.0,0.0,False
2023-12-18,Anderson's Bar,Captain Morgan,291.35,30.72,510,458.65,51.35000000000002,0.0,False
2023-12-19,Anderson's Bar,Captain Morgan,278.88,108.065,660,179.76999999999998,428.88,0.0,False
2023-12-20,Anderson's Bar,Captain Morgan,0.0,88.25,600,231.12,0.0,0.0,False
2023-12-21,Anderson's Bar,Captain Morgan,0.0,0.0,450,660.0,0.0,0.0,False
2023-12-22,Anderson's Bar,Captain Morgan,0.0,91.445,630,660.0,0.0,0.0,False
2023-12-23,Anderson's Bar,Captain Morgan,0.0,150.28875,750,660.0,90.0,0.0,False
2023-12-24,Anderson's Bar,Captain Morgan,0.0,80.49875,600,660.0,0.0,0.0,False
2023-12-25,Anderson's Bar,Captain Morgan,0.0,67.13875,570,750.0,0.0,0.0,False
2023-12-26,Anderson's Bar,Captain Morgan,0.0,142.925,720,750.0,0.0,0.0,False
2023-12-27,Anderson's Bar,Captain Morgan,0.0,88.25,600,750.0,0.0,0.0,False
2023-12-28,Anderson's Bar,Captain Morgan,0.0,0.0,450,750.0,0.0,0.0,False
2023-12-29,Anderson's Bar,Captain Morgan,0.0,91.445,630,750.0,0.0,0.0,False
2023-12-30,Anderson's Bar,Captain Morgan,0.0,87.42750000000001,600,750.0,0.0,0.0,False
2023-12-31,Anderson's Bar,Captain Morgan,0.0,80.49875,600,750.0,0.0,0.0,False
2024-01-01,Anderson's Bar,Captain Morgan,0.0,67.13875,570,750.0,0.0,0.0,False
2023-10-21,Anderson's Bar,Coors,0.0,71.71000000000001,510,510.0,0.0,0.0,False
2023-10-22,Anderson's Bar,Coors,0.0,52.13285714285714,480,510.0,0.0,0.0,False
2023-10-23,Anderson's Bar,Coors,0.0,52.13285714285714,480,510.0,0.0,0.0,False
2023-10-24,Anderson's Bar,Coors,0.0,0.0,390,510.0,0.0,0.0,False
2023-10-25,Anderson's Bar,Coors,0.0,0.0,390,510.0,0.0,0.0,False
2023-10-26,Anderson's Bar,Coors,0.0,0.0,390,510.0,0.0,0.0,False
2023-10-27,Anderson's Bar,Coors,0.0,0.0,390,510.0,0.0,0.0,False
2023-10-28,Anderson's Bar,Coors,0.0,0.0,390,510.0,0.0,0.0,False
2023-10-29,Anderson's Bar,Coors,0.0,0.0,390,510.0,0.0,0.0,False
2023-10-30,Anderson's Bar,Coors,0.0,0.0,390,510.0,0.0,0.0,False
2023-10-31,Anderson's Bar,Coors,0.0,0.0,390,510.0,0.0,0.0,False
2023-11-01,Anderson's Bar,Coors,0.0,0.0,390,510.0,0.0,0.0,False
2023-11-02,Anderson's Bar,Coors,0.0,0.0,390,510.0,0.0,0.0,False
2023-11-03,Anderson's Bar,Coors,0.0,0.0,390,510.0,0.0,0.0,False
2023-11-04,Anderson's Bar,Coors,357.5,0.0,390,152.5,237.5,0.0,False
2023-11-05,Anderson's Bar,Coors,0.0,51.07142857142857,480,152.5,90.0,0.0,False
2023-11-06,Anderson's Bar,Coors,0.0,51.07142857142857,480,390.0,0.0,0.0,False
2023-11-07,Anderson's Bar,Coors,0.0,51.07142857142857,480,480.0,0.0,0.0,False
2023-11-08,Anderson's Bar,Coors,152.52,51.07142857142857,480,327.48,152.51999999999998,0.0,False
2023-11-09,Anderson's Bar,Coors,225.19,72.86,510,102.29000000000002,255.19,0.0,False
2023-11-10,Anderson's Bar,Coors,0.0,105.03,600,254.81,90.0,0.0,False
2023-11-11,Anderson's Bar,Coors,0.0,105.03,600,510.0,0.0,0.0,False
2023-11-12,Anderson's Bar,Coors,0.0,53.95857142857143,480,600.0,0.0,0.0,False
2023-11-13,Anderson's Bar,Coors,0.0,53.95857142857143,480,600.0,0.0,0.0,False
2023-11-14,Anderson's Bar,Coors,0.0,53.95857142857143,480,600.0,0.0,0.0,False
2023-11-15,Anderson's Bar,Coors,0.0,53.95857142857143,480,600.0,0.0,0.0,False
2023-11-16,Anderson's Bar,Coors,0.0,32.17,450,600.0,0.0,0.0,False
2023-11-17,Anderson's Bar,Coors,0.0,0.0,390,600.0,0.0,0.0,False
2023-11-18,Anderson's Bar,Coors,0.0,0.0,390,600.0,0.0,0.0,False
2023-11-19,Anderson's Bar,Coors,0.0,0.0,390,600.0,0.0,0.0,False
2023-11-20,Anderson's Bar,Coors,0.0,0.0,390,600.0,0.0,0.0,False
2023-11-21,Anderson's Bar,Coors,0.0,0.0,390,600.0,0.0,0.0,False
2023-11-22,Anderson's Bar,Coors,0.0,0.0,390,600.0,0.0,0.0,False
2023-11-23,Anderson's Bar,Coors,0.0,0.0,390,600.0,0.0,0.0,False
2023-11-24,Anderson's Bar,Coors,0.0,0.0,390,600.0,0.0,0.0,False
2023-11-25,Anderson's Bar,Coors,0.0,0.0,390,600.0,0.0,0.0,False
2023-11-26,Anderson's Bar,Coors,0.0,0.0,390,600.0,0.0,0.0,False
2023-11-27,Anderson's Bar,Coors,0.0,0.0,390,600.0,0.0,0.0,False
2023-11-28,Anderson's Bar,Coors,0.0,0.0,390,600.0,0.0,0.0,False
2023-11-29,Anderson's Bar,Coors,0.0,0.0,390,600.0,0.0,0.0,False
2023-11-30,Anderson's Bar,Coors,0.0,0.0,390,600.0,0.0,0.0,False
2023-12-01,Anderson's Bar,Coors,0.0,0.0,390,600.0,0.0,0.0,False
2023-12-02,Anderson's Bar,Coors,0.0,0.0,390,600.0,0.0,0.0,False
2023-12-03,Anderson's Bar,Coors,0.0,0.0,390,600.0,0.0,0.0,False
2023-12-04,Anderson's Bar,Coors,0.0,0.0,390,600.0,0.0,0.0,False
2023-12-05,Anderson's Bar,Coors,461.74,0.0,390,138.26,251.74,0.0,False
2023-12-06,Anderson's Bar,Coors,0.0,65.96285714285715,510,138.26,120.0,0.0,False
2023-12-07,Anderson's Bar,Coors,0.0,65.96285714285715,510,390.0,0.0,0.0,False
2023-12-08,Anderson's Bar,Coors,0.0,65.96285714285715,510,510.0,0.0,0.0,False
2023-12-09,Anderson's Bar,Coors,0.0,65.96285714285715,510,510.0,0.0,0.0,False
2023-12-10,Anderson's Bar,Coors,0.0,65.96285714285715,510,510.0,0.0,0.0,False
2023-12-11,Anderson's Bar,Coors,0.0,65.96285714285715,510,510.0,0.0,0.0,False
2023-12-12,Anderson's Bar,Coors,0.0,65.96285714285715,510,510.0,0.0,0.0,False
2023-12-13,Anderson's Bar,Coors,0.0,0.0,390,510.0,0.0,0.0,False
2023-12-14,Anderson's Bar,Coors,431.99,0.0,390,78.00999999999999,311.99,0.0,False
2023-12-15,Anderson's Bar,Coors,0.0,61.712857142857146,510,78.00999999999999,120.0,0.0,False
2023-12-16,Anderson's Bar,Coors,553.66,61.712857142857146,510,0.0,390.0,163.65999999999997,True
2023-12-17,Anderson's Bar,Coors,518.9,140.80714285714285,660,0.0,270.0,398.9,True
2023-12-18,Anderson's Bar,Coors,0.0,214.93571428571428,810,390.0,150.0,0.0,False
2023-12-19,Anderson's Bar,Coors,0.0,214.93571428571428,810,660.0,0.0,0.0,False
2023-12-20,Anderson's Bar,Coors,335.57,214.93571428571428,810,474.43,335.57,0.0,False
2023-12-21,Anderson's Bar,Coors,399.73,262.8742857142857,900,74.69999999999999,489.73,0.0,False
2023-12-22,Anderson's Bar,Coors,0.0,258.2657142857143,900,410.27,0.0,0.0,False
2023-12-23,Anderson's Bar,Coors,0.0,258.2657142857143,900,900.0,0.0,0.0,False
2023-12-24,Anderson's Bar,Coors,0.0,179.17142857142858,720,900.0,0.0,0.0,False
2023-12-25,Anderson's Bar,Coors,0.0,105.04285714285713,600,900.0,0.0,0.0,False
2023-12-26,Anderson's Bar,Coors,0.0,105.04285714285713,600,900.0,0.0,0.0,False
2023-12-27,Anderson's Bar,Coors,0.0,105.04285714285713,600,900.0,0.0,0.0,False
2023-12-28,Anderson's Bar,Coors,0.0,57.104285714285716,480,900.0,0.0,0.0,False
2023-12-29,Anderson's Bar,Coors,0.0,0.0,390,900.0,0.0,0.0,False
2023-12-30,Anderson's Bar,Coors,0.0,0.0,390,900.0,0.0,0.0,False
2023-12-31,Anderson's Bar,Coors,0.0,0.0,390,900.0,0.0,0.0,False
2024-01-01,Anderson's Bar,Coors,321.06,0.0,390,578.94,0.0,0.0,False
2023-10-21,Anderson's Bar,Grey Goose,0.0,0.0,390,390.0,0.0,0.0,False
2023-10-22,Anderson's Bar,Grey Goose,557.91,0.0,390,0.0,390.0,167.90999999999997,True
2023-10-23,Anderson's Bar,Grey Goose,0.0,79.70142857142856,540,0.0,150.0,0.0,False
2023-10-24,Anderson's Bar,Grey Goose,0.0,79.70142857142856,540,390.0,0.0,0.0,False
2023-10-25,Anderson's Bar,Grey Goose,0.0,79.70142857142856,540,540.0,0.0,0.0,False
2023-10-26,Anderson's Bar,Grey Goose,443.4,79.70142857142856,540,96.60000000000002,443.4,0.0,False
2023-10-27,Anderson's Bar,Grey Goose,0.0,143.0442857142857,660,96.60000000000002,120.0,0.0,False
2023-10-28,Anderson's Bar,Grey Goose,0.0,143.0442857142857,660,540.0,0.0,0.0,False
2023-10-29,Anderson's Bar,Grey Goose,0.0,143.0442857142857,660,660.0,0.0,0.0,False
2023-10-30,Anderson's Bar,Grey Goose,0.0,63.34285714285714,510,660.0,0.0,0.0,False
2023-10-31,Anderson's Bar,Grey Goose,0.0,63.34285714285714,510,660.0,0.0,0.0,False
2023-11-01,Anderson's Bar,Grey Goose,0.0,63.34285714285714,510,660.0,0.0,0.0,False
2023-11-02,Anderson's Bar,Grey Goose,0.0,63.34285714285714,510,660.0,0.0,0.0,False
2023-11-03,Anderson's Bar,Grey Goose,0.0,0.0,390,660.0,0.0,0.0,False
2023-11-04,Anderson's Bar,Grey Goose,0.0,0.0,390,660.0,0.0,0.0,False
2023-11-05,Anderson's Bar,Grey Goose,0.0,0.0,390,660.0,0.0,0.0,False
2023-11-06,Anderson's Bar,Grey Goose,0.0,0.0,390,660.0,0.0,0.0,False
2023-11-07,Anderson's Bar,Grey Goose,0.0,0.0,390,660.0,0.0,0.0,False
2023-11-08,Anderson's Bar,Grey Goose,552.25,0.0,390,107.75,282.25,0.0,False
2023-11-09,Anderson's Bar,Grey Goose,0.0,78.89285714285714,540,107.75,150.0,0.0,False
2023-11-10,Anderson's Bar,Grey Goose,0.0,78.89285714285714,540,390.0,0.0,0.0,False
2023-11-11,Anderson's Bar,Grey Goose,257.42,78.89285714285714,540,282.58,257.42,0.0,False
2023-11-12,Anderson's Bar,Grey Goose,332.37,115.66714285714286,630,0.0,372.58,49.79000000000002,True
2023-11-13,Anderson's Bar,Grey Goose,0.0,163.14857142857142,720,257.42,90.0,0.0,False
2023-11-14,Anderson's Bar,Grey Goose,0.0,163.14857142857142,720,630.0,0.0,0.0,False
2023-11-15,Anderson's Bar,Grey Goose,0.0,163.14857142857142,720,720.0,0.0,0.0,False
2023-11-16,Anderson's Bar,Grey Goose,0.0,84.25571428571428,540,720.0,0.0,0.0,False
2023-11-17,Anderson's Bar,Grey Goose,0.0,84.25571428571428,540,720.0,0.0,0.0,False
2023-11-18,Anderson's Bar,Grey Goose,0.0,84.25571428571428,540,720.0,0.0,0.0,False
2023-11-19,Anderson's Bar,Grey Goose,0.0,47.48142857142857,480,720.0,0.0,0.0,False
2023-11-20,Anderson's Bar,Grey Goose,0.0,0.0,390,720.0,0.0,0.0,False
2023-11-21,Anderson's Bar,Grey Goose,0.0,0.0,390,720.0,0.0,0.0,False
2023-11-22,Anderson's Bar,Grey Goose,0.0,0.0,390,720.0,0.0,0.0,False
2023-11-23,Anderson's Bar,Grey Goose,0.0,0.0,390,720.0,0.0,0.0,False
2023-11-24,Anderson's Bar,Grey Goose,0.0,0.0,390,720.0,0.0,0.0,False
2023-11-25,Anderson's Bar,Grey Goose,0.0,0.0,390,720.0,0.0,0.0,False
2023-11-26,Anderson's Bar,Grey Goose,0.0,0.0,390,720.0,0.0,0.0,False
2023-11-27,Anderson's Bar,Grey Goose,0.0,0.0,390,720.0,0.0,0.0,False
2023-11-28,Anderson's Bar,Grey Goose,0.0,0.0,390,720.0,0.0,0.0,False
2023-11-29,Anderson's Bar,Grey Goose,370.98,0.0,390,349.02,40.98000000000002,0.0,False
2023-11-30,Anderson's Bar,Grey Goose,0.0,52.99714285714286,480,349.02,90.0,0.0,False
2023-12-01,Anderson's Bar,Grey Goose,0.0,52.99714285714286,480,390.0,0.0,0.0,False
2023-12-02,Anderson's Bar,Grey Goose,214.98,52.99714285714286,480,265.02,214.98000000000002,0.0,False
2023-12-03,Anderson's Bar,Grey Goose,0.0,83.70857142857143,540,265.02,60.0,0.0,False
2023-12-04,Anderson's Bar,Grey Goose,137.56,83.70857142857143,540,342.44,137.56,0.0,False
2023-12-05,Anderson's Bar,Grey Goose,0.0,103.36,600,402.44,60.0,0.0,False
2023-12-06,Anderson's Bar,Grey Goose,0.0,103.36,600,540.0,0.0,0.0,False
2023-12-07,Anderson's Bar,Grey Goose,0.0,50.36285714285714,480,600.0,0.0,0.0,False
2023-12-08,Anderson's Bar,Grey Goose,0.0,50.36285714285714,480,600.0,0.0,0.0,False
2023-12-09,Anderson's Bar,Grey Goose,0.0,50.36285714285714,480,600.0,0.0,0.0,False
2023-12-10,Anderson's Bar,Grey Goose,0.0,19.65142857142857,420,600.0,0.0,0.0,False
2023-12-11,Anderson's Bar,Grey Goose,0.0,19.65142857142857,420,600.0,0.0,0.0,False
2023-12-12,Anderson's Bar,Grey Goose,0.0,0.0,390,600.0,0.0,0.0,False
2023-12-13,Anderson's Bar,Grey Goose,0.0,0.0,390,600.0,0.0,0.0,False
2023-12-14,Anderson's Bar,Grey Goose,0.0,0.0,390,600.0,0.0,0.0,False
2023-12-15,Anderson's Bar,Grey Goose,0.0,0.0,390,600.0,0.0,0.0,False
2023-12-16,Anderson's Bar,Grey Goose,0.0,0.0,390,600.0,0.0,0.0,False
2023-12-17,Anderson's Bar,Grey Goose,314.19,0.0,390,285.81,104.19,0.0,False
2023-12-18,Anderson's Bar,Grey Goose,0.0,44.88428571428572,480,285.81,90.0,0.0,False
2023-12-19,Anderson's Bar,Grey Goose,0.0,44.88428571428572,480,390.0,0.0,0.0,False
2023-12-20,Anderson's Bar,Grey Goose,0.0,44.88428571428572,480,480.0,0.0,0.0,False
2023-12-21,Anderson's Bar,Grey Goose,386.2,44.88428571428572,480,93.80000000000001,386.2,0.0,False
2023-12-22,Anderson's Bar,Grey Goose,0.0,100.05571428571429,570,93.80000000000001,90.0,0.0,False
2023-12-23,Anderson's Bar,Grey Goose,0.0,100.05571428571429,570,480.0,0.0,0.0,False
2023-12-24,Anderson's Bar,Grey Goose,0.0,100.05571428571429,570,570.0,0.0,0.0,False
2023-12-25,Anderson's Bar,Grey Goose,0.0,55.17142857142857,480,570.0,0.0,0.0,False
2023-12-26,Anderson's Bar,Grey Goose,0.0,55.17142857142857,480,570.0,0.0,0.0,False
2023-12-27,Anderson's Bar,Grey Goose,154.7,55.17142857142857,480,415.3,64.69999999999999,0.0,False
2023-12-28,Anderson's Bar,Grey Goose,0.0,77.27142857142857,540,415.3,60.0,0.0,False
2023-12-29,Anderson's Bar,Grey Goose,0.0,22.099999999999998,420,480.0,0.0,0.0,False
2023-12-30,Anderson's Bar,Grey Goose,0.0,22.099999999999998,420,540.0,0.0,0.0,False
2023-12-31,Anderson's Bar,Grey Goose,0.0,22.099999999999998,420,540.0,0.0,0.0,False
2024-01-01,Anderson's Bar,Grey Goose,0.0,22.099999999999998,420,540.0,0.0,0.0,False
2023-10-21,Anderson's Bar,Heineken,0.0,0.0,360,360.0,0.0,0.0,False
2023-10-22,Anderson's Bar,Heineken,0.0,0.0,360,360.0,0.0,0.0,False
2023-10-23,Anderson's Bar,Heineken,0.0,0.0,360,360.0,0.0,0.0,False
2023-10-24,Anderson's Bar,Heineken,0.0,0.0,360,360.0,0.0,0.0,False
2023-10-25,Anderson's Bar,Heineken,0.0,0.0,360,360.0,0.0,0.0,False
2023-10-26,Anderson's Bar,Heineken,0.0,0.0,360,360.0,0.0,0.0,False
2023-10-27,Anderson's Bar,Heineken,0.0,0.0,360,360.0,0.0,0.0,False
2023-10-28,Anderson's Bar,Heineken,0.0,0.0,360,360.0,0.0,0.0,False
2023-10-29,Anderson's Bar,Heineken,0.0,0.0,360,360.0,0.0,0.0,False
2023-10-30,Anderson's Bar,Heineken,0.0,0.0,360,360.0,0.0,0.0,False
2023-10-31,Anderson's Bar,Heineken,543.34,0.0,360,0.0,360.0,183.34000000000003,True
2023-11-01,Anderson's Bar,Heineken,0.0,77.62,510,0.0,150.0,0.0,False
2023-11-02,Anderson's Bar,Heineken,0.0,77.62,510,360.0,0.0,0.0,False
2023-11-03,Anderson's Bar,Heineken,0.0,77.62,510,510.0,0.0,0.0,False
2023-11-04,Anderson's Bar,Heineken,0.0,77.62,510,510.0,0.0,0.0,False
2023-11-05,Anderson's Bar,Heineken,0.0,77.62,510,510.0,0.0,0.0,False
2023-11-06,Anderson's Bar,Heineken,0.0,77.62,510,510.0,0.0,0.0,False
2023-11-07,Anderson's Bar,Heineken,0.0,77.62,510,510.0,0.0,0.0,False
2023-11-08,Anderson's Bar,Heineken,0.0,0.0,360,510.0,0.0,0.0,False
2023-11-09,Anderson's Bar,Heineken,0.0,0.0,360,510.0,0.0,0.0,False
2023-11-10,Anderson's Bar,Heineken,0.0,0.0,360,510.0,0.0,0.0,False
2023-11-11,Anderson's Bar,Heineken,0.0,0.0,360,510.0,0.0,0.0,False
2023-11-12,Anderson's Bar,Heineken,0.0,0.0,360,510.0,0.0,0.0,False
2023-11-13,Anderson's Bar,Heineken,0.0,0.0,360,510.0,0.0,0.0,False
2023-11-14,Anderson's Bar,Heineken,470.51,0.0,360,39.49000000000001,320.51,0.0,False
2023-11-15,Anderson's Bar,Heineken,0.0,67.21571428571428,480,39.49000000000001,120.0,0.0,False
2023-11-16,Anderson's Bar,Heineken,0.0,67.21571428571428,480,360.0,0.0,0.0,False
2023-11-17,Anderson's Bar,Heineken,0.0,67.21571428571428,480,480.0,0.0,0.0,False
2023-11-18,Anderson's Bar,Heineken,0.0,67.21571428571428,480,480.0,0.0,0.0,False
2023-11-19,Anderson's Bar,Heineken,0.0,67.21571428571428,480,480.0,0.0,0.0,False
2023-11-20,Anderson's Bar,Heineken,0.0,67.21571428571428,480,480.0,0.0,0.0,False
2023-11-21,Anderson's Bar,Heineken,0.0,67.21571428571428,480,480.0,0.0,0.0,False
2023-11-22,Anderson's Bar,Heineken,0.0,0.0,360,480.0,0.0,0.0,False
2023-11-23,Anderson's Bar,Heineken,0.0,0.0,360,480.0,0.0,0.0,False
2023-11-24,Anderson's Bar,Heineken,0.0,0.0,360,480.0,0.0,0.0,False
2023-11-25,Anderson's Bar,Heineken,0.0,0.0,360,480.0,0.0,0.0,False
2023-11-26,Anderson's Bar,Heineken,0.0,0.0,360,480.0,0.0,0.0,False
2023-11-27,Anderson's Bar,Heineken,0.0,0.0,360,480.0,0.0,0.0,False
2023-11-28,Anderson's Bar,Heineken,0.0,0.0,360,480.0,0.0,0.0,False
2023-11-29,Anderson's Bar,Heineken,0.0,0.0,360,480.0,0.0,0.0,False
2023-11-30,Anderson's Bar,Heineken,0.0,0.0,360,480.0,0.0,0.0,False
2023-12-01,Anderson's Bar,Heineken,0.0,0.0,360,480.0,0.0,0.0,False
2023-12-02,Anderson's Bar,Heineken,0.0,0.0,360,480.0,0.0,0.0,False
2023-12-03,Anderson's Bar,Heineken,0.0,0.0,360,480.0,0.0,0.0,False
2023-12-04,Anderson's Bar,Heineken,0.0,0.0,360,480.0,0.0,0.0,False
2023-12-05,Anderson's Bar,Heineken,0.0,0.0,360,480.0,0.0,0.0,False
2023-12-06,Anderson's Bar,Heineken,0.0,0.0,360,480.0,0.0,0.0,False
2023-12-07,Anderson's Bar,Heineken,0.0,0.0,360,480.0,0.0,0.0,False
2023-12-08,Anderson's Bar,Heineken,126.54,0.0,360,353.46,6.5400000000000205,0.0,False
2023-12-09,Anderson's Bar,Heineken,420.5,18.077142857142857,390,0.0,383.46,67.04000000000002,True
2023-12-10,Anderson's Bar,Heineken,0.0,78.14857142857143,510,6.5400000000000205,120.0,0.0,False
2023-12-11,Anderson's Bar,Heineken,0.0,78.14857142857143,510,390.0,0.0,0.0,False
2023-12-12,Anderson's Bar,Heineken,0.0,78.14857142857143,510,510.0,0.0,0.0,False
2023-12-13,Anderson's Bar,Heineken,380.92,78.14857142857143,510,129.07999999999998,380.92,0.0,False
2023-12-14,Anderson's Bar,Heineken,0.0,132.56571428571428,630,129.07999999999998,120.0,0.0,False
2023-12-15,Anderson's Bar,Heineken,0.0,132.56571428571428,630,510.0,0.0,0.0,False
2023-12-16,Anderson's Bar,Heineken,0.0,114.48857142857143,600,630.0,0.0,0.0,False
2023-12-17,Anderson's Bar,Heineken,0.0,54.417142857142856,480,630.0,0.0,0.0,False
2023-12-18,Anderson's Bar,Heineken,0.0,54.417142857142856,480,630.0,0.0,0.0,False
2023-12-19,Anderson's Bar,Heineken,0.0,54.417142857142856,480,630.0,0.0,0.0,False
2023-12-20,Anderson's Bar,Heineken,0.0,54.417142857142856,480,630.0,0.0,0.0,False
2023-12-21,Anderson's Bar,Heineken,0.0,0.0,360,630.0,0.0,0.0,False
2023-12-22,Anderson's Bar,Heineken,0.0,0.0,360,630.0,0.0,0.0,False
2023-12-23,Anderson's Bar,Heineken,581.16,0.0,360,48.84000000000003,311.15999999999997,0.0,False
2023-12-24,Anderson's Bar,Heineken,0.0,83.02285714285713,510,48.84000000000003,150.0,0.0,False
2023-12-25,Anderson's Bar,Heineken,0.0,83.02285714285713,510,360.0,0.0,0.0,False
2023-12-26,Anderson's Bar,Heineken,0.0,83.02285714285713,510,510.0,0.0,0.0,False
2023-12-27,Anderson's Bar,Heineken,0.0,83.02285714285713,510,510.0,0.0,0.0,False
2023-12-28,Anderson's Bar,Heineken,0.0,83.02285714285713,510,510.0,0.0,0.0,False
2023-12-29,Anderson's Bar,Heineken,0.0,83.02285714285713,510,510.0,0.0,0.0,False
2023-12-30,Anderson's Bar,Heineken,0.0,83.02285714285713,510,510.0,0.0,0.0,False
2023-12-31,Anderson's Bar,Heineken,385.5,0.0,360,124.5,235.5,0.0,False
2024-01-01,Anderson's Bar,Heineken,0.0,55.07142857142857,480,124.5,120.0,0.0,False
2023-10-21,Anderson's Bar,Jack Daniels,0.0,23.622857142857146,390,390.0,0.0,0.0,False
2023-10-22,Anderson's Bar,Jack Daniels,0.0,23.622857142857146,390,390.0,0.0,0.0,False
2023-10-23,Anderson's Bar,Jack Daniels,0.0,23.622857142857146,390,390.0,0.0,0.0,False
2023-10-24,Anderson's Bar,Jack Daniels,0.0,23.622857142857146,390,390.0,0.0,0.0,False
2023-10-25,Anderson's Bar,Jack Daniels,0.0,23.622857142857146,390,390.0,0.0,0.0,False
2023-10-26,Anderson's Bar,Jack Daniels,0.0,0.0,360,390.0,0.0,0.0,False
2023-10-27,Anderson's Bar,Jack Daniels,0.0,0.0,360,390.0,0.0,0.0,False
2023-10-28,Anderson's Bar,Jack Daniels,528.61,0.0,360,0.0,360.0,138.61,True
2023-10-29,Anderson's Bar,Jack Daniels,502.84,75.51571428571428,510,0.0,150.0,502.84,True
2023-10-30,Anderson's Bar,Jack Daniels,539.27,147.35,660,0.0,510.0,179.26999999999998,True
2023-10-31,Anderson's Bar,Jack Daniels,0.0,224.38857142857142,810,150.0,150.0,0.0,False
2023-11-01,Anderson's Bar,Jack Daniels,0.0,224.38857142857142,810,660.0,0.0,0.0,False
2023-11-02,Anderson's Bar,Jack Daniels,0.0,224.38857142857142,810,810.0,0.0,0.0,False
2023-11-03,Anderson's Bar,Jack Daniels,149.88,224.38857142857142,810,660.12,149.88,0.0,False
2023-11-04,Anderson's Bar,Jack Daniels,0.0,245.79999999999998,840,660.12,30.0,0.0,False
2023-11-05,Anderson's Bar,Jack Daniels,0.0,170.2842857142857,690,810.0,0.0,0.0,False
2023-11-06,Anderson's Bar,Jack Daniels,0.0,98.45,540,840.0,0.0,0.0,False
2023-11-07,Anderson's Bar,Jack Daniels,0.0,21.41142857142857,390,840.0,0.0,0.0,False
2023-11-08,Anderson's Bar,Jack Daniels,257.63,21.41142857142857,390,582.37,0.0,0.0,False
2023-11-09,Anderson's Bar,Jack Daniels,0.0,58.215714285714284,480,582.37,0.0,0.0,False
2023-11-10,Anderson's Bar,Jack Daniels,0.0,58.215714285714284,480,582.37,0.0,0.0,False
2023-11-11,Anderson's Bar,Jack Daniels,0.0,36.80428571428571,420,582.37,0.0,0.0,False
2023-11-12,Anderson's Bar,Jack Daniels,0.0,36.80428571428571,420,582.37,0.0,0.0,False
2023-11-13,Anderson's Bar,Jack Daniels,0.0,36.80428571428571,420,582.37,0.0,0.0,False
2023-11-14,Anderson's Bar,Jack Daniels,0.0,36.80428571428571,420,582.37,0.0,0.0,False
2023-11-15,Anderson's Bar,Jack Daniels,0.0,36.80428571428571,420,582.37,0.0,0.0,False
2023-11-16,Anderson's Bar,Jack Daniels,0.0,0.0,360,582.37,0.0,0.0,False
2023-11-17,Anderson's Bar,Jack Daniels,356.22,0.0,360,226.14999999999998,133.85000000000002,0.0,False
2023-11-18,Anderson's Bar,Jack Daniels,0.0,50.88857142857143,450,226.14999999999998,90.0,0.0,False
2023-11-19,Anderson's Bar,Jack Daniels,0.0,50.88857142857143,450,360.0,0.0,0.0,False
2023-11-20,Anderson's Bar,Jack Daniels,0.0,50.88857142857143,450,450.0,0.0,0.0,False
2023-11-21,Anderson's Bar,Jack Daniels,180.82,50.88857142857143,450,269.18,180.82,0.0,False
2023-11-22,Anderson's Bar,Jack Daniels,0.0,76.72,510,269.18,60.0,0.0,False
2023-11-23,Anderson's Bar,Jack Daniels,0.0,76.72,510,450.0,0.0,0.0,False
2023-11-24,Anderson's Bar,Jack Daniels,0.0,76.72,510,510.0,0.0,0.0,False
2023-11-25,Anderson's Bar,Jack Daniels,0.0,25.83142857142857,390,510.0,0.0,0.0,False
2023-11-26,Anderson's Bar,Jack Daniels,987.04,25.83142857142857,390,0.0,390.0,477.03999999999996,True
2023-11-27,Anderson's Bar,Jack Daniels,0.0,166.83714285714285,690,0.0,300.0,0.0,False
2023-11-28,Anderson's Bar,Jack Daniels,134.89,166.83714285714285,690,255.11,134.89,0.0,False
2023-11-29,Anderson's Bar,Jack Daniels,0.0,160.27571428571426,660,555.11,0.0,0.0,False
2023-11-30,Anderson's Bar,Jack Daniels,0.0,160.27571428571426,660,690.0,0.0,0.0,False
2023-12-01,Anderson's Bar,Jack Daniels,0.0,160.27571428571426,660,690.0,0.0,0.0,False
2023-12-02,Anderson's Bar,Jack Daniels,454.75,160.27571428571426,660,235.25,424.75,0.0,False
2023-12-03,Anderson's Bar,Jack Daniels,0.0,225.23999999999998,810,235.25,150.0,0.0,False
2023-12-04,Anderson's Bar,Jack Daniels,0.0,84.23428571428572,510,660.0,0.0,0.0,False
2023-12-05,Anderson's Bar,Jack Daniels,0.0,84.23428571428572,510,810.0,0.0,0.0,False
2023-12-06,Anderson's Bar,Jack Daniels,0.0,64.96428571428571,480,810.0,0.0,0.0,False
2023-12-07,Anderson's Bar,Jack Daniels,213.76,64.96428571428571,480,596.24,0.0,0.0,False
2023-12-08,Anderson's Bar,Jack Daniels,0.0,95.50142857142858,540,596.24,0.0,0.0,False
2023-12-09,Anderson's Bar,Jack Daniels,0.0,95.50142857142858,540,596.24,0.0,0.0,False
2023-12-10,Anderson's Bar,Jack Daniels,286.67,30.537142857142857,420,309.57,110.43,0.0,False
2023-12-11,Anderson's Bar,Jack Daniels,0.0,71.49,510,309.57,90.0,0.0,False
2023-12-12,Anderson's Bar,Jack Daniels,0.0,71.49,510,420.0,0.0,0.0,False
2023-12-13,Anderson's Bar,Jack Daniels,0.0,71.49,510,510.0,0.0,0.0,False
2023-12-14,Anderson's Bar,Jack Daniels,0.0,71.49,510,510.0,0.0,0.0,False
2023-12-15,Anderson's Bar,Jack Daniels,296.29,40.95285714285715,420,213.70999999999998,206.29000000000002,0.0,False
2023-12-16,Anderson's Bar,Jack Daniels,0.0,83.28,510,213.70999999999998,90.0,0.0,False
2023-12-17,Anderson's Bar,Jack Daniels,0.0,83.28,510,420.0,0.0,0.0,False
2023-12-18,Anderson's Bar,Jack Daniels,0.0,42.32714285714286,450,510.0,0.0,0.0,False
2023-12-19,Anderson's Bar,Jack Daniels,0.0,42.32714285714286,450,510.0,0.0,0.0,False
2023-12-20,Anderson's Bar,Jack Daniels,409.74,42.32714285714286,450,100.25999999999999,349.74,0.0,False
2023-12-21,Anderson's Bar,Jack Daniels,0.0,100.86142857142856,540,100.25999999999999,90.0,0.0,False
2023-12-22,Anderson's Bar,Jack Daniels,210.97,100.86142857142856,540,239.03,210.97000000000003,0.0,False
2023-12-23,Anderson's Bar,Jack Daniels,0.0,88.67285714285715,540,329.03,0.0,0.0,False
2023-12-24,Anderson's Bar,Jack Daniels,0.0,88.67285714285715,540,540.0,0.0,0.0,False
2023-12-25,Anderson's Bar,Jack Daniels,0.0,88.67285714285715,540,540.0,0.0,0.0,False
2023-12-26,Anderson's Bar,Jack Daniels,0.0,88.67285714285715,540,540.0,0.0,0.0,False
2023-12-27,Anderson's Bar,Jack Daniels,0.0,88.67285714285715,540,540.0,0.0,0.0,False
2023-12-28,Anderson's Bar,Jack Daniels,0.0,30.138571428571428,420,540.0,0.0,0.0,False
2023-12-29,Anderson's Bar,Jack Daniels,0.0,30.138571428571428,420,540.0,0.0,0.0,False
2023-12-30,Anderson's Bar,Jack Daniels,0.0,0.0,360,540.0,0.0,0.0,False
2023-12-31,Anderson's Bar,Jack Daniels,0.0,0.0,360,540.0,0.0,0.0,False
2024-01-01,Anderson's Bar,Jack Daniels,197.6,0.0,360,342.4,17.600000000000023,0.0,False
2023-10-21,Anderson's Bar,Jameson,0.0,22.509999999999998,450,450.0,0.0,0.0,False
2023-10-22,Anderson's Bar,Jameson,0.0,22.509999999999998,450,450.0,0.0,0.0,False
2023-10-23,Anderson's Bar,Jameson,215.32,0.0,390,234.68,155.32,0.0,False
2023-10-24,Anderson's Bar,Jameson,0.0,30.759999999999998,450,234.68,60.0,0.0,False
2023-10-25,Anderson's Bar,Jameson,0.0,30.759999999999998,450,390.0,0.0,0.0,False
2023-10-26,Anderson's Bar,Jameson,134.24,30.759999999999998,450,315.76,134.24,0.0,False
2023-10-27,Anderson's Bar,Jameson,0.0,49.93714285714286,510,315.76,60.0,0.0,False
2023-10-28,Anderson's Bar,Jameson,0.0,49.93714285714286,510,450.0,0.0,0.0,False
2023-10-29,Anderson's Bar,Jameson,0.0,49.93714285714286,510,510.0,0.0,0.0,False
2023-10-30,Anderson's Bar,Jameson,0.0,49.93714285714286,510,510.0,0.0,0.0,False
2023-10-31,Anderson's Bar,Jameson,0.0,19.177142857142858,420,510.0,0.0,0.0,False
2023-11-01,Anderson's Bar,Jameson,0.0,19.177142857142858,420,510.0,0.0,0.0,False
2023-11-02,Anderson's Bar,Jameson,0.0,19.177142857142858,420,510.0,0.0,0.0,False
2023-11-03,Anderson's Bar,Jameson,0.0,0.0,390,510.0,0.0,0.0,False
2023-11-04,Anderson's Bar,Jameson,482.49,0.0,390,27.50999999999999,362.49,0.0,False
2023-11-05,Anderson's Bar,Jameson,0.0,68.92714285714285,540,27.50999999999999,150.0,0.0,False
2023-11-06,Anderson's Bar,Jameson,0.0,68.92714285714285,540,390.0,0.0,0.0,False
2023-11-07,Anderson's Bar,Jameson,0.0,68.92714285714285,540,540.0,0.0,0.0,False
2023-11-08,Anderson's Bar,Jameson,0.0,68.92714285714285,540,540.0,0.0,0.0,False
2023-11-09,Anderson's Bar,Jameson,0.0,68.92714285714285,540,540.0,0.0,0.0,False
2023-11-10,Anderson's Bar,Jameson,0.0,68.92714285714285,540,540.0,0.0,0.0,False
2023-11-11,Anderson's Bar,Jameson,0.0,68.92714285714285,540,540.0,0.0,0.0,False
2023-11-12,Anderson's Bar,Jameson,0.0,0.0,390,540.0,0.0,0.0,False
2023-11-13,Anderson's Bar,Jameson,0.0,0.0,390,540.0,0.0,0.0,False
2023-11-14,Anderson's Bar,Jameson,195.42,0.0,390,344.58000000000004,45.41999999999996,0.0,False
2023-11-15,Anderson's Bar,Jameson,0.0,27.917142857142856,450,344.58000000000004,60.0,0.0,False
2023-11-16,Anderson's Bar,Jameson,0.0,27.917142857142856,450,390.0,0.0,0.0,False
2023-11-17,Anderson's Bar,Jameson,0.0,27.917142857142856,450,450.0,0.0,0.0,False
2023-11-18,Anderson's Bar,Jameson,0.0,27.917142857142856,450,450.0,0.0,0.0,False
2023-11-19,Anderson's Bar,Jameson,394.86,27.917142857142856,450,55.139999999999986,394.86,0.0,False
2023-11-20,Anderson's Bar,Jameson,0.0,84.32571428571428,570,55.139999999999986,120.0,0.0,False
2023-11-21,Anderson's Bar,Jameson,0.0,84.32571428571428,570,450.0,0.0,0.0,False
2023-11-22,Anderson's Bar,Jameson,0.0,56.40857142857143,510,570.0,0.0,0.0,False
2023-11-23,Anderson's Bar,Jameson,0.0,56.40857142857143,510,570.0,0.0,0.0,False
2023-11-24,Anderson's Bar,Jameson,422.5,56.40857142857143,510,147.5,362.5,0.0,False
2023-11-25,Anderson's Bar,Jameson,402.12,116.76571428571428,630,0.0,267.5,254.62,True
2023-11-26,Anderson's Bar,Jameson,0.0,174.21142857142857,750,362.5,120.0,0.0,False
2023-11-27,Anderson's Bar,Jameson,0.0,117.80285714285715,630,630.0,0.0,0.0,False
2023-11-28,Anderson's Bar,Jameson,0.0,117.80285714285715,630,750.0,0.0,0.0,False
2023-11-29,Anderson's Bar,Jameson,0.0,117.80285714285715,630,750.0,0.0,0.0,False
2023-11-30,Anderson's Bar,Jameson,0.0,117.80285714285715,630,750.0,0.0,0.0,False
2023-12-01,Anderson's Bar,Jameson,0.0,117.80285714285715,630,750.0,0.0,0.0,False
2023-12-02,Anderson's Bar,Jameson,0.0,57.44571428571429,510,750.0,0.0,0.0,False
2023-12-03,Anderson's Bar,Jameson,0.0,0.0,390,750.0,0.0,0.0,False
2023-12-04,Anderson's Bar,Jameson,0.0,0.0,390,750.0,0.0,0.0,False
2023-12-05,Anderson's Bar,Jameson,0.0,0.0,390,750.0,0.0,0.0,False
2023-12-06,Anderson's Bar,Jameson,0.0,0.0,390,750.0,0.0,0.0,False
2023-12-07,Anderson's Bar,Jameson,0.0,0.0,390,750.0,0.0,0.0,False
2023-12-08,Anderson's Bar,Jameson,0.0,0.0,390,750.0,0.0,0.0,False
2023-12-09,Anderson's Bar,Jameson,0.0,0.0,390,750.0,0.0,0.0,False
2023-12-10,Anderson's Bar,Jameson,0.0,0.0,390,750.0,0.0,0.0,False
2023-12-11,Anderson's Bar,Jameson,228.2,0.0,390,521.8,0.0,0.0,False
2023-12-12,Anderson's Bar,Jameson,0.0,32.6,450,521.8,0.0,0.0,False
2023-12-13,Anderson's Bar,Jameson,0.0,32.6,450,521.8,0.0,0.0,False
2023-12-14,Anderson's Bar,Jameson,102.39,32.6,450,419.40999999999997,30.590000000000032,0.0,False
2023-12-15,Anderson's Bar,Jameson,0.0,47.22714285714285,480,419.40999999999997,30.0,0.0,False
2023-12-16,Anderson's Bar,Jameson,0.0,47.22714285714285,480,450.0,0.0,0.0,False
2023-12-17,Anderson's Bar,Jameson,416.72,47.22714285714285,480,63.27999999999997,416.72,0.0,False
2023-12-18,Anderson's Bar,Jameson,0.0,106.75857142857141,600,63.27999999999997,120.0,0.0,False
2023-12-19,Anderson's Bar,Jameson,0.0,74.15857142857143,540,480.0,0.0,0.0,False
2023-12-20,Anderson's Bar,Jameson,0.0,74.15857142857143,540,600.0,0.0,0.0,False
2023-12-21,Anderson's Bar,Jameson,0.0,74.15857142857143,540,600.0,0.0,0.0,False
2023-12-22,Anderson's Bar,Jameson,0.0,59.53142857142858,510,600.0,0.0,0.0,False
2023-12-23,Anderson's Bar,Jameson,0.0,59.53142857142858,510,600.0,0.0,0.0,False
2023-12-24,Anderson's Bar,Jameson,0.0,59.53142857142858,510,600.0,0.0,0.0,False
2023-12-25,Anderson's Bar,Jameson,0.0,0.0,390,600.0,0.0,0.0,False
2023-12-26,Anderson's Bar,Jameson,0.0,0.0,390,600.0,0.0,0.0,False
2023-12-27,Anderson's Bar,Jameson,248.19,0.0,390,351.81,38.19,0.0,False
2023-12-28,Anderson's Bar,Jameson,0.0,35.455714285714286,480,351.81,90.0,0.0,False
2023-12-29,Anderson's Bar,Jameson,0.0,35.455714285714286,480,390.0,0.0,0.0,False
2023-12-30,Anderson's Bar,Jameson,474.96,35.455714285714286,480,5.0400000000000205,474.96,0.0,False
2023-12-31,Anderson's Bar,Jameson,0.0,103.30714285714285,600,5.0400000000000205,120.0,0.0,False
2024-01-01,Anderson's Bar,Jameson,0.0,103.30714285714285,600,480.0,0.0,0.0,False
2023-10-21,Anderson's Bar,Jim Beam,0.0,105.95142857142858,600,600.0,0.0,0.0,False
2023-10-22,Anderson's Bar,Jim Beam,0.0,105.95142857142858,600,600.0,0.0,0.0,False
2023-10-23,Anderson's Bar,Jim Beam,0.0,105.95142857142858,600,600.0,0.0,0.0,False
2023-10-24,Anderson's Bar,Jim Beam,0.0,40.31142857142857,480,600.0,0.0,0.0,False
2023-10-25,Anderson's Bar,Jim Beam,431.41,0.0,390,168.58999999999997,221.41000000000003,0.0,False
2023-10-26,Anderson's Bar,Jim Beam,0.0,61.63,510,168.58999999999997,120.0,0.0,False
2023-10-27,Anderson's Bar,Jim Beam,0.0,61.63,510,390.0,0.0,0.0,False
2023-10-28,Anderson's Bar,Jim Beam,0.0,61.63,510,510.0,0.0,0.0,False
2023-10-29,Anderson's Bar,Jim Beam,0.0,61.63,510,510.0,0.0,0.0,False
2023-10-30,Anderson's Bar,Jim Beam,0.0,61.63,510,510.0,0.0,0.0,False
2023-10-31,Anderson's Bar,Jim Beam,0.0,61.63,510,510.0,0.0,0.0,False
2023-11-01,Anderson's Bar,Jim Beam,0.0,61.63,510,510.0,0.0,0.0,False
2023-11-02,Anderson's Bar,Jim Beam,0.0,0.0,390,510.0,0.0,0.0,False
2023-11-03,Anderson's Bar,Jim Beam,0.0,0.0,390,510.0,0.0,0.0,False
2023-11-04,Anderson's Bar,Jim Beam,0.0,0.0,390,510.0,0.0,0.0,False
2023-11-05,Anderson's Bar,Jim Beam,564.96,0.0,390,0.0,390.0,54.960000000000036,True
2023-11-06,Anderson's Bar,Jim Beam,0.0,80.70857142857143,540,0.0,150.0,0.0,False
2023-11-07,Anderson's Bar,Jim Beam,0.0,80.70857142857143,540,390.0,0.0,0.0,False
2023-11-08,Anderson's Bar,Jim Beam,0.0,80.70857142857143,540,540.0,0.0,0.0,False
2023-11-09,Anderson's Bar,Jim Beam,0.0,80.70857142857143,540,540.0,0.0,0.0,False
2023-11-10,Anderson's Bar,Jim Beam,0.0,80.70857142857143,540,540.0,0.0,0.0,False
2023-11-11,Anderson's Bar,Jim Beam,0.0,80.70857142857143,540,540.0,0.0,0.0,False
2023-11-12,Anderson's Bar,Jim Beam,0.0,80.70857142857143,540,540.0,0.0,0.0,False
2023-11-13,Anderson's Bar,Jim Beam,563.96,0.0,390,0.0,390.0,23.960000000000036,True
2023-11-14,Anderson's Bar,Jim Beam,0.0,80.5657142857143,540,0.0,150.0,0.0,False
2023-11-15,Anderson's Bar,Jim Beam,207.93,80.5657142857143,540,182.07,207.93,0.0,False
2023-11-16,Anderson's Bar,Jim Beam,588.26,110.27000000000001,600,0.0,392.07,256.19,True
2023-11-17,Anderson's Bar,Jim Beam,0.0,194.30714285714288,780,207.93,180.0,0.0,False
2023-11-18,Anderson's Bar,Jim Beam,375.69,194.30714285714288,780,224.31,375.69,0.0,False
2023-11-19,Anderson's Bar,Jim Beam,0.0,247.97714285714287,870,404.31,90.0,0.0,False
2023-11-20,Anderson's Bar,Jim Beam,0.0,247.97714285714287,870,780.0,0.0,0.0,False
2023-11-21,Anderson's Bar,Jim Beam,0.0,167.4114285714286,720,870.0,0.0,0.0,False
2023-11-22,Anderson's Bar,Jim Beam,0.0,167.4114285714286,720,870.0,0.0,0.0,False
2023-11-23,Anderson's Bar,Jim Beam,0.0,137.70714285714286,660,870.0,0.0,0.0,False
2023-11-24,Anderson's Bar,Jim Beam,0.0,53.67,480,870.0,0.0,0.0,False
2023-11-25,Anderson's Bar,Jim Beam,0.0,53.67,480,870.0,0.0,0.0,False
2023-11-26,Anderson's Bar,Jim Beam,0.0,0.0,390,870.0,0.0,0.0,False
2023-11-27,Anderson's Bar,Jim Beam,0.0,0.0,390,870.0,0.0,0.0,False
2023-11-28,Anderson's Bar,Jim Beam,0.0,0.0,390,870.0,0.0,0.0,False
2023-11-29,Anderson's Bar,Jim Beam,459.61,0.0,390,410.39,0.0,0.0,False
2023-11-30,Anderson's Bar,Jim Beam,0.0,65.65857142857143,510,410.39,99.61000000000001,0.0,False
2023-12-01,Anderson's Bar,Jim Beam,411.97,65.65857142857143,510,0.0,410.39,1.580000000000041,True
2023-12-02,Anderson's Bar,Jim Beam,0.0,124.51142857142858,630,99.61000000000001,120.0,0.0,False
2023-12-03,Anderson's Bar,Jim Beam,0.0,124.51142857142858,630,510.0,0.0,0.0,False
2023-12-04,Anderson's Bar,Jim Beam,253.15,124.51142857142858,630,376.85,253.14999999999998,0.0,False
2023-12-05,Anderson's Bar,Jim Beam,0.0,160.6757142857143,720,376.85,90.0,0.0,False
2023-12-06,Anderson's Bar,Jim Beam,0.0,160.6757142857143,720,630.0,0.0,0.0,False
2023-12-07,Anderson's Bar,Jim Beam,0.0,95.01714285714286,570,720.0,0.0,0.0,False
2023-12-08,Anderson's Bar,Jim Beam,181.11,95.01714285714286,570,538.89,31.110000000000014,0.0,False
2023-12-09,Anderson's Bar,Jim Beam,0.0,62.037142857142854,510,538.89,0.0,0.0,False
2023-12-10,Anderson's Bar,Jim Beam,0.0,62.037142857142854,510,570.0,0.0,0.0,False
2023-12-11,Anderson's Bar,Jim Beam,0.0,62.037142857142854,510,570.0,0.0,0.0,False
2023-12-12,Anderson's Bar,Jim Beam,0.0,25.872857142857146,450,570.0,0.0,0.0,False
2023-12-13,Anderson's Bar,Jim Beam,526.95,25.872857142857146,450,43.049999999999955,406.95000000000005,0.0,False
2023-12-14,Anderson's Bar,Jim Beam,0.0,101.15142857142858,600,43.049999999999955,150.0,0.0,False
2023-12-15,Anderson's Bar,Jim Beam,0.0,101.15142857142858,600,450.0,0.0,0.0,False
2023-12-16,Anderson's Bar,Jim Beam,0.0,75.27857142857144,540,600.0,0.0,0.0,False
2023-12-17,Anderson's Bar,Jim Beam,0.0,75.27857142857144,540,600.0,0.0,0.0,False
2023-12-18,Anderson's Bar,Jim Beam,0.0,75.27857142857144,540,600.0,0.0,0.0,False
2023-12-19,Anderson's Bar,Jim Beam,582.53,75.27857142857144,540,17.470000000000027,522.53,0.0,False
2023-12-20,Anderson's Bar,Jim Beam,0.0,158.49714285714285,690,17.470000000000027,150.0,0.0,False
2023-12-21,Anderson's Bar,Jim Beam,0.0,83.21857142857142,540,540.0,0.0,0.0,False
2023-12-22,Anderson's Bar,Jim Beam,0.0,83.21857142857142,540,690.0,0.0,0.0,False
2023-12-23,Anderson's Bar,Jim Beam,500.0,83.21857142857142,540,190.0,350.0,0.0,False
2023-12-24,Anderson's Bar,Jim Beam,255.12,154.64714285714285,690,0.0,340.0,65.12,True
2023-12-25,Anderson's Bar,Jim Beam,0.0,191.09285714285716,780,350.0,90.0,0.0,False
2023-12-26,Anderson's Bar,Jim Beam,425.97,191.09285714285716,780,264.03,425.97,0.0,False
2023-12-27,Anderson's Bar,Jim Beam,0.0,168.72714285714287,720,354.03,0.0,0.0,False
2023-12-28,Anderson's Bar,Jim Beam,582.97,168.72714285714287,720,197.02999999999997,522.97,0.0,False
2023-12-29,Anderson's Bar,Jim Beam,0.0,252.00857142857146,900,197.02999999999997,180.0,0.0,False
2023-12-30,Anderson's Bar,Jim Beam,0.0,252.00857142857146,900,720.0,0.0,0.0,False
2023-12-31,Anderson's Bar,Jim Beam,100.44,180.57999999999998,750,799.56,0.0,0.0,False
2024-01-01,Anderson's Bar,Jim Beam,0.0,158.48285714285717,690,799.56,0.0,0.0,False
2023-10-21,Anderson's Bar,Malibu,0.0,81.16857142857144,480,480.0,0.0,0.0,False
2023-10-22,Anderson's Bar,Malibu,0.0,81.16857142857144,480,480.0,0.0,0.0,False
2023-10-23,Anderson's Bar,Malibu,506.65,81.16857142857144,480,0.0,480.0,26.649999999999977,True
2023-10-24,Anderson's Bar,Malibu,0.0,153.54714285714286,630,0.0,150.0,0.0,False
2023-10-25,Anderson's Bar,Malibu,0.0,112.23857142857142,540,480.0,0.0,0.0,False
2023-10-26,Anderson's Bar,Malibu,0.0,72.37857142857142,480,630.0,0.0,0.0,False
2023-10-27,Anderson's Bar,Malibu,0.0,72.37857142857142,480,630.0,0.0,0.0,False
2023-10-28,Anderson's Bar,Malibu,0.0,72.37857142857142,480,630.0,0.0,0.0,False
2023-10-29,Anderson's Bar,Malibu,0.0,72.37857142857142,480,630.0,0.0,0.0,False
2023-10-30,Anderson's Bar,Malibu,471.11,72.37857142857142,480,158.89,321.11,0.0,False
2023-10-31,Anderson's Bar,Malibu,0.0,67.30142857142857,450,158.89,0.0,0.0,False
2023-11-01,Anderson's Bar,Malibu,289.48,67.30142857142857,450,190.51999999999998,259.48,0.0,False
2023-11-02,Anderson's Bar,Malibu,0.0,108.6557142857143,540,190.51999999999998,90.0,0.0,False
2023-11-03,Anderson's Bar,Malibu,0.0,108.6557142857143,540,450.0,0.0,0.0,False
2023-11-04,Anderson's Bar,Malibu,0.0,108.6557142857143,540,540.0,0.0,0.0,False
2023-11-05,Anderson's Bar,Malibu,0.0,108.6557142857143,540,540.0,0.0,0.0,False
2023-11-06,Anderson's Bar,Malibu,85.65,108.6557142857143,540,454.35,85.64999999999998,0.0,False
2023-11-07,Anderson's Bar,Malibu,0.0,53.589999999999996,420,454.35,0.0,0.0,False
2023-11-08,Anderson's Bar,Malibu,0.0,53.589999999999996,420,540.0,0.0,0.0,False
2023-11-09,Anderson's Bar,Malibu,0.0,12.235714285714286,330,540.0,0.0,0.0,False
2023-11-10,Anderson's Bar,Malibu,0.0,12.235714285714286,330,540.0,0.0,0.0,False
2023-11-11,Anderson's Bar,Malibu,0.0,12.235714285714286,330,540.0,0.0,0.0,False
2023-11-12,Anderson's Bar,Malibu,0.0,12.235714285714286,330,540.0,0.0,0.0,False
2023-11-13,Anderson's Bar,Malibu,0.0,12.235714285714286,330,540.0,0.0,0.0,False
2023-11-14,Anderson's Bar,Malibu,0.0,0.0,330,540.0,0.0,0.0,False
2023-11-15,Anderson's Bar,Malibu,0.0,0.0,330,540.0,0.0,0.0,False
2023-11-16,Anderson's Bar,Malibu,0.0,0.0,330,540.0,0.0,0.0,False
2023-11-17,Anderson's Bar,Malibu,0.0,0.0,330,540.0,0.0,0.0,False
2023-11-18,Anderson's Bar,Malibu,0.0,0.0,330,540.0,0.0,0.0,False
2023-11-19,Anderson's Bar,Malibu,0.0,0.0,330,540.0,0.0,0.0,False
2023-11-20,Anderson's Bar,Malibu,0.0,0.0,330,540.0,0.0,0.0,False
2023-11-21,Anderson's Bar,Malibu,0.0,0.0,330,540.0,0.0,0.0,False
2023-11-22,Anderson's Bar,Malibu,0.0,0.0,330,540.0,0.0,0.0,False
2023-11-23,Anderson's Bar,Malibu,0.0,0.0,330,540.0,0.0,0.0,False
2023-11-24,Anderson's Bar,Malibu,0.0,0.0,330,540.0,0.0,0.0,False
2023-11-25,Anderson's Bar,Malibu,0.0,0.0,330,540.0,0.0,0.0,False
2023-11-26,Anderson's Bar,Malibu,0.0,0.0,330,540.0,0.0,0.0,False
2023-11-27,Anderson's Bar,Malibu,0.0,0.0,330,540.0,0.0,0.0,False
2023-11-28,Anderson's Bar,Malibu,0.0,0.0,330,540.0,0.0,0.0,False
2023-11-29,Anderson's Bar,Malibu,0.0,0.0,330,540.0,0.0,0.0,False
2023-11-30,Anderson's Bar,Malibu,0.0,0.0,330,540.0,0.0,0.0,False
2023-12-01,Anderson's Bar,Malibu,0.0,0.0,330,540.0,0.0,0.0,False
2023-12-02,Anderson's Bar,Malibu,0.0,0.0,330,540.0,0.0,0.0,False
2023-12-03,Anderson's Bar,Malibu,0.0,0.0,330,540.0,0.0,0.0,False
2023-12-04,Anderson's Bar,Malibu,0.0,0.0,330,540.0,0.0,0.0,False
2023-12-05,Anderson's Bar,Malibu,0.0,0.0,330,540.0,0.0,0.0,False
2023-12-06,Anderson's Bar,Malibu,0.0,0.0,330,540.0,0.0,0.0,False
2023-12-07,Anderson's Bar,Malibu,0.0,0.0,330,540.0,0.0,0.0,False
2023-12-08,Anderson's Bar,Malibu,0.0,0.0,330,540.0,0.0,0.0,False
2023-12-09,Anderson's Bar,Malibu,0.0,0.0,330,540.0,0.0,0.0,False
2023-12-10,Anderson's Bar,Malibu,0.0,0.0,330,540.0,0.0,0.0,False
2023-12-11,Anderson's Bar,Malibu,0.0,0.0,330,540.0,0.0,0.0,False
2023-12-12,Anderson's Bar,Malibu,0.0,0.0,330,540.0,0.0,0.0,False
2023-12-13,Anderson's Bar,Malibu,0.0,0.0,330,540.0,0.0,0.0,False
2023-12-14,Anderson's Bar,Malibu,0.0,0.0,330,540.0,0.0,0.0,False
2023-12-15,Anderson's Bar,Malibu,0.0,0.0,330,540.0,0.0,0.0,False
2023-12-16,Anderson's Bar,Malibu,0.0,0.0,330,540.0,0.0,0.0,False
2023-12-17,Anderson's Bar,Malibu,0.0,0.0,330,540.0,0.0,0.0,False
2023-12-18,Anderson's Bar,Malibu,0.0,0.0,330,540.0,0.0,0.0,False
2023-12-19,Anderson's Bar,Malibu,0.0,0.0,330,540.0,0.0,0.0,False
2023-12-20,Anderson's Bar,Malibu,0.0,0.0,330,540.0,0.0,0.0,False
2023-12-21,Anderson's Bar,Malibu,0.0,0.0,330,540.0,0.0,0.0,False
2023-12-22,Anderson's Bar,Malibu,0.0,0.0,330,540.0,0.0,0.0,False
2023-12-23,Anderson's Bar,Malibu,0.0,0.0,330,540.0,0.0,0.0,False
2023-12-24,Anderson's Bar,Malibu,0.0,0.0,330,540.0,0.0,0.0,False
2023-12-25,Anderson's Bar,Malibu,0.0,0.0,330,540.0,0.0,0.0,False
2023-12-26,Anderson's Bar,Malibu,0.0,0.0,330,540.0,0.0,0.0,False
2023-12-27,Anderson's Bar,Malibu,0.0,0.0,330,540.0,0.0,0.0,False
2023-12-28,Anderson's Bar,Malibu,0.0,0.0,330,540.0,0.0,0.0,False
2023-12-29,Anderson's Bar,Malibu,0.0,0.0,330,540.0,0.0,0.0,False
2023-12-30,Anderson's Bar,Malibu,0.0,0.0,330,540.0,0.0,0.0,False
2023-12-31,Anderson's Bar,Malibu,0.0,0.0,330,540.0,0.0,0.0,False
2024-01-01,Anderson's Bar,Malibu,175.05,0.0,330,364.95,0.0,0.0,False
2023-10-21,Anderson's Bar,Miller,0.0,155.19625,720,720.0,0.0,0.0,False
2023-10-22,Anderson's Bar,Miller,0.0,77.66875,540,720.0,0.0,0.0,False
2023-10-23,Anderson's Bar,Miller,0.0,36.37,480,720.0,0.0,0.0,False
2023-10-24,Anderson's Bar,Miller,0.0,187.54000000000002,780,720.0,60.0,0.0,False
2023-10-25,Anderson's Bar,Miller,0.0,56.305,510,720.0,0.0,0.0,False
2023-10-26,Anderson's Bar,Miller,0.0,65.385,540,780.0,0.0,0.0,False
2023-10-27,Anderson's Bar,Miller,0.0,25.63375,450,780.0,0.0,0.0,False
2023-10-28,Anderson's Bar,Miller,0.0,155.19625,720,780.0,0.0,0.0,False
2023-10-29,Anderson's Bar,Miller,0.0,59.2475,510,780.0,0.0,0.0,False
2023-10-30,Anderson's Bar,Miller,0.0,36.37,480,780.0,0.0,0.0,False
2023-10-31,Anderson's Bar,Miller,0.0,146.28750000000002,690,780.0,0.0,0.0,False
2023-11-01,Anderson's Bar,Miller,0.0,56.305,510,780.0,0.0,0.0,False
2023-11-02,Anderson's Bar,Miller,204.35,65.385,540,575.65,0.0,0.0,False
2023-11-03,Anderson's Bar,Miller,0.0,25.63375,450,575.65,0.0,0.0,False
2023-11-04,Anderson's Bar,Miller,0.0,108.07624999999999,600,575.65,24.350000000000023,0.0,False
2023-11-05,Anderson's Bar,Miller,0.0,59.2475,510,575.65,0.0,0.0,False
2023-11-06,Anderson's Bar,Miller,0.0,36.37,480,600.0,0.0,0.0,False
2023-11-07,Anderson's Bar,Miller,0.0,113.26625000000001,630,600.0,30.0,0.0,False
2023-11-08,Anderson's Bar,Miller,0.0,56.305,510,600.0,0.0,0.0,False
2023-11-09,Anderson's Bar,Miller,0.0,90.92875000000001,570,630.0,0.0,0.0,False
2023-11-10,Anderson's Bar,Miller,0.0,25.63375,450,630.0,0.0,0.0,False
2023-11-11,Anderson's Bar,Miller,0.0,50.06625,510,630.0,0.0,0.0,False
2023-11-12,Anderson's Bar,Miller,134.19,59.2475,510,495.81,14.189999999999998,0.0,False
2023-11-13,Anderson's Bar,Miller,0.0,36.37,480,495.81,0.0,0.0,False
2023-11-14,Anderson's Bar,Miller,0.0,63.80875,540,510.0,30.0,0.0,False
2023-11-15,Anderson's Bar,Miller,0.0,0.0,390,510.0,0.0,0.0,False
2023-11-16,Anderson's Bar,Miller,0.0,90.92875000000001,570,540.0,30.0,0.0,False
2023-11-17,Anderson's Bar,Miller,0.0,25.63375,450,540.0,0.0,0.0,False
2023-11-18,Anderson's Bar,Miller,46.23,50.06625,510,523.77,0.0,0.0,False
2023-11-19,Anderson's Bar,Miller,0.0,76.02125000000001,540,523.77,16.230000000000018,0.0,False
2023-11-20,Anderson's Bar,Miller,0.0,0.0,390,523.77,0.0,0.0,False
2023-11-21,Anderson's Bar,Miller,0.0,63.80875,540,540.0,0.0,0.0,False
2023-11-22,Anderson's Bar,Miller,0.0,0.0,390,540.0,0.0,0.0,False
2023-11-23,Anderson's Bar,Miller,0.0,90.92875000000001,570,540.0,30.0,0.0,False
2023-11-24,Anderson's Bar,Miller,0.0,25.63375,450,540.0,0.0,0.0,False
2023-11-25,Anderson's Bar,Miller,0.0,55.845,510,570.0,0.0,0.0,False
2023-11-26,Anderson's Bar,Miller,828.93,76.02125000000001,540,0.0,540.0,258.92999999999995,True
2023-11-27,Anderson's Bar,Miller,0.0,0.0,390,0.0,0.0,0.0,False
2023-11-28,Anderson's Bar,Miller,0.0,63.80875,540,540.0,0.0,0.0,False
2023-11-29,Anderson's Bar,Miller,0.0,0.0,390,540.0,0.0,0.0,False
2023-11-30,Anderson's Bar,Miller,421.43,90.92875000000001,570,118.57,451.43,0.0,False
2023-12-01,Anderson's Bar,Miller,0.0,25.63375,450,118.57,0.0,0.0,False
2023-12-02,Anderson's Bar,Miller,0.0,55.845,510,570.0,0.0,0.0,False
2023-12-03,Anderson's Bar,Miller,0.0,179.6375,750,570.0,180.0,0.0,False
2023-12-04,Anderson's Bar,Miller,0.0,0.0,390,570.0,0.0,0.0,False
2023-12-05,Anderson's Bar,Miller,0.0,0.0,390,750.0,0.0,0.0,False
2023-12-06,Anderson's Bar,Miller,0.0,0.0,390,750.0,0.0,0.0,False
2023-12-07,Anderson's Bar,Miller,0.0,143.60750000000002,690,750.0,0.0,0.0,False
2023-12-08,Anderson's Bar,Miller,0.0,0.0,390,750.0,0.0,0.0,False
2023-12-09,Anderson's Bar,Miller,0.0,5.77875,420,750.0,0.0,0.0,False
2023-12-10,Anderson's Bar,Miller,0.0,120.38999999999999,630,750.0,0.0,0.0,False
2023-12-11,Anderson's Bar,Miller,389.43,0.0,390,360.57,29.430000000000007,0.0,False
2023-12-12,Anderson's Bar,Miller,0.0,0.0,390,360.57,0.0,0.0,False
2023-12-13,Anderson's Bar,Miller,0.0,0.0,390,390.0,0.0,0.0,False
2023-12-14,Anderson's Bar,Miller,0.0,143.60750000000002,690,390.0,300.0,0.0,False
2023-12-15,Anderson's Bar,Miller,0.0,0.0,390,390.0,0.0,0.0,False
2023-12-16,Anderson's Bar,Miller,0.0,5.77875,420,690.0,0.0,0.0,False
2023-12-17,Anderson's Bar,Miller,0.0,120.38999999999999,630,690.0,0.0,0.0,False
2023-12-18,Anderson's Bar,Miller,0.0,48.67875,510,690.0,0.0,0.0,False
2023-12-19,Anderson's Bar,Miller,0.0,0.0,390,690.0,0.0,0.0,False
2023-12-20,Anderson's Bar,Miller,0.0,0.0,390,690.0,0.0,0.0,False
2023-12-21,Anderson's Bar,Miller,0.0,78.2225,540,690.0,0.0,0.0,False
2023-12-22,Anderson's Bar,Miller,28.72,0.0,390,661.28,0.0,0.0,False
2023-12-23,Anderson's Bar,Miller,0.0,5.77875,420,661.28,0.0,0.0,False
2023-12-24,Anderson's Bar,Miller,0.0,120.38999999999999,630,661.28,0.0,0.0,False
2023-12-25,Anderson's Bar,Miller,0.0,48.67875,510,661.28,0.0,0.0,False
2023-12-26,Anderson's Bar,Miller,0.0,0.0,390,661.28,0.0,0.0,False
2023-12-27,Anderson's Bar,Miller,0.0,0.0,390,661.28,0.0,0.0,False
2023-12-28,Anderson's Bar,Miller,0.0,78.2225,540,661.28,0.0,0.0,False
2023-12-29,Anderson's Bar,Miller,0.0,3.59,420,661.28,0.0,0.0,False
2023-12-30,Anderson's Bar,Miller,0.0,5.77875,420,661.28,0.0,0.0,False
2023-12-31,Anderson's Bar,Miller,0.0,120.38999999999999,630,661.28,0.0,0.0,False
2024-01-01,Anderson's Bar,Miller,0.0,48.67875,510,661.28,0.0,0.0,False
2023-10-21,Anderson's Bar,Smirnoff,0.0,24.301428571428573,450,450.0,0.0,0.0,False
2023-10-22,Anderson's Bar,Smirnoff,0.0,24.301428571428573,450,450.0,0.0,0.0,False
2023-10-23,Anderson's Bar,Smirnoff,282.41,24.301428571428573,450,167.58999999999997,282.41,0.0,False
2023-10-24,Anderson's Bar,Smirnoff,0.0,40.34428571428572,480,167.58999999999997,30.0,0.0,False
2023-10-25,Anderson's Bar,Smirnoff,0.0,40.34428571428572,480,450.0,0.0,0.0,False
2023-10-26,Anderson's Bar,Smirnoff,0.0,40.34428571428572,480,480.0,0.0,0.0,False
2023-10-27,Anderson's Bar,Smirnoff,0.0,40.34428571428572,480,480.0,0.0,0.0,False
2023-10-28,Anderson's Bar,Smirnoff,230.14,40.34428571428572,480,249.86,230.14,0.0,False
2023-10-29,Anderson's Bar,Smirnoff,0.0,73.22142857142856,540,249.86,60.0,0.0,False
2023-10-30,Anderson's Bar,Smirnoff,0.0,73.22142857142856,540,480.0,0.0,0.0,False
2023-10-31,Anderson's Bar,Smirnoff,0.0,32.87714285714286,450,540.0,0.0,0.0,False
2023-11-01,Anderson's Bar,Smirnoff,0.0,32.87714285714286,450,540.0,0.0,0.0,False
2023-11-02,Anderson's Bar,Smirnoff,0.0,32.87714285714286,450,540.0,0.0,0.0,False
2023-11-03,Anderson's Bar,Smirnoff,0.0,32.87714285714286,450,540.0,0.0,0.0,False
2023-11-04,Anderson's Bar,Smirnoff,572.05,32.87714285714286,450,0.0,450.0,32.049999999999955,True
2023-11-05,Anderson's Bar,Smirnoff,0.0,81.72142857142856,540,0.0,90.0,0.0,False
2023-11-06,Anderson's Bar,Smirnoff,0.0,81.72142857142856,540,450.0,0.0,0.0,False
2023-11-07,Anderson's Bar,Smirnoff,0.0,81.72142857142856,540,540.0,0.0,0.0,False
2023-11-08,Anderson's Bar,Smirnoff,0.0,81.72142857142856,540,540.0,0.0,0.0,False
2023-11-09,Anderson's Bar,Smirnoff,0.0,81.72142857142856,540,540.0,0.0,0.0,False
2023-11-10,Anderson's Bar,Smirnoff,0.0,81.72142857142856,540,540.0,0.0,0.0,False
2023-11-11,Anderson's Bar,Smirnoff,0.0,81.72142857142856,540,540.0,0.0,0.0,False
2023-11-12,Anderson's Bar,Smirnoff,0.0,0.0,390,540.0,0.0,0.0,False
2023-11-13,Anderson's Bar,Smirnoff,0.0,0.0,390,540.0,0.0,0.0,False
2023-11-14,Anderson's Bar,Smirnoff,0.0,0.0,390,540.0,0.0,0.0,False
2023-11-15,Anderson's Bar,Smirnoff,0.0,0.0,390,540.0,0.0,0.0,False
2023-11-16,Anderson's Bar,Smirnoff,0.0,0.0,390,540.0,0.0,0.0,False
2023-11-17,Anderson's Bar,Smirnoff,0.0,0.0,390,540.0,0.0,0.0,False
2023-11-18,Anderson's Bar,Smirnoff,0.0,0.0,390,540.0,0.0,0.0,False
2023-11-19,Anderson's Bar,Smirnoff,584.73,0.0,390,0.0,390.0,44.73000000000002,True
2023-11-20,Anderson's Bar,Smirnoff,218.43,83.53285714285714,570,0.0,180.0,218.43,True
2023-11-21,Anderson's Bar,Smirnoff,0.0,114.73714285714287,630,390.0,60.0,0.0,False
2023-11-22,Anderson's Bar,Smirnoff,0.0,114.73714285714287,630,570.0,0.0,0.0,False
2023-11-23,Anderson's Bar,Smirnoff,0.0,114.73714285714287,630,630.0,0.0,0.0,False
2023-11-24,Anderson's Bar,Smirnoff,0.0,114.73714285714287,630,630.0,0.0,0.0,False
2023-11-25,Anderson's Bar,Smirnoff,516.47,114.73714285714287,630,113.52999999999997,516.47,0.0,False
2023-11-26,Anderson's Bar,Smirnoff,0.0,188.51857142857145,780,113.52999999999997,150.0,0.0,False
2023-11-27,Anderson's Bar,Smirnoff,286.26,104.9857142857143,600,343.74,106.25999999999999,0.0,False
2023-11-28,Anderson's Bar,Smirnoff,0.0,114.67571428571429,630,493.74,30.0,0.0,False
2023-11-29,Anderson's Bar,Smirnoff,0.0,114.67571428571429,630,600.0,0.0,0.0,False
2023-11-30,Anderson's Bar,Smirnoff,451.28,114.67571428571429,630,178.72000000000003,451.28,0.0,False
2023-12-01,Anderson's Bar,Smirnoff,0.0,179.1442857142857,750,178.72000000000003,120.0,0.0,False
2023-12-02,Anderson's Bar,Smirnoff,0.0,179.1442857142857,750,630.0,0.0,0.0,False
2023-12-03,Anderson's Bar,Smirnoff,0.0,105.36285714285714,600,750.0,0.0,0.0,False
2023-12-04,Anderson's Bar,Smirnoff,0.0,105.36285714285714,600,750.0,0.0,0.0,False
2023-12-05,Anderson's Bar,Smirnoff,1069.03,64.46857142857142,510,0.0,510.0,319.03,True
2023-12-06,Anderson's Bar,Smirnoff,0.0,217.18714285714285,810,0.0,300.0,0.0,False
2023-12-07,Anderson's Bar,Smirnoff,0.0,217.18714285714285,810,510.0,0.0,0.0,False
2023-12-08,Anderson's Bar,Smirnoff,401.37,152.71857142857144,690,408.63,281.37,0.0,False
2023-12-09,Anderson's Bar,Smirnoff,169.75,210.05714285714288,810,238.88,289.75,0.0,False
2023-12-10,Anderson's Bar,Smirnoff,0.0,234.30714285714288,870,520.25,60.0,0.0,False
2023-12-11,Anderson's Bar,Smirnoff,0.0,234.30714285714288,870,810.0,0.0,0.0,False
2023-12-12,Anderson's Bar,Smirnoff,0.0,234.30714285714288,870,870.0,0.0,0.0,False
2023-12-13,Anderson's Bar,Smirnoff,0.0,81.58857142857143,540,870.0,0.0,0.0,False
2023-12-14,Anderson's Bar,Smirnoff,0.0,81.58857142857143,540,870.0,0.0,0.0,False
2023-12-15,Anderson's Bar,Smirnoff,0.0,81.58857142857143,540,870.0,0.0,0.0,False
2023-12-16,Anderson's Bar,Smirnoff,0.0,24.25,450,870.0,0.0,0.0,False
2023-12-17,Anderson's Bar,Smirnoff,0.0,0.0,390,870.0,0.0,0.0,False
2023-12-18,Anderson's Bar,Smirnoff,0.0,0.0,390,870.0,0.0,0.0,False
2023-12-19,Anderson's Bar,Smirnoff,0.0,0.0,390,870.0,0.0,0.0,False
2023-12-20,Anderson's Bar,Smirnoff,0.0,0.0,390,870.0,0.0,0.0,False
2023-12-21,Anderson's Bar,Smirnoff,0.0,0.0,390,870.0,0.0,0.0,False
2023-12-22,Anderson's Bar,Smirnoff,0.0,0.0,390,870.0,0.0,0.0,False
2023-12-23,Anderson's Bar,Smirnoff,266.69,0.0,390,603.31,0.0,0.0,False
2023-12-24,Anderson's Bar,Smirnoff,0.0,38.098571428571425,480,603.31,0.0,0.0,False
2023-12-25,Anderson's Bar,Smirnoff,0.0,38.098571428571425,480,603.31,0.0,0.0,False
2023-12-26,Anderson's Bar,Smirnoff,326.93,38.098571428571425,480,276.37999999999994,203.62000000000006,0.0,False
2023-12-27,Anderson's Bar,Smirnoff,0.0,84.80285714285715,570,276.37999999999994,90.0,0.0,False
2023-12-28,Anderson's Bar,Smirnoff,0.0,84.80285714285715,570,480.0,0.0,0.0,False
2023-12-29,Anderson's Bar,Smirnoff,0.0,84.80285714285715,570,570.0,0.0,0.0,False
2023-12-30,Anderson's Bar,Smirnoff,0.0,84.80285714285715,570,570.0,0.0,0.0,False
2023-12-31,Anderson's Bar,Smirnoff,0.0,46.70428571428572,480,570.0,0.0,0.0,False
2024-01-01,Anderson's Bar,Smirnoff,0.0,46.70428571428572,480,570.0,0.0,0.0,False
2023-10-21,Anderson's Bar,Sutter Home,515.95,76.6225,570,54.049999999999955,515.95,0.0,False
2023-10-22,Anderson's Bar,Sutter Home,0.0,74.5925,570,54.049999999999955,0.0,0.0,False
2023-10-23,Anderson's Bar,Sutter Home,0.0,0.0,420,570.0,0.0,0.0,False
2023-10-24,Anderson's Bar,Sutter Home,0.0,55.05375,540,570.0,0.0,0.0,False
2023-10-25,Anderson's Bar,Sutter Home,0.0,14.96875,450,570.0,0.0,0.0,False
2023-10-26,Anderson's Bar,Sutter Home,570.39,12.53375,450,0.0,450.0,0.38999999999998636,True
2023-10-27,Anderson's Bar,Sutter Home,0.0,101.98125,630,0.0,180.0,0.0,False
2023-10-28,Anderson's Bar,Sutter Home,0.0,85.22125,600,450.0,0.0,0.0,False
2023-10-29,Anderson's Bar,Sutter Home,0.0,0.0,420,630.0,0.0,0.0,False
2023-10-30,Anderson's Bar,Sutter Home,0.0,0.0,420,630.0,0.0,0.0,False
2023-10-31,Anderson's Bar,Sutter Home,506.56,55.05375,540,123.44,416.56,0.0,False
2023-11-01,Anderson's Bar,Sutter Home,551.82,14.96875,450,0.0,33.44,428.38000000000005,True
2023-11-02,Anderson's Bar,Sutter Home,0.0,83.8325,600,416.56,150.0,0.0,False
2023-11-03,Anderson's Bar,Sutter Home,0.0,101.98125,630,450.0,30.0,0.0,False
2023-11-04,Anderson's Bar,Sutter Home,0.0,85.22125,600,600.0,0.0,0.0,False
2023-11-05,Anderson's Bar,Sutter Home,0.0,0.0,420,630.0,0.0,0.0,False
2023-11-06,Anderson's Bar,Sutter Home,0.0,0.0,420,630.0,0.0,0.0,False
2023-11-07,Anderson's Bar,Sutter Home,0.0,118.37375,660,630.0,30.0,0.0,False
2023-11-08,Anderson's Bar,Sutter Home,0.0,83.94625,600,630.0,0.0,0.0,False
2023-11-09,Anderson's Bar,Sutter Home,583.59,83.8325,600,76.40999999999997,523.59,0.0,False
2023-11-10,Anderson's Bar,Sutter Home,521.1,58.16875,540,0.0,16.409999999999968,444.69000000000005,True
2023-11-11,Anderson's Bar,Sutter Home,0.0,85.22125,600,523.59,60.0,0.0,False
2023-11-12,Anderson's Bar,Sutter Home,0.0,0.0,420,540.0,0.0,0.0,False
2023-11-13,Anderson's Bar,Sutter Home,311.64,0.0,420,288.36,131.64,0.0,False
2023-11-14,Anderson's Bar,Sutter Home,0.0,118.37375,660,288.36,240.0,0.0,False
2023-11-15,Anderson's Bar,Sutter Home,0.0,83.94625,600,420.0,0.0,0.0,False
2023-11-16,Anderson's Bar,Sutter Home,0.0,156.78125,750,660.0,90.0,0.0,False
2023-11-17,Anderson's Bar,Sutter Home,0.0,123.30625,660,660.0,0.0,0.0,False
2023-11-18,Anderson's Bar,Sutter Home,0.0,85.22125,600,750.0,0.0,0.0,False
2023-11-19,Anderson's Bar,Sutter Home,0.0,0.0,420,750.0,0.0,0.0,False
2023-11-20,Anderson's Bar,Sutter Home,0.0,38.955,510,750.0,0.0,0.0,False
2023-11-21,Anderson's Bar,Sutter Home,0.0,63.32,540,750.0,0.0,0.0,False
2023-11-22,Anderson's Bar,Sutter Home,0.0,83.94625,600,750.0,0.0,0.0,False
2023-11-23,Anderson's Bar,Sutter Home,0.0,156.78125,750,750.0,0.0,0.0,False
2023-11-24,Anderson's Bar,Sutter Home,0.0,123.30625,660,750.0,0.0,0.0,False
2023-11-25,Anderson's Bar,Sutter Home,0.0,85.22125,600,750.0,0.0,0.0,False
2023-11-26,Anderson's Bar,Sutter Home,0.0,0.0,420,750.0,0.0,0.0,False
2023-11-27,Anderson's Bar,Sutter Home,550.97,38.955,510,199.02999999999997,310.97,0.0,False
2023-11-28,Anderson's Bar,Sutter Home,0.0,63.32,540,199.02999999999997,30.0,0.0,False
2023-11-29,Anderson's Bar,Sutter Home,0.0,83.94625,600,510.0,60.0,0.0,False
2023-11-30,Anderson's Bar,Sutter Home,0.0,144.2475,720,540.0,120.0,0.0,False
2023-12-01,Anderson's Bar,Sutter Home,0.0,65.1375,540,600.0,0.0,0.0,False
2023-12-02,Anderson's Bar,Sutter Home,0.0,85.22125,600,720.0,0.0,0.0,False
2023-12-03,Anderson's Bar,Sutter Home,0.0,0.0,420,720.0,0.0,0.0,False
2023-12-04,Anderson's Bar,Sutter Home,0.0,107.82625,630,720.0,0.0,0.0,False
2023-12-05,Anderson's Bar,Sutter Home,0.0,63.32,540,720.0,0.0,0.0,False
2023-12-06,Anderson's Bar,Sutter Home,0.0,83.94625,600,720.0,0.0,0.0,False
2023-12-07,Anderson's Bar,Sutter Home,0.0,144.2475,720,720.0,0.0,0.0,False
2023-12-08,Anderson's Bar,Sutter Home,0.0,65.1375,540,720.0,0.0,0.0,False
2023-12-09,Anderson's Bar,Sutter Home,0.0,64.49375,540,720.0,0.0,0.0,False
2023-12-10,Anderson's Bar,Sutter Home,0.0,0.0,420,720.0,0.0,0.0,False
2023-12-11,Anderson's Bar,Sutter Home,0.0,107.82625,630,720.0,0.0,0.0,False
2023-12-12,Anderson's Bar,Sutter Home,0.0,63.32,540,720.0,0.0,0.0,False
2023-12-13,Anderson's Bar,Sutter Home,0.0,83.94625,600,720.0,0.0,0.0,False
2023-12-14,Anderson's Bar,Sutter Home,0.0,144.2475,720,720.0,0.0,0.0,False
2023-12-15,Anderson's Bar,Sutter Home,0.0,65.1375,540,720.0,0.0,0.0,False
2023-12-16,Anderson's Bar,Sutter Home,468.75,64.49375,540,251.25,288.75,0.0,False
2023-12-17,Anderson's Bar,Sutter Home,0.0,0.0,420,251.25,0.0,0.0,False
2023-12-18,Anderson's Bar,Sutter Home,0.0,107.82625,630,540.0,90.0,0.0,False
2023-12-19,Anderson's Bar,Sutter Home,0.0,63.32,540,540.0,0.0,0.0,False
2023-12-20,Anderson's Bar,Sutter Home,0.0,68.9775,570,630.0,0.0,0.0,False
2023-12-21,Anderson's Bar,Sutter Home,0.0,144.2475,720,630.0,90.0,0.0,False
2023-12-22,Anderson's Bar,Sutter Home,0.0,65.1375,540,630.0,0.0,0.0,False
2023-12-23,Anderson's Bar,Sutter Home,0.0,58.59375,540,720.0,0.0,0.0,False
2023-12-24,Anderson's Bar,Sutter Home,0.0,0.0,420,720.0,0.0,0.0,False
2023-12-25,Anderson's Bar,Sutter Home,0.0,107.82625,630,720.0,0.0,0.0,False
2023-12-26,Anderson's Bar,Sutter Home,551.09,63.32,540,168.90999999999997,371.09000000000003,0.0,False
2023-12-27,Anderson's Bar,Sutter Home,0.0,68.9775,570,168.90999999999997,30.0,0.0,False
2023-12-28,Anderson's Bar,Sutter Home,0.0,72.94875,570,540.0,0.0,0.0,False
2023-12-29,Anderson's Bar,Sutter Home,0.0,65.1375,540,570.0,0.0,0.0,False
2023-12-30,Anderson's Bar,Sutter Home,0.0,58.59375,540,570.0,0.0,0.0,False
2023-12-31,Anderson's Bar,Sutter Home,0.0,0.0,420,570.0,0.0,0.0,False
2024-01-01,Anderson's Bar,Sutter Home,0.0,107.82625,630,570.0,60.0,0.0,False
2023-10-21,Anderson's Bar,Yellow Tail,0.0,55.375,480,480.0,0.0,0.0,False
2023-10-22,Anderson's Bar,Yellow Tail,0.0,0.0,390,480.0,0.0,0.0,False
2023-10-23,Anderson's Bar,Yellow Tail,0.0,43.76875,480,480.0,0.0,0.0,False
2023-10-24,Anderson's Bar,Yellow Tail,0.0,0.0,390,480.0,0.0,0.0,False
2023-10-25,Anderson's Bar,Yellow Tail,0.0,46.99625,480,480.0,0.0,0.0,False
2023-10-26,Anderson's Bar,Yellow Tail,0.0,0.0,390,480.0,0.0,0.0,False
2023-10-27,Anderson's Bar,Yellow Tail,0.0,0.0,390,480.0,0.0,0.0,False
2023-10-28,Anderson's Bar,Yellow Tail,0.0,55.375,480,480.0,0.0,0.0,False
2023-10-29,Anderson's Bar,Yellow Tail,0.0,0.0,390,480.0,0.0,0.0,False
2023-10-30,Anderson's Bar,Yellow Tail,0.0,43.76875,480,480.0,0.0,0.0,False
2023-10-31,Anderson's Bar,Yellow Tail,0.0,0.0,390,480.0,0.0,0.0,False
2023-11-01,Anderson's Bar,Yellow Tail,0.0,46.99625,480,480.0,0.0,0.0,False
2023-11-02,Anderson's Bar,Yellow Tail,0.0,0.0,390,480.0,0.0,0.0,False
2023-11-03,Anderson's Bar,Yellow Tail,0.0,0.0,390,480.0,0.0,0.0,False
2023-11-04,Anderson's Bar,Yellow Tail,0.0,55.375,480,480.0,0.0,0.0,False
2023-11-05,Anderson's Bar,Yellow Tail,0.0,0.0,390,480.0,0.0,0.0,False
2023-11-06,Anderson's Bar,Yellow Tail,212.4,43.76875,480,267.6,212.39999999999998,0.0,False
2023-11-07,Anderson's Bar,Yellow Tail,0.0,0.0,390,267.6,0.0,0.0,False
2023-11-08,Anderson's Bar,Yellow Tail,0.0,46.99625,480,480.0,0.0,0.0,False
2023-11-09,Anderson's Bar,Yellow Tail,0.0,0.0,390,480.0,0.0,0.0,False
2023-11-10,Anderson's Bar,Yellow Tail,0.0,0.0,390,480.0,0.0,0.0,False
2023-11-11,Anderson's Bar,Yellow Tail,0.0,55.375,480,480.0,0.0,0.0,False
2023-11-12,Anderson's Bar,Yellow Tail,0.0,0.0,390,480.0,0.0,0.0,False
2023-11-13,Anderson's Bar,Yellow Tail,0.0,52.34625,480,480.0,0.0,0.0,False
2023-11-14,Anderson's Bar,Yellow Tail,0.0,0.0,390,480.0,0.0,0.0,False
2023-11-15,Anderson's Bar,Yellow Tail,0.0,46.99625,480,480.0,0.0,0.0,False
2023-11-16,Anderson's Bar,Yellow Tail,0.0,0.0,390,480.0,0.0,0.0,False
2023-11-17,Anderson's Bar,Yellow Tail,0.0,0.0,390,480.0,0.0,0.0,False
2023-11-18,Anderson's Bar,Yellow Tail,0.0,55.375,480,480.0,0.0,0.0,False
2023-11-19,Anderson's Bar,Yellow Tail,0.0,0.0,390,480.0,0.0,0.0,False
2023-11-20,Anderson's Bar,Yellow Tail,157.19,52.34625,480,322.81,157.19,0.0,False
2023-11-21,Anderson's Bar,Yellow Tail,0.0,0.0,390,322.81,0.0,0.0,False
2023-11-22,Anderson's Bar,Yellow Tail,223.68,0.0,390,256.32,133.68,0.0,False
2023-11-23,Anderson's Bar,Yellow Tail,0.0,0.0,390,256.32,0.0,0.0,False
2023-11-24,Anderson's Bar,Yellow Tail,543.62,0.0,390,0.0,390.0,153.62,True
2023-11-25,Anderson's Bar,Yellow Tail,0.0,0.0,390,0.0,0.0,0.0,False
2023-11-26,Anderson's Bar,Yellow Tail,0.0,0.0,390,390.0,0.0,0.0,False
2023-11-27,Anderson's Bar,Yellow Tail,0.0,71.995,510,390.0,120.0,0.0,False
2023-11-28,Anderson's Bar,Yellow Tail,399.62,0.0,390,0.0,270.0,9.620000000000005,True
2023-11-29,Anderson's Bar,Yellow Tail,166.85,27.96,420,0.0,150.0,46.849999999999994,True
2023-11-30,Anderson's Bar,Yellow Tail,0.0,0.0,390,270.0,0.0,0.0,False
2023-12-01,Anderson's Bar,Yellow Tail,574.61,67.9525,510,0.0,510.0,154.61,True
2023-12-02,Anderson's Bar,Yellow Tail,0.0,0.0,390,0.0,0.0,0.0,False
2023-12-03,Anderson's Bar,Yellow Tail,0.0,0.0,390,510.0,0.0,0.0,False
2023-12-04,Anderson's Bar,Yellow Tail,578.59,46.198750000000004,480,0.0,480.0,68.59000000000003,True
2023-12-05,Anderson's Bar,Yellow Tail,0.0,49.9525,480,0.0,0.0,0.0,False
2023-12-06,Anderson's Bar,Yellow Tail,0.0,48.81625,480,480.0,0.0,0.0,False
2023-12-07,Anderson's Bar,Yellow Tail,0.0,0.0,390,480.0,0.0,0.0,False
2023-12-08,Anderson's Bar,Yellow Tail,0.0,139.77875,660,480.0,180.0,0.0,False
2023-12-09,Anderson's Bar,Yellow Tail,0.0,0.0,390,480.0,0.0,0.0,False
2023-12-10,Anderson's Bar,Yellow Tail,0.0,0.0,390,660.0,0.0,0.0,False
2023-12-11,Anderson's Bar,Yellow Tail,269.96,118.5225,600,390.04,209.95999999999998,0.0,False
2023-12-12,Anderson's Bar,Yellow Tail,0.0,49.9525,480,390.04,0.0,0.0,False
2023-12-13,Anderson's Bar,Yellow Tail,0.0,48.81625,480,600.0,0.0,0.0,False
2023-12-14,Anderson's Bar,Yellow Tail,182.91,0.0,390,417.09000000000003,0.0,0.0,False
2023-12-15,Anderson's Bar,Yellow Tail,172.99,139.77875,660,244.10000000000002,415.9,0.0,False
2023-12-16,Anderson's Bar,Yellow Tail,0.0,0.0,390,244.10000000000002,0.0,0.0,False
2023-12-17,Anderson's Bar,Yellow Tail,451.66,0.0,390,208.33999999999997,181.66000000000003,0.0,False
2023-12-18,Anderson's Bar,Yellow Tail,0.0,152.2675,690,208.33999999999997,300.0,0.0,False
2023-12-19,Anderson's Bar,Yellow Tail,0.0,49.9525,480,390.0,0.0,0.0,False
2023-12-20,Anderson's Bar,Yellow Tail,0.0,48.81625,480,690.0,0.0,0.0,False
2023-12-21,Anderson's Bar,Yellow Tail,243.14,22.86375,420,446.86,0.0,0.0,False
2023-12-22,Anderson's Bar,Yellow Tail,0.0,161.4025,690,446.86,243.14,0.0,False
2023-12-23,Anderson's Bar,Yellow Tail,0.0,0.0,390,446.86,0.0,0.0,False
2023-12-24,Anderson's Bar,Yellow Tail,0.0,56.4575,480,690.0,0.0,0.0,False
2023-12-25,Anderson's Bar,Yellow Tail,0.0,152.26749999999998,690,690.0,0.0,0.0,False
2023-12-26,Anderson's Bar,Yellow Tail,0.0,49.9525,480,690.0,0.0,0.0,False
2023-12-27,Anderson's Bar,Yellow Tail,0.0,48.81625,480,690.0,0.0,0.0,False
2023-12-28,Anderson's Bar,Yellow Tail,0.0,53.256249999999994,480,690.0,0.0,0.0,False
2023-12-29,Anderson's Bar,Yellow Tail,0.0,161.4025,690,690.0,0.0,0.0,False
2023-12-30,Anderson's Bar,Yellow Tail,0.0,0.0,390,690.0,0.0,0.0,False
2023-12-31,Anderson's Bar,Yellow Tail,129.41,56.4575,480,560.59,0.0,0.0,False
2024-01-01,Anderson's Bar,Yellow Tail,0.0,152.26749999999998,690,560.59,129.40999999999997,0.0,False
2023-10-21,Brown's Bar,Absolut,0.0,0.0,330,330.0,0.0,0.0,False
2023-10-22,Brown's Bar,Absolut,0.0,0.0,330,330.0,0.0,0.0,False
2023-10-23,Brown's Bar,Absolut,0.0,0.0,330,330.0,0.0,0.0,False
2023-10-24,Brown's Bar,Absolut,537.17,0.0,330,0.0,330.0,207.16999999999996,True
2023-10-25,Brown's Bar,Absolut,0.0,76.73857142857142,480,0.0,150.0,0.0,False
2023-10-26,Brown's Bar,Absolut,0.0,76.73857142857142,480,330.0,0.0,0.0,False
2023-10-27,Brown's Bar,Absolut,0.0,76.73857142857142,480,480.0,0.0,0.0,False
2023-10-28,Brown's Bar,Absolut,0.0,76.73857142857142,480,480.0,0.0,0.0,False
2023-10-29,Brown's Bar,Absolut,0.0,76.73857142857142,480,480.0,0.0,0.0,False
2023-10-30,Brown's Bar,Absolut,0.0,76.73857142857142,480,480.0,0.0,0.0,False
2023-10-31,Brown's Bar,Absolut,348.45,76.73857142857142,480,131.55,348.45,0.0,False
2023-11-01,Brown's Bar,Absolut,0.0,49.778571428571425,420,131.55,0.0,0.0,False
2023-11-02,Brown's Bar,Absolut,307.12,49.778571428571425,420,172.88,247.12,0.0,False
2023-11-03,Brown's Bar,Absolut,0.0,93.65285714285713,510,172.88,90.0,0.0,False
2023-11-04,Brown's Bar,Absolut,0.0,93.65285714285713,510,420.0,0.0,0.0,False
2023-11-05,Brown's Bar,Absolut,0.0,93.65285714285713,510,510.0,0.0,0.0,False
2023-11-06,Brown's Bar,Absolut,0.0,93.65285714285713,510,510.0,0.0,0.0,False
2023-11-07,Brown's Bar,Absolut,0.0,93.65285714285713,510,510.0,0.0,0.0,False
2023-11-08,Brown's Bar,Absolut,0.0,43.87428571428571,420,510.0,0.0,0.0,False
2023-11-09,Brown's Bar,Absolut,0.0,43.87428571428571,420,510.0,0.0,0.0,False
2023-11-10,Brown's Bar,Absolut,0.0,0.0,330,510.0,0.0,0.0,False
2023-11-11,Brown's Bar,Absolut,0.0,0.0,330,510.0,0.0,0.0,False
2023-11-12,Brown's Bar,Absolut,0.0,0.0,330,510.0,0.0,0.0,False
2023-11-13,Brown's Bar,Absolut,0.0,0.0,330,510.0,0.0,0.0,False
2023-11-14,Brown's Bar,Absolut,0.0,0.0,330,510.0,0.0,0.0,False
2023-11-15,Brown's Bar,Absolut,0.0,0.0,330,510.0,0.0,0.0,False
2023-11-16,Brown's Bar,Absolut,287.89,0.0,330,222.11,107.88999999999999,0.0,False
2023-11-17,Brown's Bar,Absolut,0.0,41.12714285714286,420,222.11,90.0,0.0,False
2023-11-18,Brown's Bar,Absolut,0.0,41.12714285714286,420,330.0,0.0,0.0,False
2023-11-19,Brown's Bar,Absolut,0.0,41.12714285714286,420,420.0,0.0,0.0,False
2023-11-20,Brown's Bar,Absolut,0.0,41.12714285714286,420,420.0,0.0,0.0,False
2023-11-21,Brown's Bar,Absolut,103.46,41.12714285714286,420,316.54,103.45999999999998,0.0,False
2023-11-22,Brown's Bar,Absolut,0.0,55.90714285714285,450,316.54,30.0,0.0,False
2023-11-23,Brown's Bar,Absolut,0.0,55.90714285714285,450,420.0,0.0,0.0,False
2023-11-24,Brown's Bar,Absolut,0.0,14.78,360,450.0,0.0,0.0,False
2023-11-25,Brown's Bar,Absolut,0.0,14.78,360,450.0,0.0,0.0,False
2023-11-26,Brown's Bar,Absolut,0.0,14.78,360,450.0,0.0,0.0,False
2023-11-27,Brown's Bar,Absolut,0.0,14.78,360,450.0,0.0,0.0,False
2023-11-28,Brown's Bar,Absolut,0.0,14.78,360,450.0,0.0,0.0,False
2023-11-29,Brown's Bar,Absolut,0.0,0.0,330,450.0,0.0,0.0,False
2023-11-30,Brown's Bar,Absolut,0.0,0.0,330,450.0,0.0,0.0,False
2023-12-01,Brown's Bar,Absolut,0.0,0.0,330,450.0,0.0,0.0,False
2023-12-02,Brown's Bar,Absolut,0.0,0.0,330,450.0,0.0,0.0,False
2023-12-03,Brown's Bar,Absolut,0.0,0.0,330,450.0,0.0,0.0,False
2023-12-04,Brown's Bar,Absolut,288.35,0.0,330,161.64999999999998,168.35000000000002,0.0,False
2023-12-05,Brown's Bar,Absolut,0.0,41.19285714285714,420,161.64999999999998,90.0,0.0,False
2023-12-06,Brown's Bar,Absolut,0.0,41.19285714285714,420,330.0,0.0,0.0,False
2023-12-07,Brown's Bar,Absolut,0.0,41.19285714285714,420,420.0,0.0,0.0,False
2023-12-08,Brown's Bar,Absolut,0.0,41.19285714285714,420,420.0,0.0,0.0,False
2023-12-09,Brown's Bar,Absolut,0.0,41.19285714285714,420,420.0,0.0,0.0,False
2023-12-10,Brown's Bar,Absolut,0.0,41.19285714285714,420,420.0,0.0,0.0,False
2023-12-11,Brown's Bar,Absolut,0.0,41.19285714285714,420,420.0,0.0,0.0,False
2023-12-12,Brown's Bar,Absolut,0.0,0.0,330,420.0,0.0,0.0,False
2023-12-13,Brown's Bar,Absolut,0.0,0.0,330,420.0,0.0,0.0,False
2023-12-14,Brown's Bar,Absolut,0.0,0.0,330,420.0,0.0,0.0,False
2023-12-15,Brown's Bar,Absolut,215.73,0.0,330,204.27,125.72999999999999,0.0,False
2023-12-16,Brown's Bar,Absolut,0.0,30.818571428571428,390,204.27,60.0,0.0,False
2023-12-17,Brown's Bar,Absolut,0.0,30.818571428571428,390,330.0,0.0,0.0,False
2023-12-18,Brown's Bar,Absolut,0.0,30.818571428571428,390,390.0,0.0,0.0,False
2023-12-19,Brown's Bar,Absolut,245.02,30.818571428571428,390,144.98,245.02,0.0,False
2023-12-20,Brown's Bar,Absolut,0.0,65.82142857142857,450,144.98,60.0,0.0,False
2023-12-21,Brown's Bar,Absolut,0.0,65.82142857142857,450,390.0,0.0,0.0,False
2023-12-22,Brown's Bar,Absolut,321.33,65.82142857142857,450,128.67000000000002,321.33,0.0,False
2023-12-23,Brown's Bar,Absolut,0.0,80.90714285714286,480,128.67000000000002,30.0,0.0,False
2023-12-24,Brown's Bar,Absolut,0.0,80.90714285714286,480,450.0,0.0,0.0,False
2023-12-25,Brown's Bar,Absolut,0.0,80.90714285714286,480,480.0,0.0,0.0,False
2023-12-26,Brown's Bar,Absolut,0.0,80.90714285714286,480,480.0,0.0,0.0,False
2023-12-27,Brown's Bar,Absolut,160.21,45.90428571428571,420,319.78999999999996,100.21000000000004,0.0,False
2023-12-28,Brown's Bar,Absolut,0.0,68.79142857142857,480,319.78999999999996,60.0,0.0,False
2023-12-29,Brown's Bar,Absolut,0.0,68.79142857142857,480,420.0,0.0,0.0,False
2023-12-30,Brown's Bar,Absolut,0.0,22.88714285714286,390,480.0,0.0,0.0,False
2023-12-31,Brown's Bar,Absolut,0.0,22.88714285714286,390,480.0,0.0,0.0,False
2024-01-01,Brown's Bar,Absolut,0.0,22.88714285714286,390,480.0,0.0,0.0,False
2023-10-21,Brown's Bar,Bacardi,561.66,104.1875,570,8.340000000000032,561.66,0.0,False
2023-10-22,Brown's Bar,Bacardi,0.0,58.26,480,8.340000000000032,0.0,0.0,False
2023-10-23,Brown's Bar,Bacardi,0.0,107.965,570,570.0,0.0,0.0,False
2023-10-24,Brown's Bar,Bacardi,0.0,118.82750000000001,600,570.0,30.0,0.0,False
2023-10-25,Brown's Bar,Bacardi,280.88,196.3175,750,289.12,430.88,0.0,False
2023-10-26,Brown's Bar,Bacardi,0.0,0.0,360,319.12,0.0,0.0,False
2023-10-27,Brown's Bar,Bacardi,0.0,22.53625,420,750.0,0.0,0.0,False
2023-10-28,Brown's Bar,Bacardi,0.0,125.785,630,750.0,0.0,0.0,False
2023-10-29,Brown's Bar,Bacardi,261.65,58.26,480,488.35,0.0,0.0,False
2023-10-30,Brown's Bar,Bacardi,0.0,107.965,570,488.35,81.64999999999998,0.0,False
2023-10-31,Brown's Bar,Bacardi,0.0,118.82750000000001,600,488.35,30.0,0.0,False
2023-11-01,Brown's Bar,Bacardi,0.0,157.19625000000002,690,570.0,90.0,0.0,False
2023-11-02,Brown's Bar,Bacardi,0.0,0.0,360,600.0,0.0,0.0,False
2023-11-03,Brown's Bar,Bacardi,0.0,22.53625,420,690.0,0.0,0.0,False
2023-11-04,Brown's Bar,Bacardi,0.0,125.785,630,690.0,0.0,0.0,False
2023-11-05,Brown's Bar,Bacardi,0.0,90.96625,540,690.0,0.0,0.0,False
2023-11-06,Brown's Bar,Bacardi,0.0,107.965,570,690.0,0.0,0.0,False
2023-11-07,Brown's Bar,Bacardi,0.0,93.44375,540,690.0,0.0,0.0,False
2023-11-08,Brown's Bar,Bacardi,0.0,157.19625,690,690.0,0.0,0.0,False
2023-11-09,Brown's Bar,Bacardi,0.0,0.0,360,690.0,0.0,0.0,False
2023-11-10,Brown's Bar,Bacardi,0.0,22.53625,420,690.0,0.0,0.0,False
2023-11-11,Brown's Bar,Bacardi,162.73,70.2075,510,527.27,0.0,0.0,False
2023-11-12,Brown's Bar,Bacardi,143.93,90.96625,540,383.34,156.66000000000003,0.0,False
2023-11-13,Brown's Bar,Bacardi,0.0,59.2375,480,383.34,0.0,0.0,False
2023-11-14,Brown's Bar,Bacardi,309.39,45.02375,450,230.61,219.39,0.0,False
2023-11-15,Brown's Bar,Bacardi,0.0,157.19625000000002,690,230.61,240.0,0.0,False
2023-11-16,Brown's Bar,Bacardi,0.0,0.0,360,450.0,0.0,0.0,False
2023-11-17,Brown's Bar,Bacardi,0.0,22.53625,420,690.0,0.0,0.0,False
2023-11-18,Brown's Bar,Bacardi,0.0,90.54875,540,690.0,0.0,0.0,False
2023-11-19,Brown's Bar,Bacardi,0.0,108.9575,570,690.0,0.0,0.0,False
2023-11-20,Brown's Bar,Bacardi,0.0,59.2375,480,690.0,0.0,0.0,False
2023-11-21,Brown's Bar,Bacardi,0.0,83.69749999999999,540,690.0,0.0,0.0,False
2023-11-22,Brown's Bar,Bacardi,0.0,133.44375000000002,630,690.0,0.0,0.0,False
2023-11-23,Brown's Bar,Bacardi,0.0,0.0,360,690.0,0.0,0.0,False
2023-11-24,Brown's Bar,Bacardi,0.0,0.0,360,690.0,0.0,0.0,False
2023-11-25,Brown's Bar,Bacardi,0.0,90.54875,540,690.0,0.0,0.0,False
2023-11-26,Brown's Bar,Bacardi,413.46,108.9575,570,276.54,293.46,0.0,False
2023-11-27,Brown's Bar,Bacardi,0.0,59.2375,480,276.54,0.0,0.0,False
2023-11-28,Brown's Bar,Bacardi,0.0,83.69749999999999,540,570.0,0.0,0.0,False
2023-11-29,Brown's Bar,Bacardi,0.0,133.44375000000002,630,570.0,60.0,0.0,False
2023-11-30,Brown's Bar,Bacardi,0.0,0.0,360,570.0,0.0,0.0,False
2023-12-01,Brown's Bar,Bacardi,0.0,0.0,360,630.0,0.0,0.0,False
2023-12-02,Brown's Bar,Bacardi,0.0,90.54875,540,630.0,0.0,0.0,False
2023-12-03,Brown's Bar,Bacardi,212.22,102.38,570,417.78,152.22000000000003,0.0,False
2023-12-04,Brown's Bar,Bacardi,469.01,59.2375,480,0.0,327.78,51.23000000000002,True
2023-12-05,Brown's Bar,Bacardi,432.06,83.69749999999999,540,0.0,212.22000000000003,279.84,True
2023-12-06,Brown's Bar,Bacardi,0.0,87.725,540,327.78,0.0,0.0,False
2023-12-07,Brown's Bar,Bacardi,0.0,0.0,360,540.0,0.0,0.0,False
2023-12-08,Brown's Bar,Bacardi,403.75,0.0,360,136.25,223.75,0.0,False
2023-12-09,Brown's Bar,Bacardi,0.0,90.54875,540,136.25,180.0,0.0,False
2023-12-10,Brown's Bar,Bacardi,0.0,128.90749999999997,630,360.0,90.0,0.0,False
2023-12-11,Brown's Bar,Bacardi,0.0,117.86375,600,540.0,0.0,0.0,False
2023-12-12,Brown's Bar,Bacardi,0.0,92.68125,540,630.0,0.0,0.0,False
2023-12-13,Brown's Bar,Bacardi,0.0,35.11,450,630.0,0.0,0.0,False
2023-12-14,Brown's Bar,Bacardi,0.0,0.0,360,630.0,0.0,0.0,False
2023-12-15,Brown's Bar,Bacardi,239.36,50.46875,480,390.64,89.36000000000001,0.0,False
2023-12-16,Brown's Bar,Bacardi,0.0,90.54875,540,390.64,60.0,0.0,False
2023-12-17,Brown's Bar,Bacardi,0.0,128.9075,630,480.0,90.0,0.0,False
2023-12-18,Brown's Bar,Bacardi,0.0,58.62625,480,540.0,0.0,0.0,False
2023-12-19,Brown's Bar,Bacardi,357.54,92.68125,540,272.46,267.54,0.0,False
2023-12-20,Brown's Bar,Bacardi,0.0,35.11,450,272.46,0.0,0.0,False
2023-12-21,Brown's Bar,Bacardi,0.0,0.0,360,540.0,0.0,0.0,False
2023-12-22,Brown's Bar,Bacardi,0.0,80.38875,540,540.0,0.0,0.0,False
2023-12-23,Brown's Bar,Bacardi,166.88,20.34125,420,373.12,46.879999999999995,0.0,False
2023-12-24,Brown's Bar,Bacardi,0.0,128.9075,630,373.12,210.0,0.0,False
2023-12-25,Brown's Bar,Bacardi,0.0,58.62625,480,420.0,0.0,0.0,False
2023-12-26,Brown's Bar,Bacardi,0.0,137.37375,630,630.0,0.0,0.0,False
2023-12-27,Brown's Bar,Bacardi,353.96,0.0,360,276.04,83.95999999999998,0.0,False
2023-12-28,Brown's Bar,Bacardi,266.72,0.0,360,9.319999999999993,266.72,0.0,False
2023-12-29,Brown's Bar,Bacardi,0.0,80.38875,540,93.27999999999997,180.0,0.0,False
2023-12-30,Brown's Bar,Bacardi,0.0,41.20125,450,360.0,0.0,0.0,False
2023-12-31,Brown's Bar,Bacardi,0.0,96.20125,570,540.0,30.0,0.0,False
2024-01-01,Brown's Bar,Bacardi,0.0,58.62625,480,540.0,0.0,0.0,False
2023-10-21,Brown's Bar,Barefoot,0.0,60.75571428571429,480,480.0,0.0,0.0,False
2023-10-22,Brown's Bar,Barefoot,0.0,60.75571428571429,480,480.0,0.0,0.0,False
2023-10-23,Brown's Bar,Barefoot,0.0,60.75571428571429,480,480.0,0.0,0.0,False
2023-10-24,Brown's Bar,Barefoot,0.0,45.962857142857146,450,480.0,0.0,0.0,False
2023-10-25,Brown's Bar,Barefoot,0.0,45.962857142857146,450,480.0,0.0,0.0,False
2023-10-26,Brown's Bar,Barefoot,0.0,45.962857142857146,450,480.0,0.0,0.0,False
2023-10-27,Brown's Bar,Barefoot,0.0,0.0,360,480.0,0.0,0.0,False
2023-10-28,Brown's Bar,Barefoot,0.0,0.0,360,480.0,0.0,0.0,False
2023-10-29,Brown's Bar,Barefoot,0.0,0.0,360,480.0,0.0,0.0,False
2023-10-30,Brown's Bar,Barefoot,0.0,0.0,360,480.0,0.0,0.0,False
2023-10-31,Brown's Bar,Barefoot,0.0,0.0,360,480.0,0.0,0.0,False
2023-11-01,Brown's Bar,Barefoot,0.0,0.0,360,480.0,0.0,0.0,False
2023-11-02,Brown's Bar,Barefoot,0.0,0.0,360,480.0,0.0,0.0,False
2023-11-03,Brown's Bar,Barefoot,0.0,0.0,360,480.0,0.0,0.0,False
2023-11-04,Brown's Bar,Barefoot,0.0,0.0,360,480.0,0.0,0.0,False
2023-11-05,Brown's Bar,Barefoot,0.0,0.0,360,480.0,0.0,0.0,False
2023-11-06,Brown's Bar,Barefoot,0.0,0.0,360,480.0,0.0,0.0,False
2023-11-07,Brown's Bar,Barefoot,0.0,0.0,360,480.0,0.0,0.0,False
2023-11-08,Brown's Bar,Barefoot,167.12,0.0,360,312.88,47.120000000000005,0.0,False
2023-11-09,Brown's Bar,Barefoot,0.0,23.874285714285715,390,312.88,30.0,0.0,False
2023-11-10,Brown's Bar,Barefoot,0.0,23.874285714285715,390,360.0,0.0,0.0,False
2023-11-11,Brown's Bar,Barefoot,505.69,23.874285714285715,390,0.0,390.0,115.69,True
2023-11-12,Brown's Bar,Barefoot,0.0,96.11571428571428,540,0.0,150.0,0.0,False
2023-11-13,Brown's Bar,Barefoot,0.0,96.11571428571428,540,390.0,0.0,0.0,False
2023-11-14,Brown's Bar,Barefoot,0.0,96.11571428571428,540,540.0,0.0,0.0,False
2023-11-15,Brown's Bar,Barefoot,0.0,96.11571428571428,540,540.0,0.0,0.0,False
2023-11-16,Brown's Bar,Barefoot,549.76,72.24142857142857,510,0.0,510.0,9.759999999999991,True
2023-11-17,Brown's Bar,Barefoot,0.0,150.77857142857144,660,0.0,150.0,0.0,False
2023-11-18,Brown's Bar,Barefoot,369.54,150.77857142857144,660,140.45999999999998,369.54,0.0,False
2023-11-19,Brown's Bar,Barefoot,0.0,131.32857142857142,600,290.46,0.0,0.0,False
2023-11-20,Brown's Bar,Barefoot,0.0,131.32857142857142,600,660.0,0.0,0.0,False
2023-11-21,Brown's Bar,Barefoot,0.0,131.32857142857142,600,660.0,0.0,0.0,False
2023-11-22,Brown's Bar,Barefoot,0.0,131.32857142857142,600,660.0,0.0,0.0,False
2023-11-23,Brown's Bar,Barefoot,0.0,131.32857142857142,600,660.0,0.0,0.0,False
2023-11-24,Brown's Bar,Barefoot,0.0,52.791428571428575,450,660.0,0.0,0.0,False
2023-11-25,Brown's Bar,Barefoot,0.0,52.791428571428575,450,660.0,0.0,0.0,False
2023-11-26,Brown's Bar,Barefoot,0.0,0.0,360,660.0,0.0,0.0,False
2023-11-27,Brown's Bar,Barefoot,0.0,0.0,360,660.0,0.0,0.0,False
2023-11-28,Brown's Bar,Barefoot,0.0,0.0,360,660.0,0.0,0.0,False
2023-11-29,Brown's Bar,Barefoot,0.0,0.0,360,660.0,0.0,0.0,False
2023-11-30,Brown's Bar,Barefoot,0.0,0.0,360,660.0,0.0,0.0,False
2023-12-01,Brown's Bar,Barefoot,0.0,0.0,360,660.0,0.0,0.0,False
2023-12-02,Brown's Bar,Barefoot,0.0,0.0,360,660.0,0.0,0.0,False
2023-12-03,Brown's Bar,Barefoot,0.0,0.0,360,660.0,0.0,0.0,False
2023-12-04,Brown's Bar,Barefoot,0.0,0.0,360,660.0,0.0,0.0,False
2023-12-05,Brown's Bar,Barefoot,0.0,0.0,360,660.0,0.0,0.0,False
2023-12-06,Brown's Bar,Barefoot,0.0,0.0,360,660.0,0.0,0.0,False
2023-12-07,Brown's Bar,Barefoot,0.0,0.0,360,660.0,0.0,0.0,False
2023-12-08,Brown's Bar,Barefoot,381.27,0.0,360,278.73,81.26999999999998,0.0,False
2023-12-09,Brown's Bar,Barefoot,418.8,54.46714285714285,450,0.0,368.73,140.07,True
2023-12-10,Brown's Bar,Barefoot,0.0,114.29571428571428,570,81.26999999999998,120.0,0.0,False
2023-12-11,Brown's Bar,Barefoot,0.0,114.29571428571428,570,450.0,0.0,0.0,False
2023-12-12,Brown's Bar,Barefoot,0.0,114.29571428571428,570,570.0,0.0,0.0,False
2023-12-13,Brown's Bar,Barefoot,0.0,114.29571428571428,570,570.0,0.0,0.0,False
2023-12-14,Brown's Bar,Barefoot,0.0,114.29571428571428,570,570.0,0.0,0.0,False
2023-12-15,Brown's Bar,Barefoot,0.0,114.29571428571428,570,570.0,0.0,0.0,False
2023-12-16,Brown's Bar,Barefoot,705.05,59.82857142857143,480,0.0,480.0,135.04999999999995,True
2023-12-17,Brown's Bar,Barefoot,0.0,100.72142857142856,540,0.0,60.0,0.0,False
2023-12-18,Brown's Bar,Barefoot,0.0,100.72142857142856,540,480.0,0.0,0.0,False
2023-12-19,Brown's Bar,Barefoot,100.74,100.72142857142856,540,439.26,100.74000000000001,0.0,False
2023-12-20,Brown's Bar,Barefoot,0.0,115.11285714285714,570,439.26,30.0,0.0,False
2023-12-21,Brown's Bar,Barefoot,0.0,115.11285714285714,570,540.0,0.0,0.0,False
2023-12-22,Brown's Bar,Barefoot,109.2,115.11285714285714,570,460.8,109.19999999999999,0.0,False
2023-12-23,Brown's Bar,Barefoot,0.0,130.71285714285713,600,460.8,30.0,0.0,False
2023-12-24,Brown's Bar,Barefoot,323.05,29.99142857142857,420,246.95,143.05,0.0,False
2023-12-25,Brown's Bar,Barefoot,0.0,76.14142857142858,510,276.95,90.0,0.0,False
2023-12-26,Brown's Bar,Barefoot,0.0,76.14142857142858,510,420.0,0.0,0.0,False
2023-12-27,Brown's Bar,Barefoot,0.0,61.75,480,510.0,0.0,0.0,False
2023-12-28,Brown's Bar,Barefoot,0.0,61.75,480,510.0,0.0,0.0,False
2023-12-29,Brown's Bar,Barefoot,0.0,61.75,480,510.0,0.0,0.0,False
2023-12-30,Brown's Bar,Barefoot,0.0,46.15,450,510.0,0.0,0.0,False
2023-12-31,Brown's Bar,Barefoot,287.53,46.15,450,222.47000000000003,227.52999999999997,0.0,False
2024-01-01,Brown's Bar,Barefoot,155.61,41.075714285714284,420,66.86000000000001,125.61000000000001,0.0,False
2023-10-21,Brown's Bar,Budweiser,0.0,24.91375,390,390.0,0.0,0.0,False
2023-10-22,Brown's Bar,Budweiser,0.0,38.8075,420,390.0,30.0,0.0,False
2023-10-23,Brown's Bar,Budweiser,0.0,54.18625,450,390.0,30.0,0.0,False
2023-10-24,Brown's Bar,Budweiser,0.0,0.0,360,420.0,0.0,0.0,False
2023-10-25,Brown's Bar,Budweiser,0.0,38.04375,420,450.0,0.0,0.0,False
2023-10-26,Brown's Bar,Budweiser,0.0,0.0,360,450.0,0.0,0.0,False
2023-10-27,Brown's Bar,Budweiser,0.0,66.365,480,450.0,30.0,0.0,False
2023-10-28,Brown's Bar,Budweiser,0.0,24.91375,390,450.0,0.0,0.0,False
2023-10-29,Brown's Bar,Budweiser,0.0,38.8075,420,480.0,0.0,0.0,False
2023-10-30,Brown's Bar,Budweiser,0.0,54.18625,450,480.0,0.0,0.0,False
2023-10-31,Brown's Bar,Budweiser,0.0,0.0,360,480.0,0.0,0.0,False
2023-11-01,Brown's Bar,Budweiser,0.0,38.04375,420,480.0,0.0,0.0,False
2023-11-02,Brown's Bar,Budweiser,494.19,0.0,360,0.0,360.0,14.189999999999998,True
2023-11-03,Brown's Bar,Budweiser,0.0,66.365,480,0.0,120.0,0.0,False
2023-11-04,Brown's Bar,Budweiser,0.0,24.91375,390,360.0,0.0,0.0,False
2023-11-05,Brown's Bar,Budweiser,0.0,38.8075,420,480.0,0.0,0.0,False
2023-11-06,Brown's Bar,Budweiser,0.0,54.18625,450,480.0,0.0,0.0,False
2023-11-07,Brown's Bar,Budweiser,0.0,0.0,360,480.0,0.0,0.0,False
2023-11-08,Brown's Bar,Budweiser,0.0,38.04375,420,480.0,0.0,0.0,False
2023-11-09,Brown's Bar,Budweiser,0.0,61.77375,480,480.0,0.0,0.0,False
2023-11-10,Brown's Bar,Budweiser,0.0,66.365,480,480.0,0.0,0.0,False
2023-11-11,Brown's Bar,Budweiser,0.0,0.0,360,480.0,0.0,0.0,False
2023-11-12,Brown's Bar,Budweiser,0.0,38.8075,420,480.0,0.0,0.0,False
2023-11-13,Brown's Bar,Budweiser,0.0,54.18625,450,480.0,0.0,0.0,False
2023-11-14,Brown's Bar,Budweiser,0.0,0.0,360,480.0,0.0,0.0,False
2023-11-15,Brown's Bar,Budweiser,0.0,38.04375,420,480.0,0.0,0.0,False
2023-11-16,Brown's Bar,Budweiser,0.0,61.77375,480,480.0,0.0,0.0,False
2023-11-17,Brown's Bar,Budweiser,0.0,66.365,480,480.0,0.0,0.0,False
2023-11-18,Brown's Bar,Budweiser,0.0,0.0,360,480.0,0.0,0.0,False
2023-11-19,Brown's Bar,Budweiser,0.0,38.8075,420,480.0,0.0,0.0,False
2023-11-20,Brown's Bar,Budweiser,0.0,54.18625,450,480.0,0.0,0.0,False
2023-11-21,Brown's Bar,Budweiser,0.0,0.0,360,480.0,0.0,0.0,False
2023-11-22,Brown's Bar,Budweiser,0.0,38.04375,420,480.0,0.0,0.0,False
2023-11-23,Brown's Bar,Budweiser,0.0,61.77375,480,480.0,0.0,0.0,False
2023-11-24,Brown's Bar,Budweiser,151.29,66.365,480,328.71000000000004,151.28999999999996,0.0,False
2023-11-25,Brown's Bar,Budweiser,135.87,0.0,360,192.84000000000003,15.870000000000005,0.0,False
2023-11-26,Brown's Bar,Budweiser,0.0,38.8075,420,344.13,60.0,0.0,False
2023-11-27,Brown's Bar,Budweiser,598.89,0.0,360,0.0,300.0,238.89,True
2023-11-28,Brown's Bar,Budweiser,0.0,0.0,360,60.0,0.0,0.0,False
2023-11-29,Brown's Bar,Budweiser,0.0,0.0,360,360.0,0.0,0.0,False
2023-11-30,Brown's Bar,Budweiser,0.0,61.77375,480,360.0,120.0,0.0,False
2023-12-01,Brown's Bar,Budweiser,544.37,85.27624999999999,510,0.0,390.0,184.37,True
2023-12-02,Brown's Bar,Budweiser,0.0,16.98375,390,120.0,0.0,0.0,False
2023-12-03,Brown's Bar,Budweiser,0.0,38.8075,420,510.0,0.0,0.0,False
2023-12-04,Brown's Bar,Budweiser,0.0,74.86125,510,510.0,0.0,0.0,False
2023-12-05,Brown's Bar,Budweiser,164.59,0.0,360,345.40999999999997,14.590000000000032,0.0,False
2023-12-06,Brown's Bar,Budweiser,0.0,0.0,360,345.40999999999997,0.0,0.0,False
2023-12-07,Brown's Bar,Budweiser,0.0,61.77375,480,360.0,120.0,0.0,False
2023-12-08,Brown's Bar,Budweiser,0.0,86.9575,510,360.0,30.0,0.0,False
2023-12-09,Brown's Bar,Budweiser,0.0,16.98375,390,480.0,0.0,0.0,False
2023-12-10,Brown's Bar,Budweiser,0.0,0.0,360,510.0,0.0,0.0,False
2023-12-11,Brown's Bar,Budweiser,0.0,74.86125,510,510.0,0.0,0.0,False
2023-12-12,Brown's Bar,Budweiser,0.0,20.57375,390,510.0,0.0,0.0,False
2023-12-13,Brown's Bar,Budweiser,0.0,0.0,360,510.0,0.0,0.0,False
2023-12-14,Brown's Bar,Budweiser,0.0,61.77375,480,510.0,0.0,0.0,False
2023-12-15,Brown's Bar,Budweiser,0.0,86.9575,510,510.0,0.0,0.0,False
2023-12-16,Brown's Bar,Budweiser,0.0,16.98375,390,510.0,0.0,0.0,False
2023-12-17,Brown's Bar,Budweiser,0.0,0.0,360,510.0,0.0,0.0,False
2023-12-18,Brown's Bar,Budweiser,0.0,74.86125,510,510.0,0.0,0.0,False
2023-12-19,Brown's Bar,Budweiser,461.78,20.57375,390,48.22000000000003,341.78,0.0,False
2023-12-20,Brown's Bar,Budweiser,0.0,0.0,360,48.22000000000003,0.0,0.0,False
2023-12-21,Brown's Bar,Budweiser,0.0,61.77375,480,390.0,90.0,0.0,False
2023-12-22,Brown's Bar,Budweiser,0.0,86.9575,510,390.0,30.0,0.0,False
2023-12-23,Brown's Bar,Budweiser,0.0,16.98375,390,480.0,0.0,0.0,False
2023-12-24,Brown's Bar,Budweiser,0.0,0.0,360,510.0,0.0,0.0,False
2023-12-25,Brown's Bar,Budweiser,0.0,74.86125,510,510.0,0.0,0.0,False
2023-12-26,Brown's Bar,Budweiser,0.0,78.29625,510,510.0,0.0,0.0,False
2023-12-27,Brown's Bar,Budweiser,0.0,0.0,360,510.0,0.0,0.0,False
2023-12-28,Brown's Bar,Budweiser,0.0,61.77375,480,510.0,0.0,0.0,False
2023-12-29,Brown's Bar,Budweiser,0.0,86.9575,510,510.0,0.0,0.0,False
2023-12-30,Brown's Bar,Budweiser,0.0,16.98375,390,510.0,0.0,0.0,False
2023-12-31,Brown's Bar,Budweiser,0.0,0.0,360,510.0,0.0,0.0,False
2024-01-01,Brown's Bar,Budweiser,0.0,74.86125,510,510.0,0.0,0.0,False
2023-10-21,Brown's Bar,Captain Morgan,0.0,122.5657142857143,600,600.0,0.0,0.0,False
2023-10-22,Brown's Bar,Captain Morgan,324.34,71.11714285714285,480,275.66,204.33999999999997,0.0,False
2023-10-23,Brown's Bar,Captain Morgan,0.0,117.45142857142856,570,275.66,90.0,0.0,False
2023-10-24,Brown's Bar,Captain Morgan,0.0,117.45142857142856,570,480.0,0.0,0.0,False
2023-10-25,Brown's Bar,Captain Morgan,0.0,117.45142857142856,570,570.0,0.0,0.0,False
2023-10-26,Brown's Bar,Captain Morgan,0.0,117.45142857142856,570,570.0,0.0,0.0,False
2023-10-27,Brown's Bar,Captain Morgan,0.0,46.33428571428571,450,570.0,0.0,0.0,False
2023-10-28,Brown's Bar,Captain Morgan,0.0,46.33428571428571,450,570.0,0.0,0.0,False
2023-10-29,Brown's Bar,Captain Morgan,0.0,46.33428571428571,450,570.0,0.0,0.0,False
2023-10-30,Brown's Bar,Captain Morgan,0.0,0.0,360,570.0,0.0,0.0,False
2023-10-31,Brown's Bar,Captain Morgan,0.0,0.0,360,570.0,0.0,0.0,False
2023-11-01,Brown's Bar,Captain Morgan,0.0,0.0,360,570.0,0.0,0.0,False
2023-11-02,Brown's Bar,Captain Morgan,0.0,0.0,360,570.0,0.0,0.0,False
2023-11-03,Brown's Bar,Captain Morgan,0.0,0.0,360,570.0,0.0,0.0,False
2023-11-04,Brown's Bar,Captain Morgan,0.0,0.0,360,570.0,0.0,0.0,False
2023-11-05,Brown's Bar,Captain Morgan,0.0,0.0,360,570.0,0.0,0.0,False
2023-11-06,Brown's Bar,Captain Morgan,0.0,0.0,360,570.0,0.0,0.0,False
2023-11-07,Brown's Bar,Captain Morgan,0.0,0.0,360,570.0,0.0,0.0,False
2023-11-08,Brown's Bar,Captain Morgan,0.0,0.0,360,570.0,0.0,0.0,False
2023-11-09,Brown's Bar,Captain Morgan,0.0,0.0,360,570.0,0.0,0.0,False
2023-11-10,Brown's Bar,Captain Morgan,0.0,0.0,360,570.0,0.0,0.0,False
2023-11-11,Brown's Bar,Captain Morgan,0.0,0.0,360,570.0,0.0,0.0,False
2023-11-12,Brown's Bar,Captain Morgan,0.0,0.0,360,570.0,0.0,0.0,False
2023-11-13,Brown's Bar,Captain Morgan,0.0,0.0,360,570.0,0.0,0.0,False
2023-11-14,Brown's Bar,Captain Morgan,0.0,0.0,360,570.0,0.0,0.0,False
2023-11-15,Brown's Bar,Captain Morgan,0.0,0.0,360,570.0,0.0,0.0,False
2023-11-16,Brown's Bar,Captain Morgan,0.0,0.0,360,570.0,0.0,0.0,False
2023-11-17,Brown's Bar,Captain Morgan,0.0,0.0,360,570.0,0.0,0.0,False
2023-11-18,Brown's Bar,Captain Morgan,0.0,0.0,360,570.0,0.0,0.0,False
2023-11-19,Brown's Bar,Captain Morgan,0.0,0.0,360,570.0,0.0,0.0,False
2023-11-20,Brown's Bar,Captain Morgan,0.0,0.0,360,570.0,0.0,0.0,False
2023-11-21,Brown's Bar,Captain Morgan,0.0,0.0,360,570.0,0.0,0.0,False
2023-11-22,Brown's Bar,Captain Morgan,0.0,0.0,360,570.0,0.0,0.0,False
2023-11-23,Brown's Bar,Captain Morgan,0.0,0.0,360,570.0,0.0,0.0,False
2023-11-24,Brown's Bar,Captain Morgan,0.0,0.0,360,570.0,0.0,0.0,False
2023-11-25,Brown's Bar,Captain Morgan,145.58,0.0,360,424.41999999999996,0.0,0.0,False
2023-11-26,Brown's Bar,Captain Morgan,0.0,20.79714285714286,390,424.41999999999996,0.0,0.0,False
2023-11-27,Brown's Bar,Captain Morgan,0.0,20.79714285714286,390,424.41999999999996,0.0,0.0,False
2023-11-28,Brown's Bar,Captain Morgan,133.35,20.79714285714286,390,291.06999999999994,98.93000000000006,0.0,False
2023-11-29,Brown's Bar,Captain Morgan,0.0,39.847142857142856,420,291.06999999999994,30.0,0.0,False
2023-11-30,Brown's Bar,Captain Morgan,0.0,39.847142857142856,420,390.0,0.0,0.0,False
2023-12-01,Brown's Bar,Captain Morgan,0.0,39.847142857142856,420,420.0,0.0,0.0,False
2023-12-02,Brown's Bar,Captain Morgan,0.0,39.847142857142856,420,420.0,0.0,0.0,False
2023-12-03,Brown's Bar,Captain Morgan,0.0,19.05,390,420.0,0.0,0.0,False
2023-12-04,Brown's Bar,Captain Morgan,0.0,19.05,390,420.0,0.0,0.0,False
2023-12-05,Brown's Bar,Captain Morgan,0.0,19.05,390,420.0,0.0,0.0,False
2023-12-06,Brown's Bar,Captain Morgan,271.42,0.0,360,148.57999999999998,211.42000000000002,0.0,False
2023-12-07,Brown's Bar,Captain Morgan,0.0,38.77428571428572,420,148.57999999999998,60.0,0.0,False
2023-12-08,Brown's Bar,Captain Morgan,0.0,38.77428571428572,420,360.0,0.0,0.0,False
2023-12-09,Brown's Bar,Captain Morgan,0.0,38.77428571428572,420,420.0,0.0,0.0,False
2023-12-10,Brown's Bar,Captain Morgan,0.0,38.77428571428572,420,420.0,0.0,0.0,False
2023-12-11,Brown's Bar,Captain Morgan,228.66,38.77428571428572,420,191.34,228.66,0.0,False
2023-12-12,Brown's Bar,Captain Morgan,316.13,71.44000000000001,480,0.0,251.34,124.78999999999999,True
2023-12-13,Brown's Bar,Captain Morgan,0.0,116.60142857142857,570,228.66,90.0,0.0,False
2023-12-14,Brown's Bar,Captain Morgan,0.0,77.82714285714285,510,480.0,0.0,0.0,False
2023-12-15,Brown's Bar,Captain Morgan,0.0,77.82714285714285,510,570.0,0.0,0.0,False
2023-12-16,Brown's Bar,Captain Morgan,0.0,77.82714285714285,510,570.0,0.0,0.0,False
2023-12-17,Brown's Bar,Captain Morgan,0.0,77.82714285714285,510,570.0,0.0,0.0,False
2023-12-18,Brown's Bar,Captain Morgan,523.79,77.82714285714285,510,46.210000000000036,463.78999999999996,0.0,False
2023-12-19,Brown's Bar,Captain Morgan,0.0,119.98857142857142,600,46.210000000000036,90.0,0.0,False
2023-12-20,Brown's Bar,Captain Morgan,0.0,74.82714285714285,510,510.0,0.0,0.0,False
2023-12-21,Brown's Bar,Captain Morgan,0.0,74.82714285714285,510,600.0,0.0,0.0,False
2023-12-22,Brown's Bar,Captain Morgan,0.0,74.82714285714285,510,600.0,0.0,0.0,False
2023-12-23,Brown's Bar,Captain Morgan,0.0,74.82714285714285,510,600.0,0.0,0.0,False
2023-12-24,Brown's Bar,Captain Morgan,0.0,74.82714285714285,510,600.0,0.0,0.0,False
2023-12-25,Brown's Bar,Captain Morgan,0.0,74.82714285714285,510,600.0,0.0,0.0,False
2023-12-26,Brown's Bar,Captain Morgan,0.0,0.0,360,600.0,0.0,0.0,False
2023-12-27,Brown's Bar,Captain Morgan,0.0,0.0,360,600.0,0.0,0.0,False
2023-12-28,Brown's Bar,Captain Morgan,0.0,0.0,360,600.0,0.0,0.0,False
2023-12-29,Brown's Bar,Captain Morgan,0.0,0.0,360,600.0,0.0,0.0,False
2023-12-30,Brown's Bar,Captain Morgan,0.0,0.0,360,600.0,0.0,0.0,False
2023-12-31,Brown's Bar,Captain Morgan,0.0,0.0,360,600.0,0.0,0.0,False
2024-01-01,Brown's Bar,Captain Morgan,0.0,0.0,360,600.0,0.0,0.0,False
2023-10-21,Brown's Bar,Coors,309.68,57.08571428571429,390,80.32,309.68,0.0,False
2023-10-22,Brown's Bar,Coors,0.0,101.32571428571428,480,80.32,90.0,0.0,False
2023-10-23,Brown's Bar,Coors,0.0,44.24,360,390.0,0.0,0.0,False
2023-10-24,Brown's Bar,Coors,0.0,44.24,360,480.0,0.0,0.0,False
2023-10-25,Brown's Bar,Coors,0.0,44.24,360,480.0,0.0,0.0,False
2023-10-26,Brown's Bar,Coors,0.0,44.24,360,480.0,0.0,0.0,False
2023-10-27,Brown's Bar,Coors,0.0,44.24,360,480.0,0.0,0.0,False
2023-10-28,Brown's Bar,Coors,0.0,44.24,360,480.0,0.0,0.0,False
2023-10-29,Brown's Bar,Coors,0.0,0.0,270,480.0,0.0,0.0,False
2023-10-30,Brown's Bar,Coors,0.0,0.0,270,480.0,0.0,0.0,False
2023-10-31,Brown's Bar,Coors,0.0,0.0,270,480.0,0.0,0.0,False
2023-11-01,Brown's Bar,Coors,0.0,0.0,270,480.0,0.0,0.0,False
2023-11-02,Brown's Bar,Coors,0.0,0.0,270,480.0,0.0,0.0,False
2023-11-03,Brown's Bar,Coors,0.0,0.0,270,480.0,0.0,0.0,False
2023-11-04,Brown's Bar,Coors,269.95,0.0,270,210.05,59.94999999999999,0.0,False
2023-11-05,Brown's Bar,Coors,0.0,38.56428571428571,330,210.05,60.0,0.0,False
2023-11-06,Brown's Bar,Coors,0.0,38.56428571428571,330,270.0,0.0,0.0,False
2023-11-07,Brown's Bar,Coors,979.89,38.56428571428571,330,0.0,330.0,649.89,True
2023-11-08,Brown's Bar,Coors,0.0,178.54857142857142,630,0.0,300.0,0.0,False
2023-11-09,Brown's Bar,Coors,0.0,178.54857142857142,630,330.0,0.0,0.0,False
2023-11-10,Brown's Bar,Coors,237.04,178.54857142857142,630,392.96000000000004,237.03999999999996,0.0,False
2023-11-11,Brown's Bar,Coors,598.82,212.41142857142856,690,0.0,452.96000000000004,205.86,True
2023-11-12,Brown's Bar,Coors,0.0,259.39285714285717,780,237.03999999999996,90.0,0.0,False
2023-11-13,Brown's Bar,Coors,0.0,259.39285714285717,780,690.0,0.0,0.0,False
2023-11-14,Brown's Bar,Coors,261.95,259.39285714285717,780,518.05,261.95000000000005,0.0,False
2023-11-15,Brown's Bar,Coors,512.75,156.82999999999998,570,5.2999999999999545,302.75,0.0,False
2023-11-16,Brown's Bar,Coors,0.0,230.07999999999998,720,267.25,150.0,0.0,False
2023-11-17,Brown's Bar,Coors,0.0,230.07999999999998,720,570.0,0.0,0.0,False
2023-11-18,Brown's Bar,Coors,0.0,196.21714285714285,660,720.0,0.0,0.0,False
2023-11-19,Brown's Bar,Coors,0.0,110.67142857142858,480,720.0,0.0,0.0,False
2023-11-20,Brown's Bar,Coors,0.0,110.67142857142858,480,720.0,0.0,0.0,False
2023-11-21,Brown's Bar,Coors,0.0,110.67142857142858,480,720.0,0.0,0.0,False
2023-11-22,Brown's Bar,Coors,0.0,73.25,420,720.0,0.0,0.0,False
2023-11-23,Brown's Bar,Coors,0.0,0.0,270,720.0,0.0,0.0,False
2023-11-24,Brown's Bar,Coors,0.0,0.0,270,720.0,0.0,0.0,False
2023-11-25,Brown's Bar,Coors,0.0,0.0,270,720.0,0.0,0.0,False
2023-11-26,Brown's Bar,Coors,0.0,0.0,270,720.0,0.0,0.0,False
2023-11-27,Brown's Bar,Coors,0.0,0.0,270,720.0,0.0,0.0,False
2023-11-28,Brown's Bar,Coors,0.0,0.0,270,720.0,0.0,0.0,False
2023-11-29,Brown's Bar,Coors,0.0,0.0,270,720.0,0.0,0.0,False
2023-11-30,Brown's Bar,Coors,100.27,0.0,270,619.73,0.0,0.0,False
2023-12-01,Brown's Bar,Coors,0.0,14.324285714285713,300,619.73,0.0,0.0,False
2023-12-02,Brown's Bar,Coors,0.0,14.324285714285713,300,619.73,0.0,0.0,False
2023-12-03,Brown's Bar,Coors,0.0,14.324285714285713,300,619.73,0.0,0.0,False
2023-12-04,Brown's Bar,Coors,0.0,14.324285714285713,300,619.73,0.0,0.0,False
2023-12-05,Brown's Bar,Coors,0.0,14.324285714285713,300,619.73,0.0,0.0,False
2023-12-06,Brown's Bar,Coors,0.0,14.324285714285713,300,619.73,0.0,0.0,False
2023-12-07,Brown's Bar,Coors,0.0,14.324285714285713,300,619.73,0.0,0.0,False
2023-12-08,Brown's Bar,Coors,0.0,0.0,270,619.73,0.0,0.0,False
2023-12-09,Brown's Bar,Coors,0.0,0.0,270,619.73,0.0,0.0,False
2023-12-10,Brown's Bar,Coors,0.0,0.0,270,619.73,0.0,0.0,False
2023-12-11,Brown's Bar,Coors,0.0,0.0,270,619.73,0.0,0.0,False
2023-12-12,Brown's Bar,Coors,0.0,0.0,270,619.73,0.0,0.0,False
2023-12-13,Brown's Bar,Coors,0.0,0.0,270,619.73,0.0,0.0,False
2023-12-14,Brown's Bar,Coors,0.0,0.0,270,619.73,0.0,0.0,False
2023-12-15,Brown's Bar,Coors,0.0,0.0,270,619.73,0.0,0.0,False
2023-12-16,Brown's Bar,Coors,0.0,0.0,270,619.73,0.0,0.0,False
2023-12-17,Brown's Bar,Coors,0.0,0.0,270,619.73,0.0,0.0,False
2023-12-18,Brown's Bar,Coors,0.0,0.0,270,619.73,0.0,0.0,False
2023-12-19,Brown's Bar,Coors,0.0,0.0,270,619.73,0.0,0.0,False
2023-12-20,Brown's Bar,Coors,0.0,0.0,270,619.73,0.0,0.0,False
2023-12-21,Brown's Bar,Coors,280.73,0.0,270,339.0,0.0,0.0,False
2023-12-22,Brown's Bar,Coors,0.0,40.104285714285716,360,339.0,21.0,0.0,False
2023-12-23,Brown's Bar,Coors,938.99,40.104285714285716,360,0.0,339.0,599.99,True
2023-12-24,Brown's Bar,Coors,480.28,174.24571428571429,630,0.0,291.0,459.28,True
2023-12-25,Brown's Bar,Coors,0.0,242.85714285714286,750,339.0,120.0,0.0,False
2023-12-26,Brown's Bar,Coors,0.0,242.85714285714286,750,630.0,0.0,0.0,False
2023-12-27,Brown's Bar,Coors,0.0,242.85714285714286,750,750.0,0.0,0.0,False
2023-12-28,Brown's Bar,Coors,0.0,242.85714285714286,750,750.0,0.0,0.0,False
2023-12-29,Brown's Bar,Coors,0.0,202.75285714285715,660,750.0,0.0,0.0,False
2023-12-30,Brown's Bar,Coors,0.0,202.75285714285715,660,750.0,0.0,0.0,False
2023-12-31,Brown's Bar,Coors,0.0,68.61142857142856,390,750.0,0.0,0.0,False
2024-01-01,Brown's Bar,Coors,0.0,0.0,270,750.0,0.0,0.0,False
2023-10-21,Brown's Bar,Grey Goose,0.0,148.1185714285714,720,720.0,0.0,0.0,False
2023-10-22,Brown's Bar,Grey Goose,0.0,148.1185714285714,720,720.0,0.0,0.0,False
2023-10-23,Brown's Bar,Grey Goose,0.0,148.1185714285714,720,720.0,0.0,0.0,False
2023-10-24,Brown's Bar,Grey Goose,0.0,148.1185714285714,720,720.0,0.0,0.0,False
2023-10-25,Brown's Bar,Grey Goose,0.0,68.75142857142858,570,720.0,0.0,0.0,False
2023-10-26,Brown's Bar,Grey Goose,0.0,68.75142857142858,570,720.0,0.0,0.0,False
2023-10-27,Brown's Bar,Grey Goose,0.0,46.128571428571426,510,720.0,0.0,0.0,False
2023-10-28,Brown's Bar,Grey Goose,0.0,0.0,420,720.0,0.0,0.0,False
2023-10-29,Brown's Bar,Grey Goose,0.0,0.0,420,720.0,0.0,0.0,False
2023-10-30,Brown's Bar,Grey Goose,0.0,0.0,420,720.0,0.0,0.0,False
2023-10-31,Brown's Bar,Grey Goose,0.0,0.0,420,720.0,0.0,0.0,False
2023-11-01,Brown's Bar,Grey Goose,1125.23,0.0,420,0.0,420.0,405.23,True
2023-11-02,Brown's Bar,Grey Goose,0.0,160.74714285714285,750,0.0,330.0,0.0,False
2023-11-03,Brown's Bar,Grey Goose,0.0,160.74714285714285,750,420.0,0.0,0.0,False
2023-11-04,Brown's Bar,Grey Goose,0.0,160.74714285714285,750,750.0,0.0,0.0,False
2023-11-05,Brown's Bar,Grey Goose,0.0,160.74714285714285,750,750.0,0.0,0.0,False
2023-11-06,Brown's Bar,Grey Goose,0.0,160.74714285714285,750,750.0,0.0,0.0,False
2023-11-07,Brown's Bar,Grey Goose,0.0,160.74714285714285,750,750.0,0.0,0.0,False
2023-11-08,Brown's Bar,Grey Goose,0.0,160.74714285714285,750,750.0,0.0,0.0,False
2023-11-09,Brown's Bar,Grey Goose,0.0,0.0,420,750.0,0.0,0.0,False
2023-11-10,Brown's Bar,Grey Goose,0.0,0.0,420,750.0,0.0,0.0,False
2023-11-11,Brown's Bar,Grey Goose,434.48,0.0,420,315.52,104.48000000000002,0.0,False
2023-11-12,Brown's Bar,Grey Goose,201.3,62.06857142857143,540,114.21999999999997,321.3,0.0,False
2023-11-13,Brown's Bar,Grey Goose,0.0,90.82571428571428,600,218.7,60.0,0.0,False
2023-11-14,Brown's Bar,Grey Goose,0.0,90.82571428571428,600,540.0,0.0,0.0,False
2023-11-15,Brown's Bar,Grey Goose,193.49,90.82571428571428,600,406.51,193.49,0.0,False
2023-11-16,Brown's Bar,Grey Goose,0.0,118.46714285714286,660,406.51,60.0,0.0,False
2023-11-17,Brown's Bar,Grey Goose,569.18,118.46714285714286,660,30.82000000000005,569.18,0.0,False
2023-11-18,Brown's Bar,Grey Goose,457.92,199.7785714285714,810,0.0,240.82000000000005,367.09999999999997,True
2023-11-19,Brown's Bar,Grey Goose,571.23,203.12714285714287,840,0.0,599.18,2.050000000000068,True
2023-11-20,Brown's Bar,Grey Goose,382.75,255.9742857142857,930,0.0,330.82000000000005,141.92999999999995,True
2023-11-21,Brown's Bar,Grey Goose,0.0,310.6528571428571,1050,599.18,120.0,0.0,False
2023-11-22,Brown's Bar,Grey Goose,168.84,310.6528571428571,1050,761.16,168.84000000000003,0.0,False
2023-11-23,Brown's Bar,Grey Goose,0.0,307.13142857142856,1020,881.16,0.0,0.0,False
2023-11-24,Brown's Bar,Grey Goose,0.0,307.13142857142856,1020,1050.0,0.0,0.0,False
2023-11-25,Brown's Bar,Grey Goose,0.0,225.82,870,1050.0,0.0,0.0,False
2023-11-26,Brown's Bar,Grey Goose,0.0,160.40285714285713,750,1050.0,0.0,0.0,False
2023-11-27,Brown's Bar,Grey Goose,384.05,78.79857142857144,570,665.95,0.0,0.0,False
2023-11-28,Brown's Bar,Grey Goose,0.0,78.98428571428572,570,665.95,0.0,0.0,False
2023-11-29,Brown's Bar,Grey Goose,493.03,78.98428571428572,570,172.92000000000007,397.0799999999999,0.0,False
2023-11-30,Brown's Bar,Grey Goose,0.0,125.29714285714284,660,172.92000000000007,90.0,0.0,False
2023-12-01,Brown's Bar,Grey Goose,0.0,125.29714285714284,660,570.0,0.0,0.0,False
2023-12-02,Brown's Bar,Grey Goose,0.0,125.29714285714284,660,660.0,0.0,0.0,False
2023-12-03,Brown's Bar,Grey Goose,0.0,125.29714285714284,660,660.0,0.0,0.0,False
2023-12-04,Brown's Bar,Grey Goose,0.0,125.29714285714284,660,660.0,0.0,0.0,False
2023-12-05,Brown's Bar,Grey Goose,0.0,70.43285714285715,570,660.0,0.0,0.0,False
2023-12-06,Brown's Bar,Grey Goose,0.0,70.43285714285715,570,660.0,0.0,0.0,False
2023-12-07,Brown's Bar,Grey Goose,380.23,0.0,420,279.77,140.23000000000002,0.0,False
2023-12-08,Brown's Bar,Grey Goose,0.0,54.31857142857143,540,279.77,120.0,0.0,False
2023-12-09,Brown's Bar,Grey Goose,100.88,54.31857142857143,540,319.12,100.88,0.0,False
2023-12-10,Brown's Bar,Grey Goose,0.0,68.73,570,439.12,30.0,0.0,False
2023-12-11,Brown's Bar,Grey Goose,0.0,68.73,570,540.0,0.0,0.0,False
2023-12-12,Brown's Bar,Grey Goose,537.56,68.73,570,32.440000000000055,537.56,0.0,False
2023-12-13,Brown's Bar,Grey Goose,0.0,145.5242857142857,720,32.440000000000055,150.0,0.0,False
2023-12-14,Brown's Bar,Grey Goose,0.0,145.5242857142857,720,570.0,0.0,0.0,False
2023-12-15,Brown's Bar,Grey Goose,0.0,91.20571428571428,600,720.0,0.0,0.0,False
2023-12-16,Brown's Bar,Grey Goose,0.0,91.20571428571428,600,720.0,0.0,0.0,False
2023-12-17,Brown's Bar,Grey Goose,0.0,76.7942857142857,570,720.0,0.0,0.0,False
2023-12-18,Brown's Bar,Grey Goose,0.0,76.7942857142857,570,720.0,0.0,0.0,False
2023-12-19,Brown's Bar,Grey Goose,0.0,76.7942857142857,570,720.0,0.0,0.0,False
2023-12-20,Brown's Bar,Grey Goose,80.59,0.0,420,639.41,0.0,0.0,False
2023-12-21,Brown's Bar,Grey Goose,0.0,11.512857142857143,450,639.41,0.0,0.0,False
2023-12-22,Brown's Bar,Grey Goose,0.0,11.512857142857143,450,639.41,0.0,0.0,False
2023-12-23,Brown's Bar,Grey Goose,0.0,11.512857142857143,450,639.41,0.0,0.0,False
2023-12-24,Brown's Bar,Grey Goose,0.0,11.512857142857143,450,639.41,0.0,0.0,False
2023-12-25,Brown's Bar,Grey Goose,0.0,11.512857142857143,450,639.41,0.0,0.0,False
2023-12-26,Brown's Bar,Grey Goose,0.0,11.512857142857143,450,639.41,0.0,0.0,False
2023-12-27,Brown's Bar,Grey Goose,0.0,11.512857142857143,450,639.41,0.0,0.0,False
2023-12-28,Brown's Bar,Grey Goose,0.0,0.0,420,639.41,0.0,0.0,False
2023-12-29,Brown's Bar,Grey Goose,0.0,0.0,420,639.41,0.0,0.0,False
2023-12-30,Brown's Bar,Grey Goose,0.0,0.0,420,639.41,0.0,0.0,False
2023-12-31,Brown's Bar,Grey Goose,0.0,0.0,420,639.41,0.0,0.0,False
2024-01-01,Brown's Bar,Grey Goose,0.0,0.0,420,639.41,0.0,0.0,False
2023-10-21,Brown's Bar,Heineken,0.0,86.86125000000001,540,540.0,0.0,0.0,False
2023-10-22,Brown's Bar,Heineken,0.0,72.65375,510,540.0,0.0,0.0,False
2023-10-23,Brown's Bar,Heineken,0.0,0.0,360,540.0,0.0,0.0,False
2023-10-24,Brown's Bar,Heineken,243.37,18.525,390,296.63,93.37,0.0,False
2023-10-25,Brown's Bar,Heineken,0.0,67.5775,510,296.63,120.0,0.0,False
2023-10-26,Brown's Bar,Heineken,0.0,74.655,510,390.0,0.0,0.0,False
2023-10-27,Brown's Bar,Heineken,0.0,65.82125,480,510.0,0.0,0.0,False
2023-10-28,Brown's Bar,Heineken,196.56,73.99375,510,313.44,196.56,0.0,False
2023-10-29,Brown's Bar,Heineken,0.0,72.65375,510,313.44,0.0,0.0,False
2023-10-30,Brown's Bar,Heineken,0.0,0.0,360,510.0,0.0,0.0,False
2023-10-31,Brown's Bar,Heineken,0.0,48.94625,450,510.0,0.0,0.0,False
2023-11-01,Brown's Bar,Heineken,0.0,0.0,360,510.0,0.0,0.0,False
2023-11-02,Brown's Bar,Heineken,0.0,74.655,510,510.0,0.0,0.0,False
2023-11-03,Brown's Bar,Heineken,0.0,65.82125,480,510.0,0.0,0.0,False
2023-11-04,Brown's Bar,Heineken,0.0,98.56375,570,510.0,60.0,0.0,False
2023-11-05,Brown's Bar,Heineken,0.0,72.65375,510,510.0,0.0,0.0,False
2023-11-06,Brown's Bar,Heineken,0.0,0.0,360,570.0,0.0,0.0,False
2023-11-07,Brown's Bar,Heineken,0.0,48.94625,450,570.0,0.0,0.0,False
2023-11-08,Brown's Bar,Heineken,0.0,0.0,360,570.0,0.0,0.0,False
2023-11-09,Brown's Bar,Heineken,0.0,74.655,510,570.0,0.0,0.0,False
2023-11-10,Brown's Bar,Heineken,0.0,65.82125,480,570.0,0.0,0.0,False
2023-11-11,Brown's Bar,Heineken,0.0,98.56375,570,570.0,0.0,0.0,False
2023-11-12,Brown's Bar,Heineken,0.0,72.65375,510,570.0,0.0,0.0,False
2023-11-13,Brown's Bar,Heineken,538.12,0.0,360,31.879999999999995,328.12,0.0,False
2023-11-14,Brown's Bar,Heineken,0.0,48.94625,450,31.879999999999995,90.0,0.0,False
2023-11-15,Brown's Bar,Heineken,0.0,0.0,360,360.0,0.0,0.0,False
2023-11-16,Brown's Bar,Heineken,0.0,33.7825,420,450.0,0.0,0.0,False
2023-11-17,Brown's Bar,Heineken,0.0,65.82125,480,450.0,30.0,0.0,False
2023-11-18,Brown's Bar,Heineken,0.0,98.56375,570,450.0,90.0,0.0,False
2023-11-19,Brown's Bar,Heineken,0.0,0.0,360,480.0,0.0,0.0,False
2023-11-20,Brown's Bar,Heineken,0.0,67.265,510,570.0,0.0,0.0,False
2023-11-21,Brown's Bar,Heineken,0.0,48.94625,450,570.0,0.0,0.0,False
2023-11-22,Brown's Bar,Heineken,307.51,0.0,360,262.49,97.50999999999999,0.0,False
2023-11-23,Brown's Bar,Heineken,0.0,33.7825,420,262.49,60.0,0.0,False
2023-11-24,Brown's Bar,Heineken,0.0,65.82125,480,360.0,60.0,0.0,False
2023-11-25,Brown's Bar,Heineken,0.0,74.71625,510,420.0,30.0,0.0,False
2023-11-26,Brown's Bar,Heineken,341.2,0.0,360,138.8,191.2,0.0,False
2023-11-27,Brown's Bar,Heineken,0.0,67.265,510,168.8,150.0,0.0,False
2023-11-28,Brown's Bar,Heineken,0.0,48.94625,450,360.0,0.0,0.0,False
2023-11-29,Brown's Bar,Heineken,0.0,38.43875,450,510.0,0.0,0.0,False
2023-11-30,Brown's Bar,Heineken,0.0,0.0,360,510.0,0.0,0.0,False
2023-12-01,Brown's Bar,Heineken,0.0,65.82125,480,510.0,0.0,0.0,False
2023-12-02,Brown's Bar,Heineken,0.0,74.71625,510,510.0,0.0,0.0,False
2023-12-03,Brown's Bar,Heineken,0.0,42.65,450,510.0,0.0,0.0,False
2023-12-04,Brown's Bar,Heineken,0.0,67.265,510,510.0,0.0,0.0,False
2023-12-05,Brown's Bar,Heineken,0.0,30.42125,420,510.0,0.0,0.0,False
2023-12-06,Brown's Bar,Heineken,0.0,38.43875,450,510.0,0.0,0.0,False
2023-12-07,Brown's Bar,Heineken,0.0,0.0,360,510.0,0.0,0.0,False
2023-12-08,Brown's Bar,Heineken,0.0,65.82125,480,510.0,0.0,0.0,False
2023-12-09,Brown's Bar,Heineken,0.0,24.57,420,510.0,0.0,0.0,False
2023-12-10,Brown's Bar,Heineken,0.0,42.65,450,510.0,0.0,0.0,False
2023-12-11,Brown's Bar,Heineken,0.0,67.265,510,510.0,0.0,0.0,False
2023-12-12,Brown's Bar,Heineken,0.0,30.42125,420,510.0,0.0,0.0,False
2023-12-13,Brown's Bar,Heineken,511.13,38.43875,450,0.0,450.0,1.1299999999999955,True
2023-12-14,Brown's Bar,Heineken,0.0,0.0,360,0.0,0.0,0.0,False
2023-12-15,Brown's Bar,Heineken,0.0,0.0,360,450.0,0.0,0.0,False
2023-12-16,Brown's Bar,Heineken,0.0,24.57,420,450.0,0.0,0.0,False
2023-12-17,Brown's Bar,Heineken,575.55,42.65,450,0.0,450.0,125.54999999999995,True
2023-12-18,Brown's Bar,Heineken,0.0,67.265,510,0.0,60.0,0.0,False
2023-12-19,Brown's Bar,Heineken,0.0,30.42125,420,450.0,0.0,0.0,False
2023-12-20,Brown's Bar,Heineken,0.0,102.33,570,510.0,60.0,0.0,False
2023-12-21,Brown's Bar,Heineken,0.0,0.0,360,510.0,0.0,0.0,False
2023-12-22,Brown's Bar,Heineken,0.0,0.0,360,570.0,0.0,0.0,False
2023-12-23,Brown's Bar,Heineken,0.0,24.57,420,570.0,0.0,0.0,False
2023-12-24,Brown's Bar,Heineken,0.0,114.59375,600,570.0,30.0,0.0,False
2023-12-25,Brown's Bar,Heineken,0.0,67.265,510,570.0,0.0,0.0,False
2023-12-26,Brown's Bar,Heineken,0.0,0.0,360,600.0,0.0,0.0,False
2023-12-27,Brown's Bar,Heineken,0.0,102.33,570,600.0,0.0,0.0,False
2023-12-28,Brown's Bar,Heineken,0.0,0.0,360,600.0,0.0,0.0,False
2023-12-29,Brown's Bar,Heineken,0.0,0.0,360,600.0,0.0,0.0,False
2023-12-30,Brown's Bar,Heineken,0.0,0.0,360,600.0,0.0,0.0,False
2023-12-31,Brown's Bar,Heineken,0.0,114.59375,600,600.0,0.0,0.0,False
2024-01-01,Brown's Bar,Heineken,111.63,67.265,510,488.37,21.629999999999995,0.0,False
2023-10-21,Brown's Bar,Jack Daniels,0.0,0.0,360,360.0,0.0,0.0,False
2023-10-22,Brown's Bar,Jack Daniels,0.0,0.0,360,360.0,0.0,0.0,False
2023-10-23,Brown's Bar,Jack Daniels,0.0,0.0,360,360.0,0.0,0.0,False
2023-10-24,Brown's Bar,Jack Daniels,0.0,0.0,360,360.0,0.0,0.0,False
2023-10-25,Brown's Bar,Jack Daniels,0.0,0.0,360,360.0,0.0,0.0,False
2023-10-26,Brown's Bar,Jack Daniels,0.0,0.0,360,360.0,0.0,0.0,False
2023-10-27,Brown's Bar,Jack Daniels,0.0,0.0,360,360.0,0.0,0.0,False
2023-10-28,Brown's Bar,Jack Daniels,0.0,0.0,360,360.0,0.0,0.0,False
2023-10-29,Brown's Bar,Jack Daniels,0.0,0.0,360,360.0,0.0,0.0,False
2023-10-30,Brown's Bar,Jack Daniels,0.0,0.0,360,360.0,0.0,0.0,False
2023-10-31,Brown's Bar,Jack Daniels,0.0,0.0,360,360.0,0.0,0.0,False
2023-11-01,Brown's Bar,Jack Daniels,0.0,0.0,360,360.0,0.0,0.0,False
2023-11-02,Brown's Bar,Jack Daniels,0.0,0.0,360,360.0,0.0,0.0,False
2023-11-03,Brown's Bar,Jack Daniels,0.0,0.0,360,360.0,0.0,0.0,False
2023-11-04,Brown's Bar,Jack Daniels,0.0,0.0,360,360.0,0.0,0.0,False
2023-11-05,Brown's Bar,Jack Daniels,0.0,0.0,360,360.0,0.0,0.0,False
2023-11-06,Brown's Bar,Jack Daniels,0.0,0.0,360,360.0,0.0,0.0,False
2023-11-07,Brown's Bar,Jack Daniels,0.0,0.0,360,360.0,0.0,0.0,False
2023-11-08,Brown's Bar,Jack Daniels,0.0,0.0,360,360.0,0.0,0.0,False
2023-11-09,Brown's Bar,Jack Daniels,0.0,0.0,360,360.0,0.0,0.0,False
2023-11-10,Brown's Bar,Jack Daniels,0.0,0.0,360,360.0,0.0,0.0,False
2023-11-11,Brown's Bar,Jack Daniels,0.0,0.0,360,360.0,0.0,0.0,False
2023-11-12,Brown's Bar,Jack Daniels,0.0,0.0,360,360.0,0.0,0.0,False
2023-11-13,Brown's Bar,Jack Daniels,0.0,0.0,360,360.0,0.0,0.0,False
2023-11-14,Brown's Bar,Jack Daniels,0.0,0.0,360,360.0,0.0,0.0,False
2023-11-15,Brown's Bar,Jack Daniels,0.0,0.0,360,360.0,0.0,0.0,False
2023-11-16,Brown's Bar,Jack Daniels,0.0,0.0,360,360.0,0.0,0.0,False
2023-11-17,Brown's Bar,Jack Daniels,0.0,0.0,360,360.0,0.0,0.0,False
2023-11-18,Brown's Bar,Jack Daniels,0.0,0.0,360,360.0,0.0,0.0,False
2023-11-19,Brown's Bar,Jack Daniels,593.42,0.0,360,0.0,360.0,233.41999999999996,True
2023-11-20,Brown's Bar,Jack Daniels,0.0,84.77428571428571,510,0.0,150.0,0.0,False
2023-11-21,Brown's Bar,Jack Daniels,59.17,84.77428571428571,510,300.83,59.170000000000016,0.0,False
2023-11-22,Brown's Bar,Jack Daniels,0.0,93.22714285714285,540,450.83,30.0,0.0,False
2023-11-23,Brown's Bar,Jack Daniels,0.0,93.22714285714285,540,510.0,0.0,0.0,False
2023-11-24,Brown's Bar,Jack Daniels,0.0,93.22714285714285,540,540.0,0.0,0.0,False
2023-11-25,Brown's Bar,Jack Daniels,0.0,93.22714285714285,540,540.0,0.0,0.0,False
2023-11-26,Brown's Bar,Jack Daniels,0.0,93.22714285714285,540,540.0,0.0,0.0,False
2023-11-27,Brown's Bar,Jack Daniels,0.0,8.452857142857143,360,540.0,0.0,0.0,False
2023-11-28,Brown's Bar,Jack Daniels,0.0,8.452857142857143,360,540.0,0.0,0.0,False
2023-11-29,Brown's Bar,Jack Daniels,0.0,0.0,360,540.0,0.0,0.0,False
2023-11-30,Brown's Bar,Jack Daniels,0.0,0.0,360,540.0,0.0,0.0,False
2023-12-01,Brown's Bar,Jack Daniels,0.0,0.0,360,540.0,0.0,0.0,False
2023-12-02,Brown's Bar,Jack Daniels,0.0,0.0,360,540.0,0.0,0.0,False
2023-12-03,Brown's Bar,Jack Daniels,0.0,0.0,360,540.0,0.0,0.0,False
2023-12-04,Brown's Bar,Jack Daniels,0.0,0.0,360,540.0,0.0,0.0,False
2023-12-05,Brown's Bar,Jack Daniels,0.0,0.0,360,540.0,0.0,0.0,False
2023-12-06,Brown's Bar,Jack Daniels,0.0,0.0,360,540.0,0.0,0.0,False
2023-12-07,Brown's Bar,Jack Daniels,0.0,0.0,360,540.0,0.0,0.0,False
2023-12-08,Brown's Bar,Jack Daniels,0.0,0.0,360,540.0,0.0,0.0,False
2023-12-09,Brown's Bar,Jack Daniels,0.0,0.0,360,540.0,0.0,0.0,False
2023-12-10,Brown's Bar,Jack Daniels,0.0,0.0,360,540.0,0.0,0.0,False
2023-12-11,Brown's Bar,Jack Daniels,0.0,0.0,360,540.0,0.0,0.0,False
2023-12-12,Brown's Bar,Jack Daniels,0.0,0.0,360,540.0,0.0,0.0,False
2023-12-13,Brown's Bar,Jack Daniels,0.0,0.0,360,540.0,0.0,0.0,False
2023-12-14,Brown's Bar,Jack Daniels,0.0,0.0,360,540.0,0.0,0.0,False
2023-12-15,Brown's Bar,Jack Daniels,0.0,0.0,360,540.0,0.0,0.0,False
2023-12-16,Brown's Bar,Jack Daniels,0.0,0.0,360,540.0,0.0,0.0,False
2023-12-17,Brown's Bar,Jack Daniels,0.0,0.0,360,540.0,0.0,0.0,False
2023-12-18,Brown's Bar,Jack Daniels,0.0,0.0,360,540.0,0.0,0.0,False
2023-12-19,Brown's Bar,Jack Daniels,0.0,0.0,360,540.0,0.0,0.0,False
2023-12-20,Brown's Bar,Jack Daniels,159.04,0.0,360,380.96000000000004,0.0,0.0,False
2023-12-21,Brown's Bar,Jack Daniels,0.0,22.72,390,380.96000000000004,9.039999999999964,0.0,False
2023-12-22,Brown's Bar,Jack Daniels,499.89,22.72,390,0.0,380.96000000000004,118.92999999999995,True
2023-12-23,Brown's Bar,Jack Daniels,0.0,94.13285714285713,540,9.039999999999964,150.0,0.0,False
2023-12-24,Brown's Bar,Jack Daniels,0.0,94.13285714285713,540,390.0,0.0,0.0,False
2023-12-25,Brown's Bar,Jack Daniels,0.0,94.13285714285713,540,540.0,0.0,0.0,False
2023-12-26,Brown's Bar,Jack Daniels,0.0,94.13285714285713,540,540.0,0.0,0.0,False
2023-12-27,Brown's Bar,Jack Daniels,0.0,94.13285714285713,540,540.0,0.0,0.0,False
2023-12-28,Brown's Bar,Jack Daniels,0.0,71.41285714285713,480,540.0,0.0,0.0,False
2023-12-29,Brown's Bar,Jack Daniels,0.0,71.41285714285713,480,540.0,0.0,0.0,False
2023-12-30,Brown's Bar,Jack Daniels,0.0,0.0,360,540.0,0.0,0.0,False
2023-12-31,Brown's Bar,Jack Daniels,0.0,0.0,360,540.0,0.0,0.0,False
2024-01-01,Brown's Bar,Jack Daniels,0.0,0.0,360,540.0,0.0,0.0,False
2023-10-21,Brown's Bar,Jameson,309.71,0.0,390,80.29000000000002,309.71,0.0,False
2023-10-22,Brown's Bar,Jameson,0.0,141.11,660,80.29000000000002,270.0,0.0,False
2023-10-23,Brown's Bar,Jameson,199.38,0.0,390,190.62,0.0,0.0,False
2023-10-24,Brown's Bar,Jameson,0.0,58.875,510,460.62,49.379999999999995,0.0,False
2023-10-25,Brown's Bar,Jameson,0.0,0.0,390,460.62,0.0,0.0,False
2023-10-26,Brown's Bar,Jameson,0.0,133.5125,660,510.0,150.0,0.0,False
2023-10-27,Brown's Bar,Jameson,0.0,64.13125000000001,510,510.0,0.0,0.0,False
2023-10-28,Brown's Bar,Jameson,492.97,38.71375,450,167.02999999999997,282.97,0.0,False
2023-10-29,Brown's Bar,Jameson,0.0,74.025,540,167.02999999999997,90.0,0.0,False
2023-10-30,Brown's Bar,Jameson,0.0,24.9225,420,450.0,0.0,0.0,False
2023-10-31,Brown's Bar,Jameson,0.0,58.875,510,540.0,0.0,0.0,False
2023-11-01,Brown's Bar,Jameson,323.44,0.0,390,216.56,173.44,0.0,False
2023-11-02,Brown's Bar,Jameson,0.0,133.5125,660,216.56,270.0,0.0,False
2023-11-03,Brown's Bar,Jameson,0.0,64.13125000000001,510,390.0,0.0,0.0,False
2023-11-04,Brown's Bar,Jameson,0.0,100.33500000000001,570,660.0,0.0,0.0,False
2023-11-05,Brown's Bar,Jameson,0.0,74.025,540,660.0,0.0,0.0,False
2023-11-06,Brown's Bar,Jameson,0.0,24.9225,420,660.0,0.0,0.0,False
2023-11-07,Brown's Bar,Jameson,0.0,34.20625,450,660.0,0.0,0.0,False
2023-11-08,Brown's Bar,Jameson,0.0,40.43,450,660.0,0.0,0.0,False
2023-11-09,Brown's Bar,Jameson,0.0,114.84125,600,660.0,0.0,0.0,False
2023-11-10,Brown's Bar,Jameson,496.39,64.13125000000001,510,163.61,346.39,0.0,False
2023-11-11,Brown's Bar,Jameson,0.0,100.33500000000001,570,163.61,60.0,0.0,False
2023-11-12,Brown's Bar,Jameson,0.0,41.6525,480,510.0,0.0,0.0,False
2023-11-13,Brown's Bar,Jameson,0.0,24.9225,420,570.0,0.0,0.0,False
2023-11-14,Brown's Bar,Jameson,0.0,0.0,390,570.0,0.0,0.0,False
2023-11-15,Brown's Bar,Jameson,418.64,40.43,450,151.36,298.64,0.0,False
2023-11-16,Brown's Bar,Jameson,0.0,90.59125,570,151.36,120.0,0.0,False
2023-11-17,Brown's Bar,Jameson,373.47,126.18,630,76.52999999999997,433.47,0.0,False
2023-11-18,Brown's Bar,Jameson,0.0,100.33500000000001,570,196.52999999999997,0.0,0.0,False
2023-11-19,Brown's Bar,Jameson,0.0,0.0,390,630.0,0.0,0.0,False
2023-11-20,Brown's Bar,Jameson,0.0,24.9225,420,630.0,0.0,0.0,False
2023-11-21,Brown's Bar,Jameson,0.0,0.0,390,630.0,0.0,0.0,False
2023-11-22,Brown's Bar,Jameson,585.12,92.75999999999999,570,44.879999999999995,525.12,0.0,False
2023-11-23,Brown's Bar,Jameson,0.0,90.59125,570,44.879999999999995,0.0,0.0,False
2023-11-24,Brown's Bar,Jameson,140.21,172.86375,720,429.78999999999996,290.21000000000004,0.0,False
2023-11-25,Brown's Bar,Jameson,0.0,100.33500000000001,570,429.78999999999996,0.0,0.0,False
2023-11-26,Brown's Bar,Jameson,0.0,0.0,390,720.0,0.0,0.0,False
2023-11-27,Brown's Bar,Jameson,0.0,24.9225,420,720.0,0.0,0.0,False
2023-11-28,Brown's Bar,Jameson,0.0,0.0,390,720.0,0.0,0.0,False
2023-11-29,Brown's Bar,Jameson,0.0,165.9,720,720.0,0.0,0.0,False
2023-11-30,Brown's Bar,Jameson,443.99,18.4375,420,276.01,143.99,0.0,False
2023-12-01,Brown's Bar,Jameson,0.0,190.39000000000001,750,276.01,330.0,0.0,False
2023-12-02,Brown's Bar,Jameson,0.0,100.33500000000001,570,420.0,0.0,0.0,False
2023-12-03,Brown's Bar,Jameson,0.0,0.0,390,750.0,0.0,0.0,False
2023-12-04,Brown's Bar,Jameson,0.0,24.9225,420,750.0,0.0,0.0,False
2023-12-05,Brown's Bar,Jameson,0.0,0.0,390,750.0,0.0,0.0,False
2023-12-06,Brown's Bar,Jameson,226.85,165.9,720,523.15,196.85000000000002,0.0,False
2023-12-07,Brown's Bar,Jameson,0.0,55.49875,480,523.15,0.0,0.0,False
2023-12-08,Brown's Bar,Jameson,0.0,176.8175,750,720.0,30.0,0.0,False
2023-12-09,Brown's Bar,Jameson,0.0,100.33500000000001,570,720.0,0.0,0.0,False
2023-12-10,Brown's Bar,Jameson,0.0,0.0,390,750.0,0.0,0.0,False
2023-12-11,Brown's Bar,Jameson,0.0,24.9225,420,750.0,0.0,0.0,False
2023-12-12,Brown's Bar,Jameson,428.02,0.0,390,321.98,68.01999999999998,0.0,False
2023-12-13,Brown's Bar,Jameson,462.8,194.25625,780,0.0,711.98,140.82,True
2023-12-14,Brown's Bar,Jameson,0.0,55.49875,480,68.01999999999998,0.0,0.0,False
2023-12-15,Brown's Bar,Jameson,0.0,176.8175,750,780.0,0.0,0.0,False
2023-12-16,Brown's Bar,Jameson,0.0,100.33500000000001,570,780.0,0.0,0.0,False
2023-12-17,Brown's Bar,Jameson,0.0,0.0,390,780.0,0.0,0.0,False
2023-12-18,Brown's Bar,Jameson,295.9,24.9225,420,484.1,0.0,0.0,False
2023-12-19,Brown's Bar,Jameson,0.0,53.5025,480,484.1,0.0,0.0,False
2023-12-20,Brown's Bar,Jameson,0.0,252.10625,900,484.1,415.9,0.0,False
2023-12-21,Brown's Bar,Jameson,0.0,55.49875,480,484.1,0.0,0.0,False
2023-12-22,Brown's Bar,Jameson,0.0,126.25875,630,900.0,0.0,0.0,False
2023-12-23,Brown's Bar,Jameson,934.85,61.62125,510,0.0,510.0,34.85000000000002,True
2023-12-24,Brown's Bar,Jameson,0.0,0.0,390,0.0,0.0,0.0,False
2023-12-25,Brown's Bar,Jameson,0.0,36.9875,450,510.0,0.0,0.0,False
2023-12-26,Brown's Bar,Jameson,0.0,53.5025,480,510.0,0.0,0.0,False
2023-12-27,Brown's Bar,Jameson,0.0,252.10625,900,510.0,390.0,0.0,False
2023-12-28,Brown's Bar,Jameson,0.0,55.49875,480,510.0,0.0,0.0,False
2023-12-29,Brown's Bar,Jameson,0.0,126.25875,630,900.0,0.0,0.0,False
2023-12-30,Brown's Bar,Jameson,0.0,116.85625,630,900.0,0.0,0.0,False
2023-12-31,Brown's Bar,Jameson,0.0,0.0,390,900.0,0.0,0.0,False
2024-01-01,Brown's Bar,Jameson,0.0,36.9875,450,900.0,0.0,0.0,False
2023-10-21,Brown's Bar,Jim Beam,0.0,120.2725,630,630.0,0.0,0.0,False
2023-10-22,Brown's Bar,Jim Beam,0.0,23.215,420,630.0,0.0,0.0,False
2023-10-23,Brown's Bar,Jim Beam,0.0,0.0,390,630.0,0.0,0.0,False
2023-10-24,Brown's Bar,Jim Beam,198.62,116.46125,630,431.38,198.62,0.0,False
2023-10-25,Brown's Bar,Jim Beam,219.59,49.14625,480,211.79,69.59000000000003,0.0,False
2023-10-26,Brown's Bar,Jim Beam,0.0,108.3575,600,410.40999999999997,120.0,0.0,False
2023-10-27,Brown's Bar,Jim Beam,459.96,36.8025,450,20.04000000000002,309.96,0.0,False
2023-10-28,Brown's Bar,Jim Beam,0.0,120.27250000000001,630,140.04000000000002,180.0,0.0,False
2023-10-29,Brown's Bar,Jim Beam,0.0,23.215,420,450.0,0.0,0.0,False
2023-10-30,Brown's Bar,Jim Beam,0.0,0.0,390,630.0,0.0,0.0,False
2023-10-31,Brown's Bar,Jim Beam,0.0,141.28875,660,630.0,30.0,0.0,False
2023-11-01,Brown's Bar,Jim Beam,0.0,76.595,540,630.0,0.0,0.0,False
2023-11-02,Brown's Bar,Jim Beam,475.54,108.3575,600,184.45999999999998,415.54,0.0,False
2023-11-03,Brown's Bar,Jim Beam,0.0,94.2975,570,184.45999999999998,0.0,0.0,False
2023-11-04,Brown's Bar,Jim Beam,0.0,120.27250000000001,630,600.0,30.0,0.0,False
2023-11-05,Brown's Bar,Jim Beam,0.0,23.215,420,600.0,0.0,0.0,False
2023-11-06,Brown's Bar,Jim Beam,547.98,0.0,390,82.01999999999998,307.98,0.0,False
2023-11-07,Brown's Bar,Jim Beam,960.19,141.28875,660,0.0,352.02,878.1700000000001,True
2023-11-08,Brown's Bar,Jim Beam,0.0,27.44875,450,307.98,0.0,0.0,False
2023-11-09,Brown's Bar,Jim Beam,277.64,167.8,720,382.36,337.64,0.0,False
2023-11-10,Brown's Bar,Jim Beam,0.0,57.495,510,382.36,0.0,0.0,False
2023-11-11,Brown's Bar,Jim Beam,0.0,67.28625,510,720.0,0.0,0.0,False
2023-11-12,Brown's Bar,Jim Beam,0.0,23.215,420,720.0,0.0,0.0,False
2023-11-13,Brown's Bar,Jim Beam,344.07,68.4975,510,375.93,134.07,0.0,False
2023-11-14,Brown's Bar,Jim Beam,0.0,261.3125,900,375.93,390.0,0.0,False
2023-11-15,Brown's Bar,Jim Beam,0.0,27.44875,450,510.0,0.0,0.0,False
2023-11-16,Brown's Bar,Jim Beam,0.0,202.505,780,900.0,0.0,0.0,False
2023-11-17,Brown's Bar,Jim Beam,0.0,57.495,510,900.0,0.0,0.0,False
2023-11-18,Brown's Bar,Jim Beam,0.0,67.28625,510,900.0,0.0,0.0,False
2023-11-19,Brown's Bar,Jim Beam,0.0,23.215,420,900.0,0.0,0.0,False
2023-11-20,Brown's Bar,Jim Beam,548.19,111.50625,600,351.80999999999995,248.19000000000005,0.0,False
2023-11-21,Brown's Bar,Jim Beam,0.0,261.3125,900,351.80999999999995,300.0,0.0,False
2023-11-22,Brown's Bar,Jim Beam,0.0,27.44875,450,600.0,0.0,0.0,False
2023-11-23,Brown's Bar,Jim Beam,0.0,163.43875000000003,720,900.0,0.0,0.0,False
2023-11-24,Brown's Bar,Jim Beam,0.0,57.495,510,900.0,0.0,0.0,False
2023-11-25,Brown's Bar,Jim Beam,0.0,42.25625,480,900.0,0.0,0.0,False
2023-11-26,Brown's Bar,Jim Beam,312.54,23.215,420,587.46,0.0,0.0,False
2023-11-27,Brown's Bar,Jim Beam,0.0,180.03,750,587.46,162.53999999999996,0.0,False
2023-11-28,Brown's Bar,Jim Beam,0.0,205.9625,810,587.46,60.0,0.0,False
2023-11-29,Brown's Bar,Jim Beam,0.0,27.44875,450,750.0,0.0,0.0,False
2023-11-30,Brown's Bar,Jim Beam,0.0,163.43875000000003,720,810.0,0.0,0.0,False
2023-12-01,Brown's Bar,Jim Beam,0.0,57.495,510,810.0,0.0,0.0,False
2023-12-02,Brown's Bar,Jim Beam,0.0,42.25625,480,810.0,0.0,0.0,False
2023-12-03,Brown's Bar,Jim Beam,0.0,62.2825,510,810.0,0.0,0.0,False
2023-12-04,Brown's Bar,Jim Beam,0.0,180.03,750,810.0,0.0,0.0,False
2023-12-05,Brown's Bar,Jim Beam,0.0,205.9625,810,810.0,0.0,0.0,False
2023-12-06,Brown's Bar,Jim Beam,0.0,27.44875,450,810.0,0.0,0.0,False
2023-12-07,Brown's Bar,Jim Beam,466.06,163.43875000000003,720,343.94,376.06,0.0,False
2023-12-08,Brown's Bar,Jim Beam,0.0,57.495,510,343.94,0.0,0.0,False
2023-12-09,Brown's Bar,Jim Beam,0.0,0.0,390,720.0,0.0,0.0,False
2023-12-10,Brown's Bar,Jim Beam,0.0,62.2825,510,720.0,0.0,0.0,False
2023-12-11,Brown's Bar,Jim Beam,0.0,180.03,750,720.0,30.0,0.0,False
2023-12-12,Brown's Bar,Jim Beam,0.0,205.9625,810,720.0,60.0,0.0,False
2023-12-13,Brown's Bar,Jim Beam,0.0,27.44875,450,750.0,0.0,0.0,False
2023-12-14,Brown's Bar,Jim Beam,0.0,152.405,690,810.0,0.0,0.0,False
2023-12-15,Brown's Bar,Jim Beam,0.0,57.495,510,810.0,0.0,0.0,False
2023-12-16,Brown's Bar,Jim Beam,0.0,0.0,390,810.0,0.0,0.0,False
2023-12-17,Brown's Bar,Jim Beam,203.45,39.0675,450,606.55,0.0,0.0,False
2023-12-18,Brown's Bar,Jim Beam,0.0,180.03,750,606.55,143.45000000000005,0.0,False
2023-12-19,Brown's Bar,Jim Beam,0.0,144.85125,690,606.55,0.0,0.0,False
2023-12-20,Brown's Bar,Jim Beam,0.0,27.44875,450,750.0,0.0,0.0,False
2023-12-21,Brown's Bar,Jim Beam,0.0,152.405,690,750.0,0.0,0.0,False
2023-12-22,Brown's Bar,Jim Beam,0.0,57.495,510,750.0,0.0,0.0,False
2023-12-23,Brown's Bar,Jim Beam,0.0,0.0,390,750.0,0.0,0.0,False
2023-12-24,Brown's Bar,Jim Beam,0.0,64.49875,510,750.0,0.0,0.0,False
2023-12-25,Brown's Bar,Jim Beam,0.0,180.03,750,750.0,0.0,0.0,False
2023-12-26,Brown's Bar,Jim Beam,0.0,120.02375,630,750.0,0.0,0.0,False
2023-12-27,Brown's Bar,Jim Beam,0.0,0.0,390,750.0,0.0,0.0,False
2023-12-28,Brown's Bar,Jim Beam,352.59,152.405,690,397.41,292.59,0.0,False
2023-12-29,Brown's Bar,Jim Beam,174.65,0.0,390,222.76000000000002,0.0,0.0,False
2023-12-30,Brown's Bar,Jim Beam,165.09,0.0,390,350.26,39.74000000000001,0.0,False
2023-12-31,Brown's Bar,Jim Beam,0.0,64.49875,510,350.26,120.0,0.0,False
2024-01-01,Brown's Bar,Jim Beam,0.0,180.03,750,390.0,240.0,0.0,False
2023-10-21,Brown's Bar,Malibu,0.0,77.69857142857143,510,510.0,0.0,0.0,False
2023-10-22,Brown's Bar,Malibu,0.0,77.69857142857143,510,510.0,0.0,0.0,False
2023-10-23,Brown's Bar,Malibu,0.0,77.69857142857143,510,510.0,0.0,0.0,False
2023-10-24,Brown's Bar,Malibu,0.0,77.69857142857143,510,510.0,0.0,0.0,False
2023-10-25,Brown's Bar,Malibu,0.0,77.69857142857143,510,510.0,0.0,0.0,False
2023-10-26,Brown's Bar,Malibu,0.0,0.0,360,510.0,0.0,0.0,False
2023-10-27,Brown's Bar,Malibu,534.5,0.0,360,0.0,360.0,24.5,True
2023-10-28,Brown's Bar,Malibu,0.0,76.35714285714286,510,0.0,150.0,0.0,False
2023-10-29,Brown's Bar,Malibu,0.0,76.35714285714286,510,360.0,0.0,0.0,False
2023-10-30,Brown's Bar,Malibu,0.0,76.35714285714286,510,510.0,0.0,0.0,False
2023-10-31,Brown's Bar,Malibu,0.0,76.35714285714286,510,510.0,0.0,0.0,False
2023-11-01,Brown's Bar,Malibu,273.33,76.35714285714286,510,236.67000000000002,273.33,0.0,False
2023-11-02,Brown's Bar,Malibu,0.0,115.4042857142857,570,236.67000000000002,60.0,0.0,False
2023-11-03,Brown's Bar,Malibu,0.0,115.4042857142857,570,510.0,0.0,0.0,False
2023-11-04,Brown's Bar,Malibu,0.0,39.04714285714285,420,570.0,0.0,0.0,False
2023-11-05,Brown's Bar,Malibu,0.0,39.04714285714285,420,570.0,0.0,0.0,False
2023-11-06,Brown's Bar,Malibu,0.0,39.04714285714285,420,570.0,0.0,0.0,False
2023-11-07,Brown's Bar,Malibu,0.0,39.04714285714285,420,570.0,0.0,0.0,False
2023-11-08,Brown's Bar,Malibu,0.0,39.04714285714285,420,570.0,0.0,0.0,False
2023-11-09,Brown's Bar,Malibu,0.0,0.0,360,570.0,0.0,0.0,False
2023-11-10,Brown's Bar,Malibu,0.0,0.0,360,570.0,0.0,0.0,False
2023-11-11,Brown's Bar,Malibu,0.0,0.0,360,570.0,0.0,0.0,False
2023-11-12,Brown's Bar,Malibu,0.0,0.0,360,570.0,0.0,0.0,False
2023-11-13,Brown's Bar,Malibu,0.0,0.0,360,570.0,0.0,0.0,False
2023-11-14,Brown's Bar,Malibu,0.0,0.0,360,570.0,0.0,0.0,False
2023-11-15,Brown's Bar,Malibu,0.0,0.0,360,570.0,0.0,0.0,False
2023-11-16,Brown's Bar,Malibu,0.0,0.0,360,570.0,0.0,0.0,False
2023-11-17,Brown's Bar,Malibu,0.0,0.0,360,570.0,0.0,0.0,False
2023-11-18,Brown's Bar,Malibu,0.0,0.0,360,570.0,0.0,0.0,False
2023-11-19,Brown's Bar,Malibu,459.82,0.0,360,110.18,249.82,0.0,False
2023-11-20,Brown's Bar,Malibu,0.0,65.68857142857142,480,110.18,120.0,0.0,False
2023-11-21,Brown's Bar,Malibu,0.0,65.68857142857142,480,360.0,0.0,0.0,False
2023-11-22,Brown's Bar,Malibu,0.0,65.68857142857142,480,480.0,0.0,0.0,False
2023-11-23,Brown's Bar,Malibu,0.0,65.68857142857142,480,480.0,0.0,0.0,False
2023-11-24,Brown's Bar,Malibu,0.0,65.68857142857142,480,480.0,0.0,0.0,False
2023-11-25,Brown's Bar,Malibu,0.0,65.68857142857142,480,480.0,0.0,0.0,False
2023-11-26,Brown's Bar,Malibu,0.0,65.68857142857142,480,480.0,0.0,0.0,False
2023-11-27,Brown's Bar,Malibu,219.72,0.0,360,260.28,99.72000000000003,0.0,False
2023-11-28,Brown's Bar,Malibu,0.0,31.388571428571428,420,260.28,60.0,0.0,False
2023-11-29,Brown's Bar,Malibu,112.94,31.388571428571428,420,247.06,112.94,0.0,False
2023-11-30,Brown's Bar,Malibu,0.0,47.52285714285714,450,307.06,30.0,0.0,False
2023-12-01,Brown's Bar,Malibu,0.0,47.52285714285714,450,420.0,0.0,0.0,False
2023-12-02,Brown's Bar,Malibu,122.48,47.52285714285714,450,327.52,122.48000000000002,0.0,False
2023-12-03,Brown's Bar,Malibu,0.0,65.02,480,327.52,30.0,0.0,False
2023-12-04,Brown's Bar,Malibu,0.0,65.02,480,450.0,0.0,0.0,False
2023-12-05,Brown's Bar,Malibu,0.0,33.63142857142857,420,480.0,0.0,0.0,False
2023-12-06,Brown's Bar,Malibu,0.0,33.63142857142857,420,480.0,0.0,0.0,False
2023-12-07,Brown's Bar,Malibu,0.0,17.497142857142858,390,480.0,0.0,0.0,False
2023-12-08,Brown's Bar,Malibu,0.0,17.497142857142858,390,480.0,0.0,0.0,False
2023-12-09,Brown's Bar,Malibu,0.0,17.497142857142858,390,480.0,0.0,0.0,False
2023-12-10,Brown's Bar,Malibu,308.83,0.0,360,171.17000000000002,188.82999999999998,0.0,False
2023-12-11,Brown's Bar,Malibu,0.0,44.11857142857143,450,171.17000000000002,90.0,0.0,False
2023-12-12,Brown's Bar,Malibu,0.0,44.11857142857143,450,360.0,0.0,0.0,False
2023-12-13,Brown's Bar,Malibu,740.96,44.11857142857143,450,0.0,450.0,290.96000000000004,True
2023-12-14,Brown's Bar,Malibu,273.1,149.97,660,0.0,210.0,273.1,True
2023-12-15,Brown's Bar,Malibu,0.0,188.9842857142857,720,450.0,60.0,0.0,False
2023-12-16,Brown's Bar,Malibu,0.0,188.9842857142857,720,660.0,0.0,0.0,False
2023-12-17,Brown's Bar,Malibu,0.0,188.9842857142857,720,720.0,0.0,0.0,False
2023-12-18,Brown's Bar,Malibu,0.0,144.8657142857143,630,720.0,0.0,0.0,False
2023-12-19,Brown's Bar,Malibu,0.0,144.8657142857143,630,720.0,0.0,0.0,False
2023-12-20,Brown's Bar,Malibu,324.93,144.8657142857143,630,395.07,234.93,0.0,False
2023-12-21,Brown's Bar,Malibu,441.95,85.43285714285715,510,0.0,275.07,46.879999999999995,True
2023-12-22,Brown's Bar,Malibu,0.0,109.55428571428571,570,234.93,60.0,0.0,False
2023-12-23,Brown's Bar,Malibu,0.0,109.55428571428571,570,510.0,0.0,0.0,False
2023-12-24,Brown's Bar,Malibu,120.81,109.55428571428571,570,449.19,120.81,0.0,False
2023-12-25,Brown's Bar,Malibu,0.0,126.81285714285715,600,449.19,30.0,0.0,False
2023-12-26,Brown's Bar,Malibu,401.13,126.81285714285715,600,168.87,401.13,0.0,False
2023-12-27,Brown's Bar,Malibu,0.0,184.11714285714288,720,198.87,120.0,0.0,False
2023-12-28,Brown's Bar,Malibu,0.0,137.69857142857143,630,600.0,0.0,0.0,False
2023-12-29,Brown's Bar,Malibu,424.45,74.56285714285715,510,295.55,214.45,0.0,False
2023-12-30,Brown's Bar,Malibu,0.0,135.19857142857146,630,295.55,120.0,0.0,False
2023-12-31,Brown's Bar,Malibu,341.87,135.19857142857146,630,168.13,341.87,0.0,False
2024-01-01,Brown's Bar,Malibu,416.29,166.7785714285714,690,0.0,348.13,128.16000000000003,True
2023-10-21,Brown's Bar,Miller,0.0,109.39875,570,570.0,0.0,0.0,False
2023-10-22,Brown's Bar,Miller,540.24,124.34875,600,29.75999999999999,570.24,0.0,False
2023-10-23,Brown's Bar,Miller,0.0,131.67125,630,29.75999999999999,30.0,0.0,False
2023-10-24,Brown's Bar,Miller,0.0,0.0,360,600.0,0.0,0.0,False
2023-10-25,Brown's Bar,Miller,189.65,88.72625,540,440.35,99.64999999999998,0.0,False
2023-10-26,Brown's Bar,Miller,0.0,15.3275,390,440.35,0.0,0.0,False
2023-10-27,Brown's Bar,Miller,0.0,84.21000000000001,540,540.0,0.0,0.0,False
2023-10-28,Brown's Bar,Miller,0.0,109.39875,570,540.0,30.0,0.0,False
2023-10-29,Brown's Bar,Miller,0.0,191.87875,750,540.0,180.0,0.0,False
2023-10-30,Brown's Bar,Miller,0.0,131.67125,630,570.0,0.0,0.0,False
2023-10-31,Brown's Bar,Miller,0.0,0.0,360,750.0,0.0,0.0,False
2023-11-01,Brown's Bar,Miller,0.0,112.43249999999999,600,750.0,0.0,0.0,False
2023-11-02,Brown's Bar,Miller,0.0,15.3275,390,750.0,0.0,0.0,False
2023-11-03,Brown's Bar,Miller,0.0,84.21000000000001,540,750.0,0.0,0.0,False
2023-11-04,Brown's Bar,Miller,0.0,74.3875,510,750.0,0.0,0.0,False
2023-11-05,Brown's Bar,Miller,0.0,191.87875,750,750.0,0.0,0.0,False
2023-11-06,Brown's Bar,Miller,0.0,131.67125,630,750.0,0.0,0.0,False
2023-11-07,Brown's Bar,Miller,0.0,0.0,360,750.0,0.0,0.0,False
2023-11-08,Brown's Bar,Miller,0.0,112.43249999999999,600,750.0,0.0,0.0,False
2023-11-09,Brown's Bar,Miller,0.0,15.3275,390,750.0,0.0,0.0,False
2023-11-10,Brown's Bar,Miller,0.0,84.21000000000001,540,750.0,0.0,0.0,False
2023-11-11,Brown's Bar,Miller,0.0,74.3875,510,750.0,0.0,0.0,False
2023-11-12,Brown's Bar,Miller,254.1,120.9025,600,495.9,104.10000000000002,0.0,False
2023-11-13,Brown's Bar,Miller,0.0,131.67125,630,495.9,30.0,0.0,False
2023-11-14,Brown's Bar,Miller,0.0,0.0,360,600.0,0.0,0.0,False
2023-11-15,Brown's Bar,Miller,0.0,91.10249999999999,540,630.0,0.0,0.0,False
2023-11-16,Brown's Bar,Miller,0.0,15.3275,390,630.0,0.0,0.0,False
2023-11-17,Brown's Bar,Miller,0.0,26.0325,420,630.0,0.0,0.0,False
2023-11-18,Brown's Bar,Miller,0.0,74.3875,510,630.0,0.0,0.0,False
2023-11-19,Brown's Bar,Miller,0.0,152.66500000000002,660,630.0,30.0,0.0,False
2023-11-20,Brown's Bar,Miller,0.0,131.67125,630,630.0,0.0,0.0,False
2023-11-21,Brown's Bar,Miller,0.0,0.0,360,660.0,0.0,0.0,False
2023-11-22,Brown's Bar,Miller,0.0,91.10249999999999,540,660.0,0.0,0.0,False
2023-11-23,Brown's Bar,Miller,0.0,15.3275,390,660.0,0.0,0.0,False
2023-11-24,Brown's Bar,Miller,0.0,26.0325,420,660.0,0.0,0.0,False
2023-11-25,Brown's Bar,Miller,0.0,74.3875,510,660.0,0.0,0.0,False
2023-11-26,Brown's Bar,Miller,0.0,152.665,660,660.0,0.0,0.0,False
2023-11-27,Brown's Bar,Miller,0.0,131.67125,630,660.0,0.0,0.0,False
2023-11-28,Brown's Bar,Miller,0.0,0.0,360,660.0,0.0,0.0,False
2023-11-29,Brown's Bar,Miller,232.33,91.10249999999999,540,427.66999999999996,112.33000000000004,0.0,False
2023-11-30,Brown's Bar,Miller,0.0,15.3275,390,427.66999999999996,0.0,0.0,False
2023-12-01,Brown's Bar,Miller,0.0,0.0,360,540.0,0.0,0.0,False
2023-12-02,Brown's Bar,Miller,146.88,74.3875,510,393.12,116.88,0.0,False
2023-12-03,Brown's Bar,Miller,74.02,99.2925,570,319.1,134.01999999999998,0.0,False
2023-12-04,Brown's Bar,Miller,0.0,84.50625,540,435.98,0.0,0.0,False
2023-12-05,Brown's Bar,Miller,0.0,0.0,360,570.0,0.0,0.0,False
2023-12-06,Brown's Bar,Miller,0.0,52.7475,480,570.0,0.0,0.0,False
2023-12-07,Brown's Bar,Miller,0.0,15.3275,390,570.0,0.0,0.0,False
2023-12-08,Brown's Bar,Miller,0.0,0.0,360,570.0,0.0,0.0,False
2023-12-09,Brown's Bar,Miller,0.0,92.7475,540,570.0,0.0,0.0,False
2023-12-10,Brown's Bar,Miller,0.0,108.545,570,570.0,0.0,0.0,False
2023-12-11,Brown's Bar,Miller,136.03,64.81625,480,433.97,46.02999999999997,0.0,False
2023-12-12,Brown's Bar,Miller,0.0,0.0,360,433.97,0.0,0.0,False
2023-12-13,Brown's Bar,Miller,0.0,52.7475,480,480.0,0.0,0.0,False
2023-12-14,Brown's Bar,Miller,0.0,0.0,360,480.0,0.0,0.0,False
2023-12-15,Brown's Bar,Miller,0.0,0.0,360,480.0,0.0,0.0,False
2023-12-16,Brown's Bar,Miller,0.0,18.36,390,480.0,0.0,0.0,False
2023-12-17,Brown's Bar,Miller,0.0,108.545,570,480.0,90.0,0.0,False
2023-12-18,Brown's Bar,Miller,0.0,17.00375,390,480.0,0.0,0.0,False
2023-12-19,Brown's Bar,Miller,0.0,0.0,360,570.0,0.0,0.0,False
2023-12-20,Brown's Bar,Miller,0.0,52.7475,480,570.0,0.0,0.0,False
2023-12-21,Brown's Bar,Miller,0.0,0.0,360,570.0,0.0,0.0,False
2023-12-22,Brown's Bar,Miller,0.0,0.0,360,570.0,0.0,0.0,False
2023-12-23,Brown's Bar,Miller,0.0,18.36,390,570.0,0.0,0.0,False
2023-12-24,Brown's Bar,Miller,0.0,41.015,450,570.0,0.0,0.0,False
2023-12-25,Brown's Bar,Miller,0.0,17.00375,390,570.0,0.0,0.0,False
2023-12-26,Brown's Bar,Miller,0.0,0.0,360,570.0,0.0,0.0,False
2023-12-27,Brown's Bar,Miller,0.0,29.04125,420,570.0,0.0,0.0,False
2023-12-28,Brown's Bar,Miller,0.0,0.0,360,570.0,0.0,0.0,False
2023-12-29,Brown's Bar,Miller,0.0,0.0,360,570.0,0.0,0.0,False
2023-12-30,Brown's Bar,Miller,0.0,18.36,390,570.0,0.0,0.0,False
2023-12-31,Brown's Bar,Miller,0.0,41.015,450,570.0,0.0,0.0,False
2024-01-01,Brown's Bar,Miller,0.0,17.00375,390,570.0,0.0,0.0,False
2023-10-21,Brown's Bar,Smirnoff,0.0,108.32142857142857,540,540.0,0.0,0.0,False
2023-10-22,Brown's Bar,Smirnoff,518.12,108.32142857142857,540,21.879999999999995,518.12,0.0,False
2023-10-23,Brown's Bar,Smirnoff,0.0,116.75285714285714,540,21.879999999999995,0.0,0.0,False
2023-10-24,Brown's Bar,Smirnoff,0.0,116.75285714285714,540,540.0,0.0,0.0,False
2023-10-25,Brown's Bar,Smirnoff,0.0,116.75285714285714,540,540.0,0.0,0.0,False
2023-10-26,Brown's Bar,Smirnoff,0.0,74.01714285714286,450,540.0,0.0,0.0,False
2023-10-27,Brown's Bar,Smirnoff,0.0,74.01714285714286,450,540.0,0.0,0.0,False
2023-10-28,Brown's Bar,Smirnoff,0.0,74.01714285714286,450,540.0,0.0,0.0,False
2023-10-29,Brown's Bar,Smirnoff,390.95,74.01714285714286,450,149.05,300.95,0.0,False
2023-10-30,Brown's Bar,Smirnoff,315.64,55.85,420,0.0,119.05000000000001,166.58999999999997,True
2023-10-31,Brown's Bar,Smirnoff,0.0,100.94142857142856,510,300.95,90.0,0.0,False
2023-11-01,Brown's Bar,Smirnoff,0.0,100.94142857142856,510,420.0,0.0,0.0,False
2023-11-02,Brown's Bar,Smirnoff,0.0,100.94142857142856,510,510.0,0.0,0.0,False
2023-11-03,Brown's Bar,Smirnoff,0.0,100.94142857142856,510,510.0,0.0,0.0,False
2023-11-04,Brown's Bar,Smirnoff,0.0,100.94142857142856,510,510.0,0.0,0.0,False
2023-11-05,Brown's Bar,Smirnoff,0.0,100.94142857142856,510,510.0,0.0,0.0,False
2023-11-06,Brown's Bar,Smirnoff,257.14,45.09142857142857,390,252.86,137.14,0.0,False
2023-11-07,Brown's Bar,Smirnoff,547.64,36.73428571428571,390,0.0,252.86,294.78,True
2023-11-08,Brown's Bar,Smirnoff,462.7,114.96857142857142,540,0.0,287.14,325.56,True
2023-11-09,Brown's Bar,Smirnoff,0.0,181.06857142857143,660,252.86,120.0,0.0,False
2023-11-10,Brown's Bar,Smirnoff,0.0,181.06857142857143,660,540.0,0.0,0.0,False
2023-11-11,Brown's Bar,Smirnoff,0.0,181.06857142857143,660,660.0,0.0,0.0,False
2023-11-12,Brown's Bar,Smirnoff,0.0,181.06857142857143,660,660.0,0.0,0.0,False
2023-11-13,Brown's Bar,Smirnoff,102.15,181.06857142857143,660,557.85,102.14999999999998,0.0,False
2023-11-14,Brown's Bar,Smirnoff,0.0,158.92714285714285,630,557.85,0.0,0.0,False
2023-11-15,Brown's Bar,Smirnoff,0.0,80.69285714285715,480,660.0,0.0,0.0,False
2023-11-16,Brown's Bar,Smirnoff,0.0,14.592857142857143,330,660.0,0.0,0.0,False
2023-11-17,Brown's Bar,Smirnoff,0.0,14.592857142857143,330,660.0,0.0,0.0,False
2023-11-18,Brown's Bar,Smirnoff,0.0,14.592857142857143,330,660.0,0.0,0.0,False
2023-11-19,Brown's Bar,Smirnoff,0.0,14.592857142857143,330,660.0,0.0,0.0,False
2023-11-20,Brown's Bar,Smirnoff,0.0,14.592857142857143,330,660.0,0.0,0.0,False
2023-11-21,Brown's Bar,Smirnoff,0.0,0.0,300,660.0,0.0,0.0,False
2023-11-22,Brown's Bar,Smirnoff,0.0,0.0,300,660.0,0.0,0.0,False
2023-11-23,Brown's Bar,Smirnoff,0.0,0.0,300,660.0,0.0,0.0,False
2023-11-24,Brown's Bar,Smirnoff,352.84,0.0,300,307.16,0.0,0.0,False
2023-11-25,Brown's Bar,Smirnoff,0.0,50.40571428571428,420,307.16,112.83999999999997,0.0,False
2023-11-26,Brown's Bar,Smirnoff,0.0,50.40571428571428,420,307.16,0.0,0.0,False
2023-11-27,Brown's Bar,Smirnoff,0.0,50.40571428571428,420,420.0,0.0,0.0,False
2023-11-28,Brown's Bar,Smirnoff,0.0,50.40571428571428,420,420.0,0.0,0.0,False
2023-11-29,Brown's Bar,Smirnoff,0.0,50.40571428571428,420,420.0,0.0,0.0,False
2023-11-30,Brown's Bar,Smirnoff,114.57,50.40571428571428,420,305.43,114.57,0.0,False
2023-12-01,Brown's Bar,Smirnoff,0.0,66.77285714285713,450,305.43,30.0,0.0,False
2023-12-02,Brown's Bar,Smirnoff,422.25,16.367142857142856,330,0.0,300.0,2.25,True
2023-12-03,Brown's Bar,Smirnoff,130.34,76.68857142857142,450,0.0,150.0,100.34,True
2023-12-04,Brown's Bar,Smirnoff,0.0,95.30857142857143,510,300.0,60.0,0.0,False
2023-12-05,Brown's Bar,Smirnoff,0.0,95.30857142857143,510,450.0,0.0,0.0,False
2023-12-06,Brown's Bar,Smirnoff,0.0,95.30857142857143,510,510.0,0.0,0.0,False
2023-12-07,Brown's Bar,Smirnoff,0.0,95.30857142857143,510,510.0,0.0,0.0,False
2023-12-08,Brown's Bar,Smirnoff,0.0,78.94142857142857,480,510.0,0.0,0.0,False
2023-12-09,Brown's Bar,Smirnoff,0.0,78.94142857142857,480,510.0,0.0,0.0,False
2023-12-10,Brown's Bar,Smirnoff,0.0,18.62,360,510.0,0.0,0.0,False
2023-12-11,Brown's Bar,Smirnoff,331.4,0.0,300,178.60000000000002,121.39999999999998,0.0,False
2023-12-12,Brown's Bar,Smirnoff,0.0,47.34285714285714,420,178.60000000000002,120.0,0.0,False
2023-12-13,Brown's Bar,Smirnoff,0.0,47.34285714285714,420,300.0,0.0,0.0,False
2023-12-14,Brown's Bar,Smirnoff,167.81,47.34285714285714,420,252.19,167.81,0.0,False
2023-12-15,Brown's Bar,Smirnoff,0.0,71.31571428571428,450,252.19,30.0,0.0,False
2023-12-16,Brown's Bar,Smirnoff,0.0,71.31571428571428,450,420.0,0.0,0.0,False
2023-12-17,Brown's Bar,Smirnoff,0.0,71.31571428571428,450,450.0,0.0,0.0,False
2023-12-18,Brown's Bar,Smirnoff,0.0,71.31571428571428,450,450.0,0.0,0.0,False
2023-12-19,Brown's Bar,Smirnoff,0.0,23.972857142857144,360,450.0,0.0,0.0,False
2023-12-20,Brown's Bar,Smirnoff,0.0,23.972857142857144,360,450.0,0.0,0.0,False
2023-12-21,Brown's Bar,Smirnoff,0.0,23.972857142857144,360,450.0,0.0,0.0,False
2023-12-22,Brown's Bar,Smirnoff,0.0,0.0,300,450.0,0.0,0.0,False
2023-12-23,Brown's Bar,Smirnoff,0.0,0.0,300,450.0,0.0,0.0,False
2023-12-24,Brown's Bar,Smirnoff,0.0,0.0,300,450.0,0.0,0.0,False
2023-12-25,Brown's Bar,Smirnoff,0.0,0.0,300,450.0,0.0,0.0,False
2023-12-26,Brown's Bar,Smirnoff,550.74,0.0,300,0.0,300.0,100.74000000000001,True
2023-12-27,Brown's Bar,Smirnoff,0.0,78.67714285714285,480,0.0,180.0,0.0,False
2023-12-28,Brown's Bar,Smirnoff,0.0,78.67714285714285,480,300.0,0.0,0.0,False
2023-12-29,Brown's Bar,Smirnoff,0.0,78.67714285714285,480,480.0,0.0,0.0,False
2023-12-30,Brown's Bar,Smirnoff,0.0,78.67714285714285,480,480.0,0.0,0.0,False
2023-12-31,Brown's Bar,Smirnoff,0.0,78.67714285714285,480,480.0,0.0,0.0,False
2024-01-01,Brown's Bar,Smirnoff,252.39,78.67714285714285,480,227.61,252.39,0.0,False
2023-10-21,Brown's Bar,Sutter Home,0.0,0.0,360,360.0,0.0,0.0,False
2023-10-22,Brown's Bar,Sutter Home,258.86,0.0,360,101.13999999999999,258.86,0.0,False
2023-10-23,Brown's Bar,Sutter Home,408.67,36.980000000000004,450,0.0,191.14,307.53000000000003,True
2023-10-24,Brown's Bar,Sutter Home,0.0,95.36142857142856,540,258.86,90.0,0.0,False
2023-10-25,Brown's Bar,Sutter Home,437.81,95.36142857142856,540,12.189999999999998,437.81,0.0,False
2023-10-26,Brown's Bar,Sutter Home,137.49,157.90571428571428,690,0.0,252.19,35.30000000000001,True
2023-10-27,Brown's Bar,Sutter Home,0.0,177.54714285714286,720,437.81,30.0,0.0,False
2023-10-28,Brown's Bar,Sutter Home,0.0,177.54714285714286,720,690.0,0.0,0.0,False
2023-10-29,Brown's Bar,Sutter Home,0.0,177.54714285714286,720,720.0,0.0,0.0,False
2023-10-30,Brown's Bar,Sutter Home,0.0,140.56714285714287,660,720.0,0.0,0.0,False
2023-10-31,Brown's Bar,Sutter Home,421.53,82.18571428571428,540,298.47,241.52999999999997,0.0,False
2023-11-01,Brown's Bar,Sutter Home,0.0,142.4042857142857,660,298.47,120.0,0.0,False
2023-11-02,Brown's Bar,Sutter Home,117.54,79.86,510,422.46,0.0,0.0,False
2023-11-03,Brown's Bar,Sutter Home,0.0,77.00999999999999,510,542.46,0.0,0.0,False
2023-11-04,Brown's Bar,Sutter Home,0.0,77.00999999999999,510,542.46,0.0,0.0,False
2023-11-05,Brown's Bar,Sutter Home,0.0,77.00999999999999,510,542.46,0.0,0.0,False
2023-11-06,Brown's Bar,Sutter Home,0.0,77.00999999999999,510,542.46,0.0,0.0,False
2023-11-07,Brown's Bar,Sutter Home,0.0,77.00999999999999,510,542.46,0.0,0.0,False
2023-11-08,Brown's Bar,Sutter Home,0.0,16.791428571428572,390,542.46,0.0,0.0,False
2023-11-09,Brown's Bar,Sutter Home,311.54,16.791428571428572,390,230.92000000000002,159.07999999999998,0.0,False
2023-11-10,Brown's Bar,Sutter Home,0.0,44.50571428571429,450,230.92000000000002,60.0,0.0,False
2023-11-11,Brown's Bar,Sutter Home,0.0,44.50571428571429,450,390.0,0.0,0.0,False
2023-11-12,Brown's Bar,Sutter Home,321.54,44.50571428571429,450,128.45999999999998,321.54,0.0,False
2023-11-13,Brown's Bar,Sutter Home,0.0,90.44000000000001,540,128.45999999999998,90.0,0.0,False
2023-11-14,Brown's Bar,Sutter Home,0.0,90.44000000000001,540,450.0,0.0,0.0,False
2023-11-15,Brown's Bar,Sutter Home,160.28,90.44000000000001,540,379.72,160.27999999999997,0.0,False
2023-11-16,Brown's Bar,Sutter Home,0.0,113.33714285714287,600,379.72,60.0,0.0,False
2023-11-17,Brown's Bar,Sutter Home,0.0,68.83142857142857,510,540.0,0.0,0.0,False
2023-11-18,Brown's Bar,Sutter Home,0.0,68.83142857142857,510,600.0,0.0,0.0,False
2023-11-19,Brown's Bar,Sutter Home,0.0,68.83142857142857,510,600.0,0.0,0.0,False
2023-11-20,Brown's Bar,Sutter Home,0.0,22.897142857142857,420,600.0,0.0,0.0,False
2023-11-21,Brown's Bar,Sutter Home,0.0,22.897142857142857,420,600.0,0.0,0.0,False
2023-11-22,Brown's Bar,Sutter Home,0.0,22.897142857142857,420,600.0,0.0,0.0,False
2023-11-23,Brown's Bar,Sutter Home,0.0,0.0,360,600.0,0.0,0.0,False
2023-11-24,Brown's Bar,Sutter Home,0.0,0.0,360,600.0,0.0,0.0,False
2023-11-25,Brown's Bar,Sutter Home,329.76,0.0,360,270.24,89.75999999999999,0.0,False
2023-11-26,Brown's Bar,Sutter Home,373.49,47.10857142857143,450,0.0,360.24,103.25,True
2023-11-27,Brown's Bar,Sutter Home,0.0,100.46428571428571,570,89.75999999999999,120.0,0.0,False
2023-11-28,Brown's Bar,Sutter Home,0.0,100.46428571428571,570,450.0,0.0,0.0,False
2023-11-29,Brown's Bar,Sutter Home,0.0,100.46428571428571,570,570.0,0.0,0.0,False
2023-11-30,Brown's Bar,Sutter Home,0.0,100.46428571428571,570,570.0,0.0,0.0,False
2023-12-01,Brown's Bar,Sutter Home,179.96,100.46428571428571,570,390.03999999999996,179.96000000000004,0.0,False
2023-12-02,Brown's Bar,Sutter Home,0.0,126.17285714285715,630,390.03999999999996,60.0,0.0,False
2023-12-03,Brown's Bar,Sutter Home,0.0,79.06428571428572,510,570.0,0.0,0.0,False
2023-12-04,Brown's Bar,Sutter Home,0.0,25.708571428571428,420,630.0,0.0,0.0,False
2023-12-05,Brown's Bar,Sutter Home,0.0,25.708571428571428,420,630.0,0.0,0.0,False
2023-12-06,Brown's Bar,Sutter Home,0.0,25.708571428571428,420,630.0,0.0,0.0,False
2023-12-07,Brown's Bar,Sutter Home,0.0,25.708571428571428,420,630.0,0.0,0.0,False
2023-12-08,Brown's Bar,Sutter Home,0.0,25.708571428571428,420,630.0,0.0,0.0,False
2023-12-09,Brown's Bar,Sutter Home,0.0,0.0,360,630.0,0.0,0.0,False
2023-12-10,Brown's Bar,Sutter Home,0.0,0.0,360,630.0,0.0,0.0,False
2023-12-11,Brown's Bar,Sutter Home,0.0,0.0,360,630.0,0.0,0.0,False
2023-12-12,Brown's Bar,Sutter Home,0.0,0.0,360,630.0,0.0,0.0,False
2023-12-13,Brown's Bar,Sutter Home,0.0,0.0,360,630.0,0.0,0.0,False
2023-12-14,Brown's Bar,Sutter Home,0.0,0.0,360,630.0,0.0,0.0,False
2023-12-15,Brown's Bar,Sutter Home,128.53,0.0,360,501.47,0.0,0.0,False
2023-12-16,Brown's Bar,Sutter Home,0.0,18.361428571428572,390,501.47,0.0,0.0,False
2023-12-17,Brown's Bar,Sutter Home,0.0,18.361428571428572,390,501.47,0.0,0.0,False
2023-12-18,Brown's Bar,Sutter Home,0.0,18.361428571428572,390,501.47,0.0,0.0,False
2023-12-19,Brown's Bar,Sutter Home,0.0,18.361428571428572,390,501.47,0.0,0.0,False
2023-12-20,Brown's Bar,Sutter Home,0.0,18.361428571428572,390,501.47,0.0,0.0,False
2023-12-21,Brown's Bar,Sutter Home,0.0,18.361428571428572,390,501.47,0.0,0.0,False
2023-12-22,Brown's Bar,Sutter Home,0.0,18.361428571428572,390,501.47,0.0,0.0,False
2023-12-23,Brown's Bar,Sutter Home,0.0,0.0,360,501.47,0.0,0.0,False
2023-12-24,Brown's Bar,Sutter Home,0.0,0.0,360,501.47,0.0,0.0,False
2023-12-25,Brown's Bar,Sutter Home,0.0,0.0,360,501.47,0.0,0.0,False
2023-12-26,Brown's Bar,Sutter Home,0.0,0.0,360,501.47,0.0,0.0,False
2023-12-27,Brown's Bar,Sutter Home,0.0,0.0,360,501.47,0.0,0.0,False
2023-12-28,Brown's Bar,Sutter Home,0.0,0.0,360,501.47,0.0,0.0,False
2023-12-29,Brown's Bar,Sutter Home,0.0,0.0,360,501.47,0.0,0.0,False
2023-12-30,Brown's Bar,Sutter Home,0.0,0.0,360,501.47,0.0,0.0,False
2023-12-31,Brown's Bar,Sutter Home,0.0,0.0,360,501.47,0.0,0.0,False
2024-01-01,Brown's Bar,Sutter Home,0.0,0.0,360,501.47,0.0,0.0,False
2023-10-21,Brown's Bar,Yellow Tail,0.0,85.31875000000001,600,600.0,0.0,0.0,False
2023-10-22,Brown's Bar,Yellow Tail,0.0,25.145,480,600.0,0.0,0.0,False
2023-10-23,Brown's Bar,Yellow Tail,0.0,153.5675,720,600.0,120.0,0.0,False
2023-10-24,Brown's Bar,Yellow Tail,0.0,79.92875000000001,570,600.0,0.0,0.0,False
2023-10-25,Brown's Bar,Yellow Tail,0.0,106.38,630,720.0,0.0,0.0,False
2023-10-26,Brown's Bar,Yellow Tail,0.0,171.86124999999998,750,720.0,30.0,0.0,False
2023-10-27,Brown's Bar,Yellow Tail,0.0,97.69500000000001,600,720.0,0.0,0.0,False
2023-10-28,Brown's Bar,Yellow Tail,0.0,85.31875000000001,600,750.0,0.0,0.0,False
2023-10-29,Brown's Bar,Yellow Tail,271.7,25.145,480,478.3,1.6999999999999886,0.0,False
2023-10-30,Brown's Bar,Yellow Tail,0.0,153.5675,720,478.3,240.0,0.0,False
2023-10-31,Brown's Bar,Yellow Tail,0.0,79.92875000000001,570,480.0,0.0,0.0,False
2023-11-01,Brown's Bar,Yellow Tail,620.5,106.38,630,99.5,530.5,0.0,False
2023-11-02,Brown's Bar,Yellow Tail,0.0,119.04624999999999,660,99.5,30.0,0.0,False
2023-11-03,Brown's Bar,Yellow Tail,207.92,56.48375,540,422.08000000000004,87.91999999999996,0.0,False
2023-11-04,Brown's Bar,Yellow Tail,0.0,16.8725,450,452.08000000000004,0.0,0.0,False
2023-11-05,Brown's Bar,Yellow Tail,0.0,59.1075,540,540.0,0.0,0.0,False
2023-11-06,Brown's Bar,Yellow Tail,0.0,153.5675,720,540.0,180.0,0.0,False
2023-11-07,Brown's Bar,Yellow Tail,0.0,79.92875000000001,570,540.0,0.0,0.0,False
2023-11-08,Brown's Bar,Yellow Tail,0.0,183.9425,780,720.0,60.0,0.0,False
2023-11-09,Brown's Bar,Yellow Tail,0.0,119.04624999999999,660,720.0,0.0,0.0,False
2023-11-10,Brown's Bar,Yellow Tail,217.05,43.03375,510,562.95,0.0,0.0,False
2023-11-11,Brown's Bar,Yellow Tail,0.0,16.8725,450,562.95,0.0,0.0,False
2023-11-12,Brown's Bar,Yellow Tail,0.0,59.1075,540,562.95,0.0,0.0,False
2023-11-13,Brown's Bar,Yellow Tail,0.0,153.5675,720,562.95,157.04999999999995,0.0,False
2023-11-14,Brown's Bar,Yellow Tail,0.0,79.92875000000001,570,562.95,0.0,0.0,False
2023-11-15,Brown's Bar,Yellow Tail,0.0,183.9425,780,720.0,60.0,0.0,False
2023-11-16,Brown's Bar,Yellow Tail,0.0,56.37875,540,720.0,0.0,0.0,False
2023-11-17,Brown's Bar,Yellow Tail,0.0,70.165,570,780.0,0.0,0.0,False
2023-11-18,Brown's Bar,Yellow Tail,0.0,16.8725,450,780.0,0.0,0.0,False
2023-11-19,Brown's Bar,Yellow Tail,314.57,59.1075,540,465.43,74.57,0.0,False
2023-11-20,Brown's Bar,Yellow Tail,465.81,153.5675,720,0.0,645.4300000000001,0.37999999999999545,True
2023-11-21,Brown's Bar,Yellow Tail,0.0,46.365,510,74.57,0.0,0.0,False
2023-11-22,Brown's Bar,Yellow Tail,0.0,183.9425,780,720.0,60.0,0.0,False
2023-11-23,Brown's Bar,Yellow Tail,0.0,56.37875,540,720.0,0.0,0.0,False
2023-11-24,Brown's Bar,Yellow Tail,0.0,70.165,570,780.0,0.0,0.0,False
2023-11-25,Brown's Bar,Yellow Tail,0.0,0.0,420,780.0,0.0,0.0,False
2023-11-26,Brown's Bar,Yellow Tail,0.0,73.28375,570,780.0,0.0,0.0,False
2023-11-27,Brown's Bar,Yellow Tail,0.0,88.73,600,780.0,0.0,0.0,False
2023-11-28,Brown's Bar,Yellow Tail,190.48,46.365,510,589.52,0.0,0.0,False
2023-11-29,Brown's Bar,Yellow Tail,434.71,183.9425,780,154.81,625.19,0.0,False
2023-11-30,Brown's Bar,Yellow Tail,0.0,56.37875,540,154.81,0.0,0.0,False
2023-12-01,Brown's Bar,Yellow Tail,0.0,70.165,570,780.0,0.0,0.0,False
2023-12-02,Brown's Bar,Yellow Tail,280.2,0.0,420,499.8,0.0,0.0,False
2023-12-03,Brown's Bar,Yellow Tail,0.0,73.28375,570,499.8,70.19999999999999,0.0,False
2023-12-04,Brown's Bar,Yellow Tail,0.0,88.73,600,499.8,30.0,0.0,False
2023-12-05,Brown's Bar,Yellow Tail,312.9,70.175,570,257.1,282.9,0.0,False
2023-12-06,Brown's Bar,Yellow Tail,0.0,238.28125,900,287.1,330.0,0.0,False
2023-12-07,Brown's Bar,Yellow Tail,0.0,0.0,420,570.0,0.0,0.0,False
2023-12-08,Brown's Bar,Yellow Tail,0.0,53.12125,510,900.0,0.0,0.0,False
2023-12-09,Brown's Bar,Yellow Tail,0.0,35.025,480,900.0,0.0,0.0,False
2023-12-10,Brown's Bar,Yellow Tail,0.0,73.28375,570,900.0,0.0,0.0,False
2023-12-11,Brown's Bar,Yellow Tail,0.0,58.22625,540,900.0,0.0,0.0,False
2023-12-12,Brown's Bar,Yellow Tail,422.21,109.2875,630,477.79,152.20999999999998,0.0,False
2023-12-13,Brown's Bar,Yellow Tail,1118.28,170.28125,750,0.0,597.79,640.49,True
2023-12-14,Brown's Bar,Yellow Tail,269.05,0.0,420,0.0,0.0,116.84000000000003,True
2023-12-15,Brown's Bar,Yellow Tail,0.0,53.12125,510,597.79,0.0,0.0,False
2023-12-16,Brown's Bar,Yellow Tail,0.0,35.025,480,597.79,0.0,0.0,False
2023-12-17,Brown's Bar,Yellow Tail,0.0,73.28375,570,597.79,0.0,0.0,False
2023-12-18,Brown's Bar,Yellow Tail,0.0,58.22625,540,597.79,0.0,0.0,False
2023-12-19,Brown's Bar,Yellow Tail,0.0,115.69874999999999,660,597.79,62.210000000000036,0.0,False
2023-12-20,Brown's Bar,Yellow Tail,0.0,271.68625,960,597.79,300.0,0.0,False
2023-12-21,Brown's Bar,Yellow Tail,0.0,33.63125,480,660.0,0.0,0.0,False
2023-12-22,Brown's Bar,Yellow Tail,0.0,53.12125,510,960.0,0.0,0.0,False
2023-12-23,Brown's Bar,Yellow Tail,0.0,35.025,480,960.0,0.0,0.0,False
2023-12-24,Brown's Bar,Yellow Tail,0.0,73.28375,570,960.0,0.0,0.0,False
2023-12-25,Brown's Bar,Yellow Tail,0.0,58.22625,540,960.0,0.0,0.0,False
2023-12-26,Brown's Bar,Yellow Tail,0.0,115.69874999999999,660,960.0,0.0,0.0,False
2023-12-27,Brown's Bar,Yellow Tail,0.0,271.68625,960,960.0,0.0,0.0,False
2023-12-28,Brown's Bar,Yellow Tail,0.0,33.63125,480,960.0,0.0,0.0,False
2023-12-29,Brown's Bar,Yellow Tail,441.83,53.12125,510,518.1700000000001,0.0,0.0,False
2023-12-30,Brown's Bar,Yellow Tail,0.0,35.025,480,518.1700000000001,0.0,0.0,False
2023-12-31,Brown's Bar,Yellow Tail,0.0,39.32125,510,518.1700000000001,0.0,0.0,False
2024-01-01,Brown's Bar,Yellow Tail,0.0,58.22625,540,518.1700000000001,21.829999999999927,0.0,False
2023-10-21,Johnson's Bar,Absolut,0.0,130.1,660,660.0,0.0,0.0,False
2023-10-22,Johnson's Bar,Absolut,0.0,57.97714285714285,510,660.0,0.0,0.0,False
2023-10-23,Johnson's Bar,Absolut,0.0,57.97714285714285,510,660.0,0.0,0.0,False
2023-10-24,Johnson's Bar,Absolut,0.0,57.97714285714285,510,660.0,0.0,0.0,False
2023-10-25,Johnson's Bar,Absolut,199.93,57.97714285714285,510,460.07,49.93000000000001,0.0,False
2023-10-26,Johnson's Bar,Absolut,0.0,86.53857142857143,570,460.07,60.0,0.0,False
2023-10-27,Johnson's Bar,Absolut,0.0,86.53857142857143,570,510.0,0.0,0.0,False
2023-10-28,Johnson's Bar,Absolut,0.0,28.56142857142857,450,570.0,0.0,0.0,False
2023-10-29,Johnson's Bar,Absolut,0.0,28.56142857142857,450,570.0,0.0,0.0,False
2023-10-30,Johnson's Bar,Absolut,0.0,28.56142857142857,450,570.0,0.0,0.0,False
2023-10-31,Johnson's Bar,Absolut,0.0,28.56142857142857,450,570.0,0.0,0.0,False
2023-11-01,Johnson's Bar,Absolut,0.0,28.56142857142857,450,570.0,0.0,0.0,False
2023-11-02,Johnson's Bar,Absolut,0.0,0.0,420,570.0,0.0,0.0,False
2023-11-03,Johnson's Bar,Absolut,0.0,0.0,420,570.0,0.0,0.0,False
2023-11-04,Johnson's Bar,Absolut,0.0,0.0,420,570.0,0.0,0.0,False
2023-11-05,Johnson's Bar,Absolut,0.0,0.0,420,570.0,0.0,0.0,False
2023-11-06,Johnson's Bar,Absolut,0.0,0.0,420,570.0,0.0,0.0,False
2023-11-07,Johnson's Bar,Absolut,0.0,0.0,420,570.0,0.0,0.0,False
2023-11-08,Johnson's Bar,Absolut,0.0,0.0,420,570.0,0.0,0.0,False
2023-11-09,Johnson's Bar,Absolut,0.0,0.0,420,570.0,0.0,0.0,False
2023-11-10,Johnson's Bar,Absolut,503.39,0.0,420,66.61000000000001,353.39,0.0,False
2023-11-11,Johnson's Bar,Absolut,0.0,71.91285714285713,540,66.61000000000001,120.0,0.0,False
2023-11-12,Johnson's Bar,Absolut,480.6,71.91285714285713,540,0.0,420.0,60.60000000000002,True
2023-11-13,Johnson's Bar,Absolut,0.0,140.57,690,120.0,150.0,0.0,False
2023-11-14,Johnson's Bar,Absolut,0.0,140.57,690,540.0,0.0,0.0,False
2023-11-15,Johnson's Bar,Absolut,578.37,140.57,690,111.63,578.37,0.0,False
2023-11-16,Johnson's Bar,Absolut,0.0,223.19428571428574,840,111.63,150.0,0.0,False
2023-11-17,Johnson's Bar,Absolut,0.0,223.19428571428574,840,690.0,0.0,0.0,False
2023-11-18,Johnson's Bar,Absolut,0.0,151.28142857142856,720,840.0,0.0,0.0,False
2023-11-19,Johnson's Bar,Absolut,248.55,151.28142857142856,720,591.45,128.54999999999995,0.0,False
2023-11-20,Johnson's Bar,Absolut,0.0,118.13142857142859,630,591.45,0.0,0.0,False
2023-11-21,Johnson's Bar,Absolut,507.61,118.13142857142859,630,212.39,417.61,0.0,False
2023-11-22,Johnson's Bar,Absolut,0.0,190.64714285714288,780,212.39,150.0,0.0,False
2023-11-23,Johnson's Bar,Absolut,0.0,108.02285714285715,630,630.0,0.0,0.0,False
2023-11-24,Johnson's Bar,Absolut,0.0,108.02285714285715,630,780.0,0.0,0.0,False
2023-11-25,Johnson's Bar,Absolut,0.0,108.02285714285715,630,780.0,0.0,0.0,False
2023-11-26,Johnson's Bar,Absolut,0.0,108.02285714285715,630,780.0,0.0,0.0,False
2023-11-27,Johnson's Bar,Absolut,0.0,72.51571428571428,540,780.0,0.0,0.0,False
2023-11-28,Johnson's Bar,Absolut,0.0,72.51571428571428,540,780.0,0.0,0.0,False
2023-11-29,Johnson's Bar,Absolut,0.0,0.0,420,780.0,0.0,0.0,False
2023-11-30,Johnson's Bar,Absolut,0.0,0.0,420,780.0,0.0,0.0,False
2023-12-01,Johnson's Bar,Absolut,0.0,0.0,420,780.0,0.0,0.0,False
2023-12-02,Johnson's Bar,Absolut,253.08,0.0,420,526.92,0.0,0.0,False
2023-12-03,Johnson's Bar,Absolut,173.92,36.15428571428571,480,353.0,127.0,0.0,False
2023-12-04,Johnson's Bar,Absolut,161.34,61.0,540,191.66,221.34000000000003,0.0,False
2023-12-05,Johnson's Bar,Absolut,0.0,84.04857142857144,570,318.65999999999997,30.0,0.0,False
2023-12-06,Johnson's Bar,Absolut,0.0,84.04857142857144,570,540.0,0.0,0.0,False
2023-12-07,Johnson's Bar,Absolut,0.0,84.04857142857144,570,570.0,0.0,0.0,False
2023-12-08,Johnson's Bar,Absolut,0.0,84.04857142857144,570,570.0,0.0,0.0,False
2023-12-09,Johnson's Bar,Absolut,0.0,84.04857142857144,570,570.0,0.0,0.0,False
2023-12-10,Johnson's Bar,Absolut,137.43,47.894285714285715,510,432.57,77.43,0.0,False
2023-12-11,Johnson's Bar,Absolut,340.37,42.68142857142857,480,92.19999999999999,310.37,0.0,False
2023-12-12,Johnson's Bar,Absolut,0.0,68.25714285714285,540,169.63,60.0,0.0,False
2023-12-13,Johnson's Bar,Absolut,0.0,68.25714285714285,540,480.0,0.0,0.0,False
2023-12-14,Johnson's Bar,Absolut,0.0,68.25714285714285,540,540.0,0.0,0.0,False
2023-12-15,Johnson's Bar,Absolut,556.53,68.25714285714285,540,0.0,540.0,16.529999999999973,True
2023-12-16,Johnson's Bar,Absolut,0.0,147.76142857142855,690,0.0,150.0,0.0,False
2023-12-17,Johnson's Bar,Absolut,0.0,147.76142857142855,690,540.0,0.0,0.0,False
2023-12-18,Johnson's Bar,Absolut,0.0,128.12857142857143,660,690.0,0.0,0.0,False
2023-12-19,Johnson's Bar,Absolut,0.0,79.50428571428571,570,690.0,0.0,0.0,False
2023-12-20,Johnson's Bar,Absolut,0.0,79.50428571428571,570,690.0,0.0,0.0,False
2023-12-21,Johnson's Bar,Absolut,0.0,79.50428571428571,570,690.0,0.0,0.0,False
2023-12-22,Johnson's Bar,Absolut,0.0,79.50428571428571,570,690.0,0.0,0.0,False
2023-12-23,Johnson's Bar,Absolut,0.0,0.0,420,690.0,0.0,0.0,False
2023-12-24,Johnson's Bar,Absolut,0.0,0.0,420,690.0,0.0,0.0,False
2023-12-25,Johnson's Bar,Absolut,0.0,0.0,420,690.0,0.0,0.0,False
2023-12-26,Johnson's Bar,Absolut,0.0,0.0,420,690.0,0.0,0.0,False
2023-12-27,Johnson's Bar,Absolut,0.0,0.0,420,690.0,0.0,0.0,False
2023-12-28,Johnson's Bar,Absolut,0.0,0.0,420,690.0,0.0,0.0,False
2023-12-29,Johnson's Bar,Absolut,0.0,0.0,420,690.0,0.0,0.0,False
2023-12-30,Johnson's Bar,Absolut,0.0,0.0,420,690.0,0.0,0.0,False
2023-12-31,Johnson's Bar,Absolut,0.0,0.0,420,690.0,0.0,0.0,False
2024-01-01,Johnson's Bar,Absolut,0.0,0.0,420,690.0,0.0,0.0,False
2023-10-21,Johnson's Bar,Bacardi,0.0,0.0,330,330.0,0.0,0.0,False
2023-10-22,Johnson's Bar,Bacardi,532.54,0.0,330,0.0,330.0,202.53999999999996,True
2023-10-23,Johnson's Bar,Bacardi,409.36,76.07714285714285,480,0.0,150.0,409.36,True
2023-10-24,Johnson's Bar,Bacardi,0.0,134.55714285714285,600,330.0,120.0,0.0,False
2023-10-25,Johnson's Bar,Bacardi,0.0,134.55714285714285,600,480.0,0.0,0.0,False
2023-10-26,Johnson's Bar,Bacardi,0.0,134.55714285714285,600,600.0,0.0,0.0,False
2023-10-27,Johnson's Bar,Bacardi,0.0,134.55714285714285,600,600.0,0.0,0.0,False
2023-10-28,Johnson's Bar,Bacardi,496.36,134.55714285714285,600,103.63999999999999,496.36,0.0,False
2023-10-29,Johnson's Bar,Bacardi,0.0,205.46571428571428,750,103.63999999999999,150.0,0.0,False
2023-10-30,Johnson's Bar,Bacardi,0.0,129.38857142857142,600,600.0,0.0,0.0,False
2023-10-31,Johnson's Bar,Bacardi,0.0,70.90857142857143,480,750.0,0.0,0.0,False
2023-11-01,Johnson's Bar,Bacardi,0.0,70.90857142857143,480,750.0,0.0,0.0,False
2023-11-02,Johnson's Bar,Bacardi,0.0,70.90857142857143,480,750.0,0.0,0.0,False
2023-11-03,Johnson's Bar,Bacardi,0.0,70.90857142857143,480,750.0,0.0,0.0,False
2023-11-04,Johnson's Bar,Bacardi,0.0,70.90857142857143,480,750.0,0.0,0.0,False
2023-11-05,Johnson's Bar,Bacardi,0.0,0.0,330,750.0,0.0,0.0,False
2023-11-06,Johnson's Bar,Bacardi,0.0,0.0,330,750.0,0.0,0.0,False
2023-11-07,Johnson's Bar,Bacardi,524.11,0.0,330,225.89,104.11000000000001,0.0,False
2023-11-08,Johnson's Bar,Bacardi,0.0,74.87285714285714,480,225.89,150.0,0.0,False
2023-11-09,Johnson's Bar,Bacardi,0.0,74.87285714285714,480,330.0,0.0,0.0,False
2023-11-10,Johnson's Bar,Bacardi,0.0,74.87285714285714,480,480.0,0.0,0.0,False
2023-11-11,Johnson's Bar,Bacardi,0.0,74.87285714285714,480,480.0,0.0,0.0,False
2023-11-12,Johnson's Bar,Bacardi,0.0,74.87285714285714,480,480.0,0.0,0.0,False
2023-11-13,Johnson's Bar,Bacardi,0.0,74.87285714285714,480,480.0,0.0,0.0,False
2023-11-14,Johnson's Bar,Bacardi,312.9,74.87285714285714,480,167.10000000000002,312.9,0.0,False
2023-11-15,Johnson's Bar,Bacardi,0.0,44.699999999999996,420,167.10000000000002,0.0,0.0,False
2023-11-16,Johnson's Bar,Bacardi,0.0,44.699999999999996,420,480.0,0.0,0.0,False
2023-11-17,Johnson's Bar,Bacardi,0.0,44.699999999999996,420,480.0,0.0,0.0,False
2023-11-18,Johnson's Bar,Bacardi,0.0,44.699999999999996,420,480.0,0.0,0.0,False
2023-11-19,Johnson's Bar,Bacardi,237.24,44.699999999999996,420,242.76,177.24,0.0,False
2023-11-20,Johnson's Bar,Bacardi,0.0,78.59142857142857,480,242.76,60.0,0.0,False
2023-11-21,Johnson's Bar,Bacardi,113.39,78.59142857142857,480,306.61,113.38999999999999,0.0,False
2023-11-22,Johnson's Bar,Bacardi,0.0,50.089999999999996,420,366.61,0.0,0.0,False
2023-11-23,Johnson's Bar,Bacardi,0.0,50.089999999999996,420,480.0,0.0,0.0,False
2023-11-24,Johnson's Bar,Bacardi,0.0,50.089999999999996,420,480.0,0.0,0.0,False
2023-11-25,Johnson's Bar,Bacardi,325.52,50.089999999999996,420,154.48000000000002,265.52,0.0,False
2023-11-26,Johnson's Bar,Bacardi,0.0,96.59285714285714,510,154.48000000000002,90.0,0.0,False
2023-11-27,Johnson's Bar,Bacardi,0.0,62.701428571428565,450,420.0,0.0,0.0,False
2023-11-28,Johnson's Bar,Bacardi,0.0,62.701428571428565,450,510.0,0.0,0.0,False
2023-11-29,Johnson's Bar,Bacardi,216.73,46.50285714285714,420,293.27,126.73000000000002,0.0,False
2023-11-30,Johnson's Bar,Bacardi,0.0,77.46428571428571,480,293.27,60.0,0.0,False
2023-12-01,Johnson's Bar,Bacardi,0.0,77.46428571428571,480,420.0,0.0,0.0,False
2023-12-02,Johnson's Bar,Bacardi,0.0,77.46428571428571,480,480.0,0.0,0.0,False
2023-12-03,Johnson's Bar,Bacardi,0.0,30.96142857142857,390,480.0,0.0,0.0,False
2023-12-04,Johnson's Bar,Bacardi,0.0,30.96142857142857,390,480.0,0.0,0.0,False
2023-12-05,Johnson's Bar,Bacardi,0.0,30.96142857142857,390,480.0,0.0,0.0,False
2023-12-06,Johnson's Bar,Bacardi,0.0,30.96142857142857,390,480.0,0.0,0.0,False
2023-12-07,Johnson's Bar,Bacardi,0.0,0.0,330,480.0,0.0,0.0,False
2023-12-08,Johnson's Bar,Bacardi,0.0,0.0,330,480.0,0.0,0.0,False
2023-12-09,Johnson's Bar,Bacardi,0.0,0.0,330,480.0,0.0,0.0,False
2023-12-10,Johnson's Bar,Bacardi,502.67,0.0,330,0.0,330.0,22.670000000000016,True
2023-12-11,Johnson's Bar,Bacardi,116.9,71.81,480,0.0,150.0,116.9,True
2023-12-12,Johnson's Bar,Bacardi,0.0,88.51,510,330.0,30.0,0.0,False
2023-12-13,Johnson's Bar,Bacardi,0.0,88.51,510,480.0,0.0,0.0,False
2023-12-14,Johnson's Bar,Bacardi,0.0,88.51,510,510.0,0.0,0.0,False
2023-12-15,Johnson's Bar,Bacardi,0.0,88.51,510,510.0,0.0,0.0,False
2023-12-16,Johnson's Bar,Bacardi,193.93,88.51,510,316.07,193.93,0.0,False
2023-12-17,Johnson's Bar,Bacardi,0.0,116.21428571428571,570,316.07,60.0,0.0,False
2023-12-18,Johnson's Bar,Bacardi,0.0,44.40428571428572,420,510.0,0.0,0.0,False
2023-12-19,Johnson's Bar,Bacardi,503.76,27.704285714285714,390,66.24000000000001,323.76,0.0,False
2023-12-20,Johnson's Bar,Bacardi,0.0,99.67,540,66.24000000000001,150.0,0.0,False
2023-12-21,Johnson's Bar,Bacardi,0.0,99.67,540,390.0,0.0,0.0,False
2023-12-22,Johnson's Bar,Bacardi,0.0,99.67,540,540.0,0.0,0.0,False
2023-12-23,Johnson's Bar,Bacardi,0.0,99.67,540,540.0,0.0,0.0,False
2023-12-24,Johnson's Bar,Bacardi,0.0,71.96571428571428,480,540.0,0.0,0.0,False
2023-12-25,Johnson's Bar,Bacardi,0.0,71.96571428571428,480,540.0,0.0,0.0,False
2023-12-26,Johnson's Bar,Bacardi,0.0,71.96571428571428,480,540.0,0.0,0.0,False
2023-12-27,Johnson's Bar,Bacardi,355.66,0.0,330,184.33999999999997,145.66000000000003,0.0,False
2023-12-28,Johnson's Bar,Bacardi,0.0,50.80857142857143,420,184.33999999999997,90.0,0.0,False
2023-12-29,Johnson's Bar,Bacardi,0.0,50.80857142857143,420,330.0,0.0,0.0,False
2023-12-30,Johnson's Bar,Bacardi,0.0,50.80857142857143,420,420.0,0.0,0.0,False
2023-12-31,Johnson's Bar,Bacardi,0.0,50.80857142857143,420,420.0,0.0,0.0,False
2024-01-01,Johnson's Bar,Bacardi,0.0,50.80857142857143,420,420.0,0.0,0.0,False
2023-10-21,Johnson's Bar,Barefoot,0.0,17.88142857142857,450,450.0,0.0,0.0,False
2023-10-22,Johnson's Bar,Barefoot,0.0,17.88142857142857,450,450.0,0.0,0.0,False
2023-10-23,Johnson's Bar,Barefoot,0.0,17.88142857142857,450,450.0,0.0,0.0,False
2023-10-24,Johnson's Bar,Barefoot,0.0,0.0,420,450.0,0.0,0.0,False
2023-10-25,Johnson's Bar,Barefoot,0.0,0.0,420,450.0,0.0,0.0,False
2023-10-26,Johnson's Bar,Barefoot,0.0,0.0,420,450.0,0.0,0.0,False
2023-10-27,Johnson's Bar,Barefoot,282.11,0.0,420,167.89,252.11,0.0,False
2023-10-28,Johnson's Bar,Barefoot,135.67,40.30142857142857,480,32.22,195.66999999999996,0.0,False
2023-10-29,Johnson's Bar,Barefoot,0.0,59.68285714285714,510,284.33000000000004,30.0,0.0,False
2023-10-30,Johnson's Bar,Barefoot,0.0,59.68285714285714,510,480.0,0.0,0.0,False
2023-10-31,Johnson's Bar,Barefoot,0.0,59.68285714285714,510,510.0,0.0,0.0,False
2023-11-01,Johnson's Bar,Barefoot,0.0,59.68285714285714,510,510.0,0.0,0.0,False
2023-11-02,Johnson's Bar,Barefoot,0.0,59.68285714285714,510,510.0,0.0,0.0,False
2023-11-03,Johnson's Bar,Barefoot,0.0,59.68285714285714,510,510.0,0.0,0.0,False
2023-11-04,Johnson's Bar,Barefoot,0.0,19.381428571428568,450,510.0,0.0,0.0,False
2023-11-05,Johnson's Bar,Barefoot,0.0,0.0,420,510.0,0.0,0.0,False
2023-11-06,Johnson's Bar,Barefoot,0.0,0.0,420,510.0,0.0,0.0,False
2023-11-07,Johnson's Bar,Barefoot,0.0,0.0,420,510.0,0.0,0.0,False
2023-11-08,Johnson's Bar,Barefoot,0.0,0.0,420,510.0,0.0,0.0,False
2023-11-09,Johnson's Bar,Barefoot,0.0,0.0,420,510.0,0.0,0.0,False
2023-11-10,Johnson's Bar,Barefoot,0.0,0.0,420,510.0,0.0,0.0,False
2023-11-11,Johnson's Bar,Barefoot,0.0,0.0,420,510.0,0.0,0.0,False
2023-11-12,Johnson's Bar,Barefoot,0.0,0.0,420,510.0,0.0,0.0,False
2023-11-13,Johnson's Bar,Barefoot,552.11,0.0,420,0.0,420.0,42.110000000000014,True
2023-11-14,Johnson's Bar,Barefoot,0.0,78.87285714285714,570,0.0,150.0,0.0,False
2023-11-15,Johnson's Bar,Barefoot,0.0,78.87285714285714,570,420.0,0.0,0.0,False
2023-11-16,Johnson's Bar,Barefoot,0.0,78.87285714285714,570,570.0,0.0,0.0,False
2023-11-17,Johnson's Bar,Barefoot,0.0,78.87285714285714,570,570.0,0.0,0.0,False
2023-11-18,Johnson's Bar,Barefoot,0.0,78.87285714285714,570,570.0,0.0,0.0,False
2023-11-19,Johnson's Bar,Barefoot,0.0,78.87285714285714,570,570.0,0.0,0.0,False
2023-11-20,Johnson's Bar,Barefoot,0.0,78.87285714285714,570,570.0,0.0,0.0,False
2023-11-21,Johnson's Bar,Barefoot,0.0,0.0,420,570.0,0.0,0.0,False
2023-11-22,Johnson's Bar,Barefoot,0.0,0.0,420,570.0,0.0,0.0,False
2023-11-23,Johnson's Bar,Barefoot,0.0,0.0,420,570.0,0.0,0.0,False
2023-11-24,Johnson's Bar,Barefoot,0.0,0.0,420,570.0,0.0,0.0,False
2023-11-25,Johnson's Bar,Barefoot,0.0,0.0,420,570.0,0.0,0.0,False
2023-11-26,Johnson's Bar,Barefoot,0.0,0.0,420,570.0,0.0,0.0,False
2023-11-27,Johnson's Bar,Barefoot,0.0,0.0,420,570.0,0.0,0.0,False
2023-11-28,Johnson's Bar,Barefoot,0.0,0.0,420,570.0,0.0,0.0,False
2023-11-29,Johnson's Bar,Barefoot,0.0,0.0,420,570.0,0.0,0.0,False
2023-11-30,Johnson's Bar,Barefoot,0.0,0.0,420,570.0,0.0,0.0,False
2023-12-01,Johnson's Bar,Barefoot,0.0,0.0,420,570.0,0.0,0.0,False
2023-12-02,Johnson's Bar,Barefoot,0.0,0.0,420,570.0,0.0,0.0,False
2023-12-03,Johnson's Bar,Barefoot,0.0,0.0,420,570.0,0.0,0.0,False
2023-12-04,Johnson's Bar,Barefoot,0.0,0.0,420,570.0,0.0,0.0,False
2023-12-05,Johnson's Bar,Barefoot,0.0,0.0,420,570.0,0.0,0.0,False
2023-12-06,Johnson's Bar,Barefoot,0.0,0.0,420,570.0,0.0,0.0,False
2023-12-07,Johnson's Bar,Barefoot,0.0,0.0,420,570.0,0.0,0.0,False
2023-12-08,Johnson's Bar,Barefoot,0.0,0.0,420,570.0,0.0,0.0,False
2023-12-09,Johnson's Bar,Barefoot,0.0,0.0,420,570.0,0.0,0.0,False
2023-12-10,Johnson's Bar,Barefoot,0.0,0.0,420,570.0,0.0,0.0,False
2023-12-11,Johnson's Bar,Barefoot,0.0,0.0,420,570.0,0.0,0.0,False
2023-12-12,Johnson's Bar,Barefoot,0.0,0.0,420,570.0,0.0,0.0,False
2023-12-13,Johnson's Bar,Barefoot,0.0,0.0,420,570.0,0.0,0.0,False
2023-12-14,Johnson's Bar,Barefoot,0.0,0.0,420,570.0,0.0,0.0,False
2023-12-15,Johnson's Bar,Barefoot,0.0,0.0,420,570.0,0.0,0.0,False
2023-12-16,Johnson's Bar,Barefoot,237.71,0.0,420,332.28999999999996,87.71000000000004,0.0,False
2023-12-17,Johnson's Bar,Barefoot,0.0,33.95857142857143,480,332.28999999999996,60.0,0.0,False
2023-12-18,Johnson's Bar,Barefoot,0.0,33.95857142857143,480,420.0,0.0,0.0,False
2023-12-19,Johnson's Bar,Barefoot,0.0,33.95857142857143,480,480.0,0.0,0.0,False
2023-12-20,Johnson's Bar,Barefoot,0.0,33.95857142857143,480,480.0,0.0,0.0,False
2023-12-21,Johnson's Bar,Barefoot,348.76,33.95857142857143,480,131.24,348.76,0.0,False
2023-12-22,Johnson's Bar,Barefoot,0.0,83.78142857142858,570,131.24,90.0,0.0,False
2023-12-23,Johnson's Bar,Barefoot,327.64,83.78142857142858,570,152.36,327.64,0.0,False
2023-12-24,Johnson's Bar,Barefoot,0.0,96.62857142857142,600,242.36,30.0,0.0,False
2023-12-25,Johnson's Bar,Barefoot,0.0,96.62857142857142,600,570.0,0.0,0.0,False
2023-12-26,Johnson's Bar,Barefoot,0.0,96.62857142857142,600,600.0,0.0,0.0,False
2023-12-27,Johnson's Bar,Barefoot,0.0,96.62857142857142,600,600.0,0.0,0.0,False
2023-12-28,Johnson's Bar,Barefoot,0.0,96.62857142857142,600,600.0,0.0,0.0,False
2023-12-29,Johnson's Bar,Barefoot,0.0,46.80571428571428,510,600.0,0.0,0.0,False
2023-12-30,Johnson's Bar,Barefoot,0.0,46.80571428571428,510,600.0,0.0,0.0,False
2023-12-31,Johnson's Bar,Barefoot,0.0,0.0,420,600.0,0.0,0.0,False
2024-01-01,Johnson's Bar,Barefoot,0.0,0.0,420,600.0,0.0,0.0,False
2023-10-21,Johnson's Bar,Budweiser,0.0,160.05,720,720.0,0.0,0.0,False
2023-10-22,Johnson's Bar,Budweiser,0.0,19.4675,450,720.0,0.0,0.0,False
2023-10-23,Johnson's Bar,Budweiser,0.0,0.0,390,720.0,0.0,0.0,False
2023-10-24,Johnson's Bar,Budweiser,164.22,44.1525,480,555.78,0.0,0.0,False
2023-10-25,Johnson's Bar,Budweiser,0.0,51.7025,510,555.78,0.0,0.0,False
2023-10-26,Johnson's Bar,Budweiser,0.0,0.0,390,555.78,0.0,0.0,False
2023-10-27,Johnson's Bar,Budweiser,0.0,189.62875000000003,780,555.78,224.22000000000003,0.0,False
2023-10-28,Johnson's Bar,Budweiser,263.87,160.05,720,291.90999999999997,203.87,0.0,False
2023-10-29,Johnson's Bar,Budweiser,0.0,19.4675,450,516.13,0.0,0.0,False
2023-10-30,Johnson's Bar,Budweiser,0.0,0.0,390,720.0,0.0,0.0,False
2023-10-31,Johnson's Bar,Budweiser,0.0,64.68,540,720.0,0.0,0.0,False
2023-11-01,Johnson's Bar,Budweiser,0.0,51.7025,510,720.0,0.0,0.0,False
2023-11-02,Johnson's Bar,Budweiser,0.0,0.0,390,720.0,0.0,0.0,False
2023-11-03,Johnson's Bar,Budweiser,222.81,158.845,720,497.19,222.81,0.0,False
2023-11-04,Johnson's Bar,Budweiser,0.0,193.03375,780,497.19,60.0,0.0,False
2023-11-05,Johnson's Bar,Budweiser,0.0,19.4675,450,720.0,0.0,0.0,False
2023-11-06,Johnson's Bar,Budweiser,0.0,0.0,390,780.0,0.0,0.0,False
2023-11-07,Johnson's Bar,Budweiser,0.0,64.68,540,780.0,0.0,0.0,False
2023-11-08,Johnson's Bar,Budweiser,0.0,51.7025,510,780.0,0.0,0.0,False
2023-11-09,Johnson's Bar,Budweiser,572.92,0.0,390,207.08000000000004,182.91999999999996,0.0,False
2023-11-10,Johnson's Bar,Budweiser,0.0,129.46375,660,207.08000000000004,270.0,0.0,False
2023-11-11,Johnson's Bar,Budweiser,0.0,102.37625,600,390.0,0.0,0.0,False
2023-11-12,Johnson's Bar,Budweiser,0.0,19.4675,450,660.0,0.0,0.0,False
2023-11-13,Johnson's Bar,Budweiser,0.0,0.0,390,660.0,0.0,0.0,False
2023-11-14,Johnson's Bar,Budweiser,0.0,64.68,540,660.0,0.0,0.0,False
2023-11-15,Johnson's Bar,Budweiser,0.0,51.7025,510,660.0,0.0,0.0,False
2023-11-16,Johnson's Bar,Budweiser,0.0,71.615,540,660.0,0.0,0.0,False
2023-11-17,Johnson's Bar,Budweiser,0.0,76.33625,540,660.0,0.0,0.0,False
2023-11-18,Johnson's Bar,Budweiser,0.0,102.37625,600,660.0,0.0,0.0,False
2023-11-19,Johnson's Bar,Budweiser,0.0,19.4675,450,660.0,0.0,0.0,False
2023-11-20,Johnson's Bar,Budweiser,505.05,0.0,390,154.95,235.05,0.0,False
2023-11-21,Johnson's Bar,Budweiser,0.0,64.68,540,154.95,150.0,0.0,False
2023-11-22,Johnson's Bar,Budweiser,0.0,51.7025,510,390.0,0.0,0.0,False
2023-11-23,Johnson's Bar,Budweiser,0.0,71.615,540,540.0,0.0,0.0,False
2023-11-24,Johnson's Bar,Budweiser,0.0,76.33625,540,540.0,0.0,0.0,False
2023-11-25,Johnson's Bar,Budweiser,0.0,102.37625,600,540.0,60.0,0.0,False
2023-11-26,Johnson's Bar,Budweiser,0.0,0.0,390,540.0,0.0,0.0,False
2023-11-27,Johnson's Bar,Budweiser,0.0,63.13125,540,600.0,0.0,0.0,False
2023-11-28,Johnson's Bar,Budweiser,0.0,64.68,540,600.0,0.0,0.0,False
2023-11-29,Johnson's Bar,Budweiser,0.0,51.7025,510,600.0,0.0,0.0,False
2023-11-30,Johnson's Bar,Budweiser,0.0,71.615,540,600.0,0.0,0.0,False
2023-12-01,Johnson's Bar,Budweiser,0.0,76.33625,540,600.0,0.0,0.0,False
2023-12-02,Johnson's Bar,Budweiser,0.0,32.98375,450,600.0,0.0,0.0,False
2023-12-03,Johnson's Bar,Budweiser,0.0,0.0,390,600.0,0.0,0.0,False
2023-12-04,Johnson's Bar,Budweiser,0.0,63.13125,540,600.0,0.0,0.0,False
2023-12-05,Johnson's Bar,Budweiser,0.0,64.68,540,600.0,0.0,0.0,False
2023-12-06,Johnson's Bar,Budweiser,0.0,51.7025,510,600.0,0.0,0.0,False
2023-12-07,Johnson's Bar,Budweiser,0.0,71.615,540,600.0,0.0,0.0,False
2023-12-08,Johnson's Bar,Budweiser,0.0,76.33625,540,600.0,0.0,0.0,False
2023-12-09,Johnson's Bar,Budweiser,0.0,32.98375,450,600.0,0.0,0.0,False
2023-12-10,Johnson's Bar,Budweiser,0.0,0.0,390,600.0,0.0,0.0,False
2023-12-11,Johnson's Bar,Budweiser,0.0,63.13125,540,600.0,0.0,0.0,False
2023-12-12,Johnson's Bar,Budweiser,0.0,64.68,540,600.0,0.0,0.0,False
2023-12-13,Johnson's Bar,Budweiser,0.0,0.0,390,600.0,0.0,0.0,False
2023-12-14,Johnson's Bar,Budweiser,0.0,71.615,540,600.0,0.0,0.0,False
2023-12-15,Johnson's Bar,Budweiser,0.0,27.85125,450,600.0,0.0,0.0,False
2023-12-16,Johnson's Bar,Budweiser,0.0,32.98375,450,600.0,0.0,0.0,False
2023-12-17,Johnson's Bar,Budweiser,0.0,0.0,390,600.0,0.0,0.0,False
2023-12-18,Johnson's Bar,Budweiser,0.0,63.13125,540,600.0,0.0,0.0,False
2023-12-19,Johnson's Bar,Budweiser,0.0,20.5275,450,600.0,0.0,0.0,False
2023-12-20,Johnson's Bar,Budweiser,0.0,0.0,390,600.0,0.0,0.0,False
2023-12-21,Johnson's Bar,Budweiser,561.06,71.615,540,38.940000000000055,501.05999999999995,0.0,False
2023-12-22,Johnson's Bar,Budweiser,0.0,27.85125,450,38.940000000000055,0.0,0.0,False
2023-12-23,Johnson's Bar,Budweiser,0.0,32.98375,450,540.0,0.0,0.0,False
2023-12-24,Johnson's Bar,Budweiser,0.0,0.0,390,540.0,0.0,0.0,False
2023-12-25,Johnson's Bar,Budweiser,0.0,63.13125,540,540.0,0.0,0.0,False
2023-12-26,Johnson's Bar,Budweiser,0.0,0.0,390,540.0,0.0,0.0,False
2023-12-27,Johnson's Bar,Budweiser,0.0,0.0,390,540.0,0.0,0.0,False
2023-12-28,Johnson's Bar,Budweiser,463.88,141.7475,690,76.12,613.88,0.0,False
2023-12-29,Johnson's Bar,Budweiser,0.0,27.85125,450,76.12,0.0,0.0,False
2023-12-30,Johnson's Bar,Budweiser,228.55,0.0,390,461.45,0.0,0.0,False
2023-12-31,Johnson's Bar,Budweiser,0.0,0.0,390,461.45,0.0,0.0,False
2024-01-01,Johnson's Bar,Budweiser,0.0,63.13125,540,461.45,78.55000000000001,0.0,False
2023-10-21,Johnson's Bar,Captain Morgan,274.56,22.87142857142857,480,205.44,274.56,0.0,False
2023-10-22,Johnson's Bar,Captain Morgan,0.0,62.09428571428571,540,205.44,60.0,0.0,False
2023-10-23,Johnson's Bar,Captain Morgan,0.0,62.09428571428571,540,480.0,0.0,0.0,False
2023-10-24,Johnson's Bar,Captain Morgan,0.0,62.09428571428571,540,540.0,0.0,0.0,False
2023-10-25,Johnson's Bar,Captain Morgan,0.0,62.09428571428571,540,540.0,0.0,0.0,False
2023-10-26,Johnson's Bar,Captain Morgan,0.0,39.222857142857144,510,540.0,0.0,0.0,False
2023-10-27,Johnson's Bar,Captain Morgan,250.01,39.222857142857144,510,289.99,220.01,0.0,False
2023-10-28,Johnson's Bar,Captain Morgan,0.0,74.93857142857142,570,289.99,60.0,0.0,False
2023-10-29,Johnson's Bar,Captain Morgan,466.62,35.715714285714284,480,43.379999999999995,376.62,0.0,False
2023-10-30,Johnson's Bar,Captain Morgan,0.0,102.37571428571428,630,103.38,150.0,0.0,False
2023-10-31,Johnson's Bar,Captain Morgan,0.0,102.37571428571428,630,480.0,0.0,0.0,False
2023-11-01,Johnson's Bar,Captain Morgan,308.31,102.37571428571428,630,321.69,308.31,0.0,False
2023-11-02,Johnson's Bar,Captain Morgan,0.0,146.42000000000002,720,321.69,90.0,0.0,False
2023-11-03,Johnson's Bar,Captain Morgan,0.0,146.42000000000002,720,630.0,0.0,0.0,False
2023-11-04,Johnson's Bar,Captain Morgan,0.0,110.70428571428572,630,720.0,0.0,0.0,False
2023-11-05,Johnson's Bar,Captain Morgan,0.0,110.70428571428572,630,720.0,0.0,0.0,False
2023-11-06,Johnson's Bar,Captain Morgan,0.0,44.044285714285714,510,720.0,0.0,0.0,False
2023-11-07,Johnson's Bar,Captain Morgan,0.0,44.044285714285714,510,720.0,0.0,0.0,False
2023-11-08,Johnson's Bar,Captain Morgan,479.78,44.044285714285714,510,240.22000000000003,269.78,0.0,False
2023-11-09,Johnson's Bar,Captain Morgan,0.0,68.53999999999999,570,240.22000000000003,60.0,0.0,False
2023-11-10,Johnson's Bar,Captain Morgan,0.0,68.53999999999999,570,510.0,0.0,0.0,False
2023-11-11,Johnson's Bar,Captain Morgan,0.0,68.53999999999999,570,570.0,0.0,0.0,False
2023-11-12,Johnson's Bar,Captain Morgan,0.0,68.53999999999999,570,570.0,0.0,0.0,False
2023-11-13,Johnson's Bar,Captain Morgan,0.0,68.53999999999999,570,570.0,0.0,0.0,False
2023-11-14,Johnson's Bar,Captain Morgan,0.0,68.53999999999999,570,570.0,0.0,0.0,False
2023-11-15,Johnson's Bar,Captain Morgan,0.0,68.53999999999999,570,570.0,0.0,0.0,False
2023-11-16,Johnson's Bar,Captain Morgan,0.0,0.0,420,570.0,0.0,0.0,False
2023-11-17,Johnson's Bar,Captain Morgan,0.0,0.0,420,570.0,0.0,0.0,False
2023-11-18,Johnson's Bar,Captain Morgan,307.11,0.0,420,262.89,157.11,0.0,False
2023-11-19,Johnson's Bar,Captain Morgan,0.0,43.87285714285714,510,262.89,90.0,0.0,False
2023-11-20,Johnson's Bar,Captain Morgan,0.0,43.87285714285714,510,420.0,0.0,0.0,False
2023-11-21,Johnson's Bar,Captain Morgan,0.0,43.87285714285714,510,510.0,0.0,0.0,False
2023-11-22,Johnson's Bar,Captain Morgan,0.0,43.87285714285714,510,510.0,0.0,0.0,False
2023-11-23,Johnson's Bar,Captain Morgan,0.0,43.87285714285714,510,510.0,0.0,0.0,False
2023-11-24,Johnson's Bar,Captain Morgan,0.0,43.87285714285714,510,510.0,0.0,0.0,False
2023-11-25,Johnson's Bar,Captain Morgan,0.0,43.87285714285714,510,510.0,0.0,0.0,False
2023-11-26,Johnson's Bar,Captain Morgan,0.0,0.0,420,510.0,0.0,0.0,False
2023-11-27,Johnson's Bar,Captain Morgan,360.96,0.0,420,149.04000000000002,270.96,0.0,False
2023-11-28,Johnson's Bar,Captain Morgan,0.0,51.565714285714286,510,149.04000000000002,90.0,0.0,False
2023-11-29,Johnson's Bar,Captain Morgan,0.0,51.565714285714286,510,420.0,0.0,0.0,False
2023-11-30,Johnson's Bar,Captain Morgan,324.05,51.565714285714286,510,185.95,324.05,0.0,False
2023-12-01,Johnson's Bar,Captain Morgan,243.56,97.85857142857142,630,0.0,305.95,57.610000000000014,True
2023-12-02,Johnson's Bar,Captain Morgan,0.0,132.65285714285713,690,324.05,60.0,0.0,False
2023-12-03,Johnson's Bar,Captain Morgan,389.49,132.65285714285713,690,240.51,389.49,0.0,False
2023-12-04,Johnson's Bar,Captain Morgan,0.0,188.2942857142857,810,300.51,120.0,0.0,False
2023-12-05,Johnson's Bar,Captain Morgan,0.0,136.72857142857143,690,690.0,0.0,0.0,False
2023-12-06,Johnson's Bar,Captain Morgan,0.0,136.72857142857143,690,810.0,0.0,0.0,False
2023-12-07,Johnson's Bar,Captain Morgan,0.0,136.72857142857143,690,810.0,0.0,0.0,False
2023-12-08,Johnson's Bar,Captain Morgan,459.02,90.43571428571428,600,350.98,249.01999999999998,0.0,False
2023-12-09,Johnson's Bar,Captain Morgan,427.38,121.21571428571428,660,0.0,410.98,76.39999999999998,True
2023-12-10,Johnson's Bar,Captain Morgan,0.0,182.26999999999998,780,249.01999999999998,120.0,0.0,False
2023-12-11,Johnson's Bar,Captain Morgan,0.0,126.62857142857142,660,660.0,0.0,0.0,False
2023-12-12,Johnson's Bar,Captain Morgan,0.0,126.62857142857142,660,780.0,0.0,0.0,False
2023-12-13,Johnson's Bar,Captain Morgan,0.0,126.62857142857142,660,780.0,0.0,0.0,False
2023-12-14,Johnson's Bar,Captain Morgan,0.0,126.62857142857142,660,780.0,0.0,0.0,False
2023-12-15,Johnson's Bar,Captain Morgan,0.0,126.62857142857142,660,780.0,0.0,0.0,False
2023-12-16,Johnson's Bar,Captain Morgan,0.0,61.05428571428571,540,780.0,0.0,0.0,False
2023-12-17,Johnson's Bar,Captain Morgan,0.0,0.0,420,780.0,0.0,0.0,False
2023-12-18,Johnson's Bar,Captain Morgan,223.65,0.0,420,556.35,0.0,0.0,False
2023-12-19,Johnson's Bar,Captain Morgan,0.0,31.95,480,556.35,0.0,0.0,False
2023-12-20,Johnson's Bar,Captain Morgan,0.0,31.95,480,556.35,0.0,0.0,False
2023-12-21,Johnson's Bar,Captain Morgan,0.0,31.95,480,556.35,0.0,0.0,False
2023-12-22,Johnson's Bar,Captain Morgan,0.0,31.95,480,556.35,0.0,0.0,False
2023-12-23,Johnson's Bar,Captain Morgan,0.0,31.95,480,556.35,0.0,0.0,False
2023-12-24,Johnson's Bar,Captain Morgan,0.0,31.95,480,556.35,0.0,0.0,False
2023-12-25,Johnson's Bar,Captain Morgan,0.0,31.95,480,556.35,0.0,0.0,False
2023-12-26,Johnson's Bar,Captain Morgan,220.68,0.0,420,335.67,84.32999999999998,0.0,False
2023-12-27,Johnson's Bar,Captain Morgan,0.0,31.525714285714287,480,335.67,60.0,0.0,False
2023-12-28,Johnson's Bar,Captain Morgan,227.77,31.525714285714287,480,192.23,227.77,0.0,False
2023-12-29,Johnson's Bar,Captain Morgan,0.0,64.06428571428572,540,252.23,60.0,0.0,False
2023-12-30,Johnson's Bar,Captain Morgan,0.0,64.06428571428572,540,480.0,0.0,0.0,False
2023-12-31,Johnson's Bar,Captain Morgan,138.5,64.06428571428572,540,401.5,138.5,0.0,False
2024-01-01,Johnson's Bar,Captain Morgan,0.0,83.85000000000001,600,401.5,60.0,0.0,False
2023-10-21,Johnson's Bar,Coors,0.0,22.32125,420,420.0,0.0,0.0,False
2023-10-22,Johnson's Bar,Coors,0.0,119.92375,600,420.0,180.0,0.0,False
2023-10-23,Johnson's Bar,Coors,0.0,0.0,360,420.0,0.0,0.0,False
2023-10-24,Johnson's Bar,Coors,0.0,100.54249999999999,570,600.0,0.0,0.0,False
2023-10-25,Johnson's Bar,Coors,0.0,0.0,360,600.0,0.0,0.0,False
2023-10-26,Johnson's Bar,Coors,178.94,43.21125,450,421.06,28.939999999999998,0.0,False
2023-10-27,Johnson's Bar,Coors,0.0,0.0,360,421.06,0.0,0.0,False
2023-10-28,Johnson's Bar,Coors,0.0,22.32125,420,450.0,0.0,0.0,False
2023-10-29,Johnson's Bar,Coors,0.0,75.08375,510,450.0,60.0,0.0,False
2023-10-30,Johnson's Bar,Coors,0.0,0.0,360,450.0,0.0,0.0,False
2023-10-31,Johnson's Bar,Coors,0.0,100.54249999999999,570,510.0,60.0,0.0,False
2023-11-01,Johnson's Bar,Coors,0.0,0.0,360,510.0,0.0,0.0,False
2023-11-02,Johnson's Bar,Coors,0.0,65.57875,510,570.0,0.0,0.0,False
2023-11-03,Johnson's Bar,Coors,0.0,0.0,360,570.0,0.0,0.0,False
2023-11-04,Johnson's Bar,Coors,0.0,22.32125,420,570.0,0.0,0.0,False
2023-11-05,Johnson's Bar,Coors,0.0,15.54875,390,570.0,0.0,0.0,False
2023-11-06,Johnson's Bar,Coors,227.55,0.0,360,342.45,17.55000000000001,0.0,False
2023-11-07,Johnson's Bar,Coors,0.0,100.54249999999999,570,342.45,210.0,0.0,False
2023-11-08,Johnson's Bar,Coors,0.0,0.0,360,360.0,0.0,0.0,False
2023-11-09,Johnson's Bar,Coors,0.0,65.57875,510,570.0,0.0,0.0,False
2023-11-10,Johnson's Bar,Coors,0.0,0.0,360,570.0,0.0,0.0,False
2023-11-11,Johnson's Bar,Coors,0.0,22.32125,420,570.0,0.0,0.0,False
2023-11-12,Johnson's Bar,Coors,0.0,15.54875,390,570.0,0.0,0.0,False
2023-11-13,Johnson's Bar,Coors,455.53,28.44375,420,114.47000000000003,305.53,0.0,False
2023-11-14,Johnson's Bar,Coors,0.0,100.54249999999999,570,114.47000000000003,150.0,0.0,False
2023-11-15,Johnson's Bar,Coors,0.0,0.0,360,420.0,0.0,0.0,False
2023-11-16,Johnson's Bar,Coors,0.0,65.57875,510,570.0,0.0,0.0,False
2023-11-17,Johnson's Bar,Coors,545.49,0.0,360,24.50999999999999,335.49,0.0,False
2023-11-18,Johnson's Bar,Coors,460.66,22.32125,420,0.0,84.50999999999999,436.15000000000003,True
2023-11-19,Johnson's Bar,Coors,0.0,15.54875,390,335.49,0.0,0.0,False
2023-11-20,Johnson's Bar,Coors,0.0,85.38499999999999,540,420.0,120.0,0.0,False
2023-11-21,Johnson's Bar,Coors,0.0,31.1325,420,420.0,0.0,0.0,False
2023-11-22,Johnson's Bar,Coors,0.0,0.0,360,540.0,0.0,0.0,False
2023-11-23,Johnson's Bar,Coors,0.0,65.57875,510,540.0,0.0,0.0,False
2023-11-24,Johnson's Bar,Coors,0.0,68.18625,510,540.0,0.0,0.0,False
2023-11-25,Johnson's Bar,Coors,126.81,79.90375,510,413.19,96.81,0.0,False
2023-11-26,Johnson's Bar,Coors,0.0,15.54875,390,413.19,0.0,0.0,False
2023-11-27,Johnson's Bar,Coors,176.85,85.38499999999999,540,333.15,206.85000000000002,0.0,False
2023-11-28,Johnson's Bar,Coors,0.0,31.1325,420,333.15,0.0,0.0,False
2023-11-29,Johnson's Bar,Coors,0.0,0.0,360,540.0,0.0,0.0,False
2023-11-30,Johnson's Bar,Coors,0.0,65.57875,510,540.0,0.0,0.0,False
2023-12-01,Johnson's Bar,Coors,0.0,68.18625,510,540.0,0.0,0.0,False
2023-12-02,Johnson's Bar,Coors,107.4,95.755,570,432.6,137.39999999999998,0.0,False
2023-12-03,Johnson's Bar,Coors,0.0,15.54875,390,432.6,0.0,0.0,False
2023-12-04,Johnson's Bar,Coors,0.0,107.49125,570,570.0,0.0,0.0,False
2023-12-05,Johnson's Bar,Coors,0.0,0.0,360,570.0,0.0,0.0,False
2023-12-06,Johnson's Bar,Coors,0.0,0.0,360,570.0,0.0,0.0,False
2023-12-07,Johnson's Bar,Coors,0.0,65.57875,510,570.0,0.0,0.0,False
2023-12-08,Johnson's Bar,Coors,0.0,68.18625,510,570.0,0.0,0.0,False
2023-12-09,Johnson's Bar,Coors,0.0,109.18,570,570.0,0.0,0.0,False
2023-12-10,Johnson's Bar,Coors,0.0,0.0,360,570.0,0.0,0.0,False
2023-12-11,Johnson's Bar,Coors,0.0,107.49125000000001,570,570.0,0.0,0.0,False
2023-12-12,Johnson's Bar,Coors,413.06,0.0,360,156.94,203.06,0.0,False
2023-12-13,Johnson's Bar,Coors,0.0,0.0,360,156.94,0.0,0.0,False
2023-12-14,Johnson's Bar,Coors,532.62,22.3675,420,0.0,420.0,172.62,True
2023-12-15,Johnson's Bar,Coors,0.0,68.18625,510,0.0,90.0,0.0,False
2023-12-16,Johnson's Bar,Coors,0.0,86.85875,540,420.0,30.0,0.0,False
2023-12-17,Johnson's Bar,Coors,0.0,0.0,360,510.0,0.0,0.0,False
2023-12-18,Johnson's Bar,Coors,0.0,107.49125,570,540.0,30.0,0.0,False
2023-12-19,Johnson's Bar,Coors,352.42,51.6325,480,187.57999999999998,262.42,0.0,False
2023-12-20,Johnson's Bar,Coors,0.0,0.0,360,217.57999999999998,0.0,0.0,False
2023-12-21,Johnson's Bar,Coors,0.0,88.945,540,480.0,60.0,0.0,False
2023-12-22,Johnson's Bar,Coors,0.0,68.18625,510,480.0,0.0,0.0,False
2023-12-23,Johnson's Bar,Coors,0.0,86.85875,540,540.0,0.0,0.0,False
2023-12-24,Johnson's Bar,Coors,0.0,0.0,360,540.0,0.0,0.0,False
2023-12-25,Johnson's Bar,Coors,0.0,107.49125,570,540.0,30.0,0.0,False
2023-12-26,Johnson's Bar,Coors,506.72,95.685,570,33.27999999999997,506.72,0.0,False
2023-12-27,Johnson's Bar,Coors,0.0,0.0,360,63.27999999999997,0.0,0.0,False
2023-12-28,Johnson's Bar,Coors,0.0,66.5775,510,570.0,0.0,0.0,False
2023-12-29,Johnson's Bar,Coors,0.0,68.18625,510,570.0,0.0,0.0,False
2023-12-30,Johnson's Bar,Coors,0.0,86.85875,540,570.0,0.0,0.0,False
2023-12-31,Johnson's Bar,Coors,0.0,0.0,360,570.0,0.0,0.0,False
2024-01-01,Johnson's Bar,Coors,133.06,107.49125,570,436.94,133.06,0.0,False
2023-10-21,Johnson's Bar,Grey Goose,0.0,0.0,420,420.0,0.0,0.0,False
2023-10-22,Johnson's Bar,Grey Goose,0.0,0.0,420,420.0,0.0,0.0,False
2023-10-23,Johnson's Bar,Grey Goose,213.55,0.0,420,206.45,213.55,0.0,False
2023-10-24,Johnson's Bar,Grey Goose,0.0,30.50714285714286,480,206.45,60.0,0.0,False
2023-10-25,Johnson's Bar,Grey Goose,0.0,30.50714285714286,480,420.0,0.0,0.0,False
2023-10-26,Johnson's Bar,Grey Goose,0.0,30.50714285714286,480,480.0,0.0,0.0,False
2023-10-27,Johnson's Bar,Grey Goose,0.0,30.50714285714286,480,480.0,0.0,0.0,False
2023-10-28,Johnson's Bar,Grey Goose,0.0,30.50714285714286,480,480.0,0.0,0.0,False
2023-10-29,Johnson's Bar,Grey Goose,0.0,30.50714285714286,480,480.0,0.0,0.0,False
2023-10-30,Johnson's Bar,Grey Goose,0.0,30.50714285714286,480,480.0,0.0,0.0,False
2023-10-31,Johnson's Bar,Grey Goose,555.1,0.0,420,0.0,420.0,75.10000000000002,True
2023-11-01,Johnson's Bar,Grey Goose,501.14,79.3,570,0.0,150.0,501.14,True
2023-11-02,Johnson's Bar,Grey Goose,397.81,150.89142857142858,720,22.189999999999998,547.81,0.0,False
2023-11-03,Johnson's Bar,Grey Goose,0.0,207.72142857142856,810,172.19,90.0,0.0,False
2023-11-04,Johnson's Bar,Grey Goose,0.0,207.72142857142856,810,720.0,0.0,0.0,False
2023-11-05,Johnson's Bar,Grey Goose,379.9,207.72142857142856,810,430.1,379.9,0.0,False
2023-11-06,Johnson's Bar,Grey Goose,0.0,261.99285714285713,930,430.1,120.0,0.0,False
2023-11-07,Johnson's Bar,Grey Goose,0.0,261.99285714285713,930,810.0,0.0,0.0,False
2023-11-08,Johnson's Bar,Grey Goose,0.0,182.69285714285712,780,930.0,0.0,0.0,False
2023-11-09,Johnson's Bar,Grey Goose,0.0,111.10142857142857,630,930.0,0.0,0.0,False
2023-11-10,Johnson's Bar,Grey Goose,0.0,54.271428571428565,510,930.0,0.0,0.0,False
2023-11-11,Johnson's Bar,Grey Goose,0.0,54.271428571428565,510,930.0,0.0,0.0,False
2023-11-12,Johnson's Bar,Grey Goose,0.0,54.271428571428565,510,930.0,0.0,0.0,False
2023-11-13,Johnson's Bar,Grey Goose,0.0,0.0,420,930.0,0.0,0.0,False
2023-11-14,Johnson's Bar,Grey Goose,540.85,0.0,420,389.15,30.850000000000023,0.0,False
2023-11-15,Johnson's Bar,Grey Goose,0.0,77.26428571428572,570,389.15,150.0,0.0,False
2023-11-16,Johnson's Bar,Grey Goose,0.0,77.26428571428572,570,420.0,0.0,0.0,False
2023-11-17,Johnson's Bar,Grey Goose,533.5,77.26428571428572,570,36.5,533.5,0.0,False
2023-11-18,Johnson's Bar,Grey Goose,0.0,153.47857142857143,720,36.5,150.0,0.0,False
2023-11-19,Johnson's Bar,Grey Goose,0.0,153.47857142857143,720,570.0,0.0,0.0,False
2023-11-20,Johnson's Bar,Grey Goose,103.91,153.47857142857143,720,616.09,103.90999999999997,0.0,False
2023-11-21,Johnson's Bar,Grey Goose,0.0,168.32285714285715,750,616.09,30.0,0.0,False
2023-11-22,Johnson's Bar,Grey Goose,0.0,91.05857142857143,600,720.0,0.0,0.0,False
2023-11-23,Johnson's Bar,Grey Goose,0.0,91.05857142857143,600,750.0,0.0,0.0,False
2023-11-24,Johnson's Bar,Grey Goose,0.0,91.05857142857143,600,750.0,0.0,0.0,False
2023-11-25,Johnson's Bar,Grey Goose,0.0,14.844285714285714,450,750.0,0.0,0.0,False
2023-11-26,Johnson's Bar,Grey Goose,462.31,14.844285714285714,450,287.69,162.31,0.0,False
2023-11-27,Johnson's Bar,Grey Goose,0.0,80.88857142857144,570,287.69,120.0,0.0,False
2023-11-28,Johnson's Bar,Grey Goose,0.0,66.04428571428572,540,450.0,0.0,0.0,False
2023-11-29,Johnson's Bar,Grey Goose,0.0,66.04428571428572,540,570.0,0.0,0.0,False
2023-11-30,Johnson's Bar,Grey Goose,0.0,66.04428571428572,540,570.0,0.0,0.0,False
2023-12-01,Johnson's Bar,Grey Goose,0.0,66.04428571428572,540,570.0,0.0,0.0,False
2023-12-02,Johnson's Bar,Grey Goose,0.0,66.04428571428572,540,570.0,0.0,0.0,False
2023-12-03,Johnson's Bar,Grey Goose,0.0,66.04428571428572,540,570.0,0.0,0.0,False
2023-12-04,Johnson's Bar,Grey Goose,0.0,0.0,420,570.0,0.0,0.0,False
2023-12-05,Johnson's Bar,Grey Goose,0.0,0.0,420,570.0,0.0,0.0,False
2023-12-06,Johnson's Bar,Grey Goose,0.0,0.0,420,570.0,0.0,0.0,False
2023-12-07,Johnson's Bar,Grey Goose,0.0,0.0,420,570.0,0.0,0.0,False
2023-12-08,Johnson's Bar,Grey Goose,0.0,0.0,420,570.0,0.0,0.0,False
2023-12-09,Johnson's Bar,Grey Goose,199.4,0.0,420,370.6,49.39999999999998,0.0,False
2023-12-10,Johnson's Bar,Grey Goose,0.0,28.485714285714288,480,370.6,60.0,0.0,False
2023-12-11,Johnson's Bar,Grey Goose,0.0,28.485714285714288,480,420.0,0.0,0.0,False
2023-12-12,Johnson's Bar,Grey Goose,0.0,28.485714285714288,480,480.0,0.0,0.0,False
2023-12-13,Johnson's Bar,Grey Goose,0.0,28.485714285714288,480,480.0,0.0,0.0,False
2023-12-14,Johnson's Bar,Grey Goose,554.74,28.485714285714288,480,0.0,480.0,74.74000000000001,True
2023-12-15,Johnson's Bar,Grey Goose,0.0,107.73428571428572,630,0.0,150.0,0.0,False
2023-12-16,Johnson's Bar,Grey Goose,0.0,107.73428571428572,630,480.0,0.0,0.0,False
2023-12-17,Johnson's Bar,Grey Goose,350.14,79.24857142857142,570,279.86,290.14,0.0,False
2023-12-18,Johnson's Bar,Grey Goose,0.0,129.26857142857142,660,279.86,90.0,0.0,False
2023-12-19,Johnson's Bar,Grey Goose,0.0,129.26857142857142,660,570.0,0.0,0.0,False
2023-12-20,Johnson's Bar,Grey Goose,0.0,129.26857142857142,660,660.0,0.0,0.0,False
2023-12-21,Johnson's Bar,Grey Goose,0.0,129.26857142857142,660,660.0,0.0,0.0,False
2023-12-22,Johnson's Bar,Grey Goose,0.0,50.019999999999996,510,660.0,0.0,0.0,False
2023-12-23,Johnson's Bar,Grey Goose,0.0,50.019999999999996,510,660.0,0.0,0.0,False
2023-12-24,Johnson's Bar,Grey Goose,0.0,50.019999999999996,510,660.0,0.0,0.0,False
2023-12-25,Johnson's Bar,Grey Goose,0.0,0.0,420,660.0,0.0,0.0,False
2023-12-26,Johnson's Bar,Grey Goose,0.0,0.0,420,660.0,0.0,0.0,False
2023-12-27,Johnson's Bar,Grey Goose,0.0,0.0,420,660.0,0.0,0.0,False
2023-12-28,Johnson's Bar,Grey Goose,161.73,0.0,420,498.27,0.0,0.0,False
2023-12-29,Johnson's Bar,Grey Goose,584.81,23.104285714285712,450,0.0,450.0,86.53999999999996,True
2023-12-30,Johnson's Bar,Grey Goose,439.48,106.64857142857143,630,0.0,180.0,439.48,True
2023-12-31,Johnson's Bar,Grey Goose,0.0,169.43142857142857,750,450.0,120.0,0.0,False
2024-01-01,Johnson's Bar,Grey Goose,543.73,169.43142857142857,750,86.26999999999998,543.73,0.0,False
2023-10-21,Johnson's Bar,Heineken,326.71,34.18857142857143,390,63.29000000000002,326.71,0.0,False
2023-10-22,Johnson's Bar,Heineken,0.0,80.86142857142856,480,63.29000000000002,90.0,0.0,False
2023-10-23,Johnson's Bar,Heineken,0.0,80.86142857142856,480,390.0,0.0,0.0,False
2023-10-24,Johnson's Bar,Heineken,0.0,80.86142857142856,480,480.0,0.0,0.0,False
2023-10-25,Johnson's Bar,Heineken,492.05,80.86142857142856,480,0.0,480.0,12.050000000000011,True
2023-10-26,Johnson's Bar,Heineken,0.0,116.96571428571428,570,0.0,90.0,0.0,False
2023-10-27,Johnson's Bar,Heineken,0.0,116.96571428571428,570,480.0,0.0,0.0,False
2023-10-28,Johnson's Bar,Heineken,0.0,116.96571428571428,570,570.0,0.0,0.0,False
2023-10-29,Johnson's Bar,Heineken,0.0,70.29285714285714,480,570.0,0.0,0.0,False
2023-10-30,Johnson's Bar,Heineken,233.23,70.29285714285714,480,336.77,143.23000000000002,0.0,False
2023-10-31,Johnson's Bar,Heineken,347.48,103.61142857142856,540,0.0,396.77,10.710000000000036,True
2023-11-01,Johnson's Bar,Heineken,0.0,153.25142857142856,630,143.23000000000002,90.0,0.0,False
2023-11-02,Johnson's Bar,Heineken,0.0,82.95857142857143,510,540.0,0.0,0.0,False
2023-11-03,Johnson's Bar,Heineken,0.0,82.95857142857143,510,630.0,0.0,0.0,False
2023-11-04,Johnson's Bar,Heineken,356.8,82.95857142857143,510,273.2,236.8,0.0,False
2023-11-05,Johnson's Bar,Heineken,0.0,133.93,600,273.2,90.0,0.0,False
2023-11-06,Johnson's Bar,Heineken,0.0,133.93,600,510.0,0.0,0.0,False
2023-11-07,Johnson's Bar,Heineken,0.0,100.61142857142856,540,600.0,0.0,0.0,False
2023-11-08,Johnson's Bar,Heineken,0.0,50.971428571428575,420,600.0,0.0,0.0,False
2023-11-09,Johnson's Bar,Heineken,0.0,50.971428571428575,420,600.0,0.0,0.0,False
2023-11-10,Johnson's Bar,Heineken,0.0,50.971428571428575,420,600.0,0.0,0.0,False
2023-11-11,Johnson's Bar,Heineken,457.05,50.971428571428575,420,142.95,277.05,0.0,False
2023-11-12,Johnson's Bar,Heineken,321.93,65.29285714285714,450,0.0,172.95,178.98000000000002,True
2023-11-13,Johnson's Bar,Heineken,0.0,111.28285714285714,540,277.05,90.0,0.0,False
2023-11-14,Johnson's Bar,Heineken,0.0,111.28285714285714,540,450.0,0.0,0.0,False
2023-11-15,Johnson's Bar,Heineken,423.32,111.28285714285714,540,116.68,423.32,0.0,False
2023-11-16,Johnson's Bar,Heineken,0.0,171.75714285714284,660,116.68,120.0,0.0,False
2023-11-17,Johnson's Bar,Heineken,0.0,171.75714285714284,660,540.0,0.0,0.0,False
2023-11-18,Johnson's Bar,Heineken,0.0,171.75714285714284,660,660.0,0.0,0.0,False
2023-11-19,Johnson's Bar,Heineken,0.0,106.46428571428571,540,660.0,0.0,0.0,False
2023-11-20,Johnson's Bar,Heineken,0.0,60.47428571428571,450,660.0,0.0,0.0,False
2023-11-21,Johnson's Bar,Heineken,0.0,60.47428571428571,450,660.0,0.0,0.0,False
2023-11-22,Johnson's Bar,Heineken,0.0,60.47428571428571,450,660.0,0.0,0.0,False
2023-11-23,Johnson's Bar,Heineken,0.0,0.0,330,660.0,0.0,0.0,False
2023-11-24,Johnson's Bar,Heineken,0.0,0.0,330,660.0,0.0,0.0,False
2023-11-25,Johnson's Bar,Heineken,0.0,0.0,330,660.0,0.0,0.0,False
2023-11-26,Johnson's Bar,Heineken,0.0,0.0,330,660.0,0.0,0.0,False
2023-11-27,Johnson's Bar,Heineken,0.0,0.0,330,660.0,0.0,0.0,False
2023-11-28,Johnson's Bar,Heineken,0.0,0.0,330,660.0,0.0,0.0,False
2023-11-29,Johnson's Bar,Heineken,0.0,0.0,330,660.0,0.0,0.0,False
2023-11-30,Johnson's Bar,Heineken,599.08,0.0,330,60.91999999999996,269.08000000000004,0.0,False
2023-12-01,Johnson's Bar,Heineken,0.0,85.58285714285715,510,60.91999999999996,180.0,0.0,False
2023-12-02,Johnson's Bar,Heineken,0.0,85.58285714285715,510,330.0,0.0,0.0,False
2023-12-03,Johnson's Bar,Heineken,0.0,85.58285714285715,510,510.0,0.0,0.0,False
2023-12-04,Johnson's Bar,Heineken,0.0,85.58285714285715,510,510.0,0.0,0.0,False
2023-12-05,Johnson's Bar,Heineken,0.0,85.58285714285715,510,510.0,0.0,0.0,False
2023-12-06,Johnson's Bar,Heineken,134.35,85.58285714285715,510,375.65,134.35000000000002,0.0,False
2023-12-07,Johnson's Bar,Heineken,0.0,104.7757142857143,540,375.65,30.0,0.0,False
2023-12-08,Johnson's Bar,Heineken,0.0,19.192857142857143,360,510.0,0.0,0.0,False
2023-12-09,Johnson's Bar,Heineken,0.0,19.192857142857143,360,540.0,0.0,0.0,False
2023-12-10,Johnson's Bar,Heineken,0.0,19.192857142857143,360,540.0,0.0,0.0,False
2023-12-11,Johnson's Bar,Heineken,0.0,19.192857142857143,360,540.0,0.0,0.0,False
2023-12-12,Johnson's Bar,Heineken,0.0,19.192857142857143,360,540.0,0.0,0.0,False
2023-12-13,Johnson's Bar,Heineken,0.0,19.192857142857143,360,540.0,0.0,0.0,False
2023-12-14,Johnson's Bar,Heineken,0.0,0.0,330,540.0,0.0,0.0,False
2023-12-15,Johnson's Bar,Heineken,173.61,0.0,330,366.39,0.0,0.0,False
2023-12-16,Johnson's Bar,Heineken,0.0,24.801428571428573,390,366.39,23.610000000000014,0.0,False
2023-12-17,Johnson's Bar,Heineken,227.7,24.801428571428573,390,138.69,227.7,0.0,False
2023-12-18,Johnson's Bar,Heineken,0.0,57.33,450,162.3,60.0,0.0,False
2023-12-19,Johnson's Bar,Heineken,0.0,57.33,450,390.0,0.0,0.0,False
2023-12-20,Johnson's Bar,Heineken,510.43,57.33,450,0.0,450.0,60.43000000000001,True
2023-12-21,Johnson's Bar,Heineken,0.0,130.24857142857144,600,0.0,150.0,0.0,False
2023-12-22,Johnson's Bar,Heineken,0.0,130.24857142857144,600,450.0,0.0,0.0,False
2023-12-23,Johnson's Bar,Heineken,0.0,105.44714285714285,540,600.0,0.0,0.0,False
2023-12-24,Johnson's Bar,Heineken,497.3,105.44714285714285,540,102.69999999999999,437.3,0.0,False
2023-12-25,Johnson's Bar,Heineken,0.0,143.96142857142857,630,102.69999999999999,90.0,0.0,False
2023-12-26,Johnson's Bar,Heineken,0.0,143.96142857142857,630,540.0,0.0,0.0,False
2023-12-27,Johnson's Bar,Heineken,0.0,143.96142857142857,630,630.0,0.0,0.0,False
2023-12-28,Johnson's Bar,Heineken,0.0,71.04285714285714,480,630.0,0.0,0.0,False
2023-12-29,Johnson's Bar,Heineken,522.49,71.04285714285714,480,107.50999999999999,372.49,0.0,False
2023-12-30,Johnson's Bar,Heineken,0.0,145.68428571428572,630,107.50999999999999,150.0,0.0,False
2023-12-31,Johnson's Bar,Heineken,0.0,145.68428571428572,630,480.0,0.0,0.0,False
2024-01-01,Johnson's Bar,Heineken,0.0,74.64142857142858,480,630.0,0.0,0.0,False
2023-10-21,Johnson's Bar,Jack Daniels,0.0,61.62571428571429,480,480.0,0.0,0.0,False
2023-10-22,Johnson's Bar,Jack Daniels,0.0,61.62571428571429,480,480.0,0.0,0.0,False
2023-10-23,Johnson's Bar,Jack Daniels,0.0,61.62571428571429,480,480.0,0.0,0.0,False
2023-10-24,Johnson's Bar,Jack Daniels,0.0,0.0,360,480.0,0.0,0.0,False
2023-10-25,Johnson's Bar,Jack Daniels,0.0,0.0,360,480.0,0.0,0.0,False
2023-10-26,Johnson's Bar,Jack Daniels,517.12,0.0,360,0.0,360.0,37.120000000000005,True
2023-10-27,Johnson's Bar,Jack Daniels,0.0,73.87428571428572,510,0.0,150.0,0.0,False
2023-10-28,Johnson's Bar,Jack Daniels,0.0,73.87428571428572,510,360.0,0.0,0.0,False
2023-10-29,Johnson's Bar,Jack Daniels,0.0,73.87428571428572,510,510.0,0.0,0.0,False
2023-10-30,Johnson's Bar,Jack Daniels,432.54,73.87428571428572,510,77.45999999999998,432.54,0.0,False
2023-10-31,Johnson's Bar,Jack Daniels,0.0,135.6657142857143,630,77.45999999999998,120.0,0.0,False
2023-11-01,Johnson's Bar,Jack Daniels,0.0,135.6657142857143,630,510.0,0.0,0.0,False
2023-11-02,Johnson's Bar,Jack Daniels,0.0,135.6657142857143,630,630.0,0.0,0.0,False
2023-11-03,Johnson's Bar,Jack Daniels,0.0,61.791428571428575,480,630.0,0.0,0.0,False
2023-11-04,Johnson's Bar,Jack Daniels,0.0,61.791428571428575,480,630.0,0.0,0.0,False
2023-11-05,Johnson's Bar,Jack Daniels,0.0,61.791428571428575,480,630.0,0.0,0.0,False
2023-11-06,Johnson's Bar,Jack Daniels,0.0,61.791428571428575,480,630.0,0.0,0.0,False
2023-11-07,Johnson's Bar,Jack Daniels,0.0,0.0,360,630.0,0.0,0.0,False
2023-11-08,Johnson's Bar,Jack Daniels,0.0,0.0,360,630.0,0.0,0.0,False
2023-11-09,Johnson's Bar,Jack Daniels,288.36,0.0,360,341.64,18.360000000000014,0.0,False
2023-11-10,Johnson's Bar,Jack Daniels,0.0,41.19428571428572,450,341.64,90.0,0.0,False
2023-11-11,Johnson's Bar,Jack Daniels,0.0,41.19428571428572,450,360.0,0.0,0.0,False
2023-11-12,Johnson's Bar,Jack Daniels,0.0,41.19428571428572,450,450.0,0.0,0.0,False
2023-11-13,Johnson's Bar,Jack Daniels,0.0,41.19428571428572,450,450.0,0.0,0.0,False
2023-11-14,Johnson's Bar,Jack Daniels,0.0,41.19428571428572,450,450.0,0.0,0.0,False
2023-11-15,Johnson's Bar,Jack Daniels,0.0,41.19428571428572,450,450.0,0.0,0.0,False
2023-11-16,Johnson's Bar,Jack Daniels,0.0,41.19428571428572,450,450.0,0.0,0.0,False
2023-11-17,Johnson's Bar,Jack Daniels,0.0,0.0,360,450.0,0.0,0.0,False
2023-11-18,Johnson's Bar,Jack Daniels,0.0,0.0,360,450.0,0.0,0.0,False
2023-11-19,Johnson's Bar,Jack Daniels,0.0,0.0,360,450.0,0.0,0.0,False
2023-11-20,Johnson's Bar,Jack Daniels,0.0,0.0,360,450.0,0.0,0.0,False
2023-11-21,Johnson's Bar,Jack Daniels,0.0,0.0,360,450.0,0.0,0.0,False
2023-11-22,Johnson's Bar,Jack Daniels,0.0,0.0,360,450.0,0.0,0.0,False
2023-11-23,Johnson's Bar,Jack Daniels,0.0,0.0,360,450.0,0.0,0.0,False
2023-11-24,Johnson's Bar,Jack Daniels,0.0,0.0,360,450.0,0.0,0.0,False
2023-11-25,Johnson's Bar,Jack Daniels,0.0,0.0,360,450.0,0.0,0.0,False
2023-11-26,Johnson's Bar,Jack Daniels,0.0,0.0,360,450.0,0.0,0.0,False
2023-11-27,Johnson's Bar,Jack Daniels,0.0,0.0,360,450.0,0.0,0.0,False
2023-11-28,Johnson's Bar,Jack Daniels,0.0,0.0,360,450.0,0.0,0.0,False
2023-11-29,Johnson's Bar,Jack Daniels,495.93,0.0,360,0.0,360.0,45.93000000000001,True
2023-11-30,Johnson's Bar,Jack Daniels,0.0,70.84714285714286,510,0.0,150.0,0.0,False
2023-12-01,Johnson's Bar,Jack Daniels,0.0,70.84714285714286,510,360.0,0.0,0.0,False
2023-12-02,Johnson's Bar,Jack Daniels,0.0,70.84714285714286,510,510.0,0.0,0.0,False
2023-12-03,Johnson's Bar,Jack Daniels,0.0,70.84714285714286,510,510.0,0.0,0.0,False
2023-12-04,Johnson's Bar,Jack Daniels,183.93,70.84714285714286,510,326.07,183.93,0.0,False
2023-12-05,Johnson's Bar,Jack Daniels,279.2,97.12285714285714,570,46.870000000000005,339.2,0.0,False
2023-12-06,Johnson's Bar,Jack Daniels,0.0,137.00857142857143,630,230.8,60.0,0.0,False
2023-12-07,Johnson's Bar,Jack Daniels,0.0,66.16142857142857,510,570.0,0.0,0.0,False
2023-12-08,Johnson's Bar,Jack Daniels,0.0,66.16142857142857,510,630.0,0.0,0.0,False
2023-12-09,Johnson's Bar,Jack Daniels,0.0,66.16142857142857,510,630.0,0.0,0.0,False
2023-12-10,Johnson's Bar,Jack Daniels,0.0,66.16142857142857,510,630.0,0.0,0.0,False
2023-12-11,Johnson's Bar,Jack Daniels,0.0,66.16142857142857,510,630.0,0.0,0.0,False
2023-12-12,Johnson's Bar,Jack Daniels,0.0,39.885714285714286,450,630.0,0.0,0.0,False
2023-12-13,Johnson's Bar,Jack Daniels,0.0,0.0,360,630.0,0.0,0.0,False
2023-12-14,Johnson's Bar,Jack Daniels,0.0,0.0,360,630.0,0.0,0.0,False
2023-12-15,Johnson's Bar,Jack Daniels,0.0,0.0,360,630.0,0.0,0.0,False
2023-12-16,Johnson's Bar,Jack Daniels,0.0,0.0,360,630.0,0.0,0.0,False
2023-12-17,Johnson's Bar,Jack Daniels,0.0,0.0,360,630.0,0.0,0.0,False
2023-12-18,Johnson's Bar,Jack Daniels,594.99,0.0,360,35.00999999999999,324.99,0.0,False
2023-12-19,Johnson's Bar,Jack Daniels,0.0,84.99857142857142,540,35.00999999999999,180.0,0.0,False
2023-12-20,Johnson's Bar,Jack Daniels,0.0,84.99857142857142,540,360.0,0.0,0.0,False
2023-12-21,Johnson's Bar,Jack Daniels,0.0,84.99857142857142,540,540.0,0.0,0.0,False
2023-12-22,Johnson's Bar,Jack Daniels,151.35,84.99857142857142,540,388.65,151.35000000000002,0.0,False
2023-12-23,Johnson's Bar,Jack Daniels,0.0,106.62,570,388.65,30.0,0.0,False
2023-12-24,Johnson's Bar,Jack Daniels,0.0,106.62,570,540.0,0.0,0.0,False
2023-12-25,Johnson's Bar,Jack Daniels,0.0,106.62,570,570.0,0.0,0.0,False
2023-12-26,Johnson's Bar,Jack Daniels,551.68,21.62142857142857,420,18.32000000000005,401.67999999999995,0.0,False
2023-12-27,Johnson's Bar,Jack Daniels,0.0,100.43285714285715,570,18.32000000000005,150.0,0.0,False
2023-12-28,Johnson's Bar,Jack Daniels,0.0,100.43285714285715,570,420.0,0.0,0.0,False
2023-12-29,Johnson's Bar,Jack Daniels,338.71,100.43285714285715,570,231.29000000000002,338.71,0.0,False
2023-12-30,Johnson's Bar,Jack Daniels,0.0,127.19857142857141,630,231.29000000000002,60.0,0.0,False
2023-12-31,Johnson's Bar,Jack Daniels,0.0,127.19857142857141,630,570.0,0.0,0.0,False
2024-01-01,Johnson's Bar,Jack Daniels,0.0,127.19857142857141,630,630.0,0.0,0.0,False
2023-10-21,Johnson's Bar,Jameson,0.0,0.0,300,300.0,0.0,0.0,False
2023-10-22,Johnson's Bar,Jameson,0.0,0.0,300,300.0,0.0,0.0,False
2023-10-23,Johnson's Bar,Jameson,0.0,0.0,300,300.0,0.0,0.0,False
2023-10-24,Johnson's Bar,Jameson,0.0,0.0,300,300.0,0.0,0.0,False
2023-10-25,Johnson's Bar,Jameson,0.0,0.0,300,300.0,0.0,0.0,False
2023-10-26,Johnson's Bar,Jameson,0.0,0.0,300,300.0,0.0,0.0,False
2023-10-27,Johnson's Bar,Jameson,0.0,0.0,300,300.0,0.0,0.0,False
2023-10-28,Johnson's Bar,Jameson,0.0,0.0,300,300.0,0.0,0.0,False
2023-10-29,Johnson's Bar,Jameson,0.0,0.0,300,300.0,0.0,0.0,False
2023-10-30,Johnson's Bar,Jameson,0.0,0.0,300,300.0,0.0,0.0,False
2023-10-31,Johnson's Bar,Jameson,0.0,0.0,300,300.0,0.0,0.0,False
2023-11-01,Johnson's Bar,Jameson,0.0,0.0,300,300.0,0.0,0.0,False
2023-11-02,Johnson's Bar,Jameson,0.0,0.0,300,300.0,0.0,0.0,False
2023-11-03,Johnson's Bar,Jameson,0.0,0.0,300,300.0,0.0,0.0,False
2023-11-04,Johnson's Bar,Jameson,120.84,0.0,300,179.16,120.84,0.0,False
2023-11-05,Johnson's Bar,Jameson,0.0,17.262857142857143,330,179.16,30.0,0.0,False
2023-11-06,Johnson's Bar,Jameson,0.0,17.262857142857143,330,300.0,0.0,0.0,False
2023-11-07,Johnson's Bar,Jameson,218.16,17.262857142857143,330,111.84,218.16,0.0,False
2023-11-08,Johnson's Bar,Jameson,485.34,48.42857142857143,420,0.0,201.84,373.5,True
2023-11-09,Johnson's Bar,Jameson,0.0,117.76285714285713,540,218.16,120.0,0.0,False
2023-11-10,Johnson's Bar,Jameson,294.01,117.76285714285713,540,125.99000000000001,294.01,0.0,False
2023-11-11,Johnson's Bar,Jameson,0.0,159.7642857142857,630,245.99,90.0,0.0,False
2023-11-12,Johnson's Bar,Jameson,0.0,142.50142857142856,600,540.0,0.0,0.0,False
2023-11-13,Johnson's Bar,Jameson,0.0,142.50142857142856,600,630.0,0.0,0.0,False
2023-11-14,Johnson's Bar,Jameson,150.44,142.50142857142856,600,479.56,120.44,0.0,False
2023-11-15,Johnson's Bar,Jameson,105.49,132.82714285714286,570,374.07,75.49000000000001,0.0,False
2023-11-16,Johnson's Bar,Jameson,0.0,78.56285714285714,480,494.51,0.0,0.0,False
2023-11-17,Johnson's Bar,Jameson,223.34,78.56285714285714,480,346.65999999999997,133.34000000000003,0.0,False
2023-11-18,Johnson's Bar,Jameson,0.0,68.46714285714286,450,346.65999999999997,0.0,0.0,False
2023-11-19,Johnson's Bar,Jameson,0.0,68.46714285714286,450,480.0,0.0,0.0,False
2023-11-20,Johnson's Bar,Jameson,0.0,68.46714285714286,450,480.0,0.0,0.0,False
2023-11-21,Johnson's Bar,Jameson,0.0,68.46714285714286,450,480.0,0.0,0.0,False
2023-11-22,Johnson's Bar,Jameson,378.84,46.97571428571428,390,101.16000000000003,288.84,0.0,False
2023-11-23,Johnson's Bar,Jameson,0.0,86.02571428571427,480,101.16000000000003,90.0,0.0,False
2023-11-24,Johnson's Bar,Jameson,0.0,86.02571428571427,480,390.0,0.0,0.0,False
2023-11-25,Johnson's Bar,Jameson,0.0,54.12,420,480.0,0.0,0.0,False
2023-11-26,Johnson's Bar,Jameson,0.0,54.12,420,480.0,0.0,0.0,False
2023-11-27,Johnson's Bar,Jameson,0.0,54.12,420,480.0,0.0,0.0,False
2023-11-28,Johnson's Bar,Jameson,0.0,54.12,420,480.0,0.0,0.0,False
2023-11-29,Johnson's Bar,Jameson,0.0,54.12,420,480.0,0.0,0.0,False
2023-11-30,Johnson's Bar,Jameson,563.25,0.0,300,0.0,300.0,83.25,True
2023-12-01,Johnson's Bar,Jameson,0.0,80.46428571428571,480,0.0,180.0,0.0,False
2023-12-02,Johnson's Bar,Jameson,0.0,80.46428571428571,480,300.0,0.0,0.0,False
2023-12-03,Johnson's Bar,Jameson,0.0,80.46428571428571,480,480.0,0.0,0.0,False
2023-12-04,Johnson's Bar,Jameson,0.0,80.46428571428571,480,480.0,0.0,0.0,False
2023-12-05,Johnson's Bar,Jameson,0.0,80.46428571428571,480,480.0,0.0,0.0,False
2023-12-06,Johnson's Bar,Jameson,0.0,80.46428571428571,480,480.0,0.0,0.0,False
2023-12-07,Johnson's Bar,Jameson,0.0,80.46428571428571,480,480.0,0.0,0.0,False
2023-12-08,Johnson's Bar,Jameson,0.0,0.0,300,480.0,0.0,0.0,False
2023-12-09,Johnson's Bar,Jameson,0.0,0.0,300,480.0,0.0,0.0,False
2023-12-10,Johnson's Bar,Jameson,0.0,0.0,300,480.0,0.0,0.0,False
2023-12-11,Johnson's Bar,Jameson,0.0,0.0,300,480.0,0.0,0.0,False
2023-12-12,Johnson's Bar,Jameson,0.0,0.0,300,480.0,0.0,0.0,False
2023-12-13,Johnson's Bar,Jameson,0.0,0.0,300,480.0,0.0,0.0,False
2023-12-14,Johnson's Bar,Jameson,126.67,0.0,300,353.33,0.0,0.0,False
2023-12-15,Johnson's Bar,Jameson,0.0,18.095714285714287,360,353.33,6.670000000000016,0.0,False
2023-12-16,Johnson's Bar,Jameson,0.0,18.095714285714287,360,353.33,0.0,0.0,False
2023-12-17,Johnson's Bar,Jameson,0.0,18.095714285714287,360,360.0,0.0,0.0,False
2023-12-18,Johnson's Bar,Jameson,0.0,18.095714285714287,360,360.0,0.0,0.0,False
2023-12-19,Johnson's Bar,Jameson,130.75,18.095714285714287,360,229.25,130.75,0.0,False
2023-12-20,Johnson's Bar,Jameson,0.0,36.77428571428572,390,229.25,30.0,0.0,False
2023-12-21,Johnson's Bar,Jameson,0.0,36.77428571428572,390,360.0,0.0,0.0,False
2023-12-22,Johnson's Bar,Jameson,0.0,18.678571428571427,360,390.0,0.0,0.0,False
2023-12-23,Johnson's Bar,Jameson,0.0,18.678571428571427,360,390.0,0.0,0.0,False
2023-12-24,Johnson's Bar,Jameson,506.03,18.678571428571427,360,0.0,360.0,116.02999999999997,True
2023-12-25,Johnson's Bar,Jameson,0.0,90.96857142857142,480,0.0,120.0,0.0,False
2023-12-26,Johnson's Bar,Jameson,0.0,90.96857142857142,480,360.0,0.0,0.0,False
2023-12-27,Johnson's Bar,Jameson,121.89,72.28999999999999,450,358.11,91.88999999999999,0.0,False
2023-12-28,Johnson's Bar,Jameson,0.0,89.70285714285714,480,358.11,30.0,0.0,False
2023-12-29,Johnson's Bar,Jameson,0.0,89.70285714285714,480,450.0,0.0,0.0,False
2023-12-30,Johnson's Bar,Jameson,0.0,89.70285714285714,480,480.0,0.0,0.0,False
2023-12-31,Johnson's Bar,Jameson,0.0,89.70285714285714,480,480.0,0.0,0.0,False
2024-01-01,Johnson's Bar,Jameson,0.0,17.412857142857142,330,480.0,0.0,0.0,False
2023-10-21,Johnson's Bar,Jim Beam,0.0,59.730000000000004,450,450.0,0.0,0.0,False
2023-10-22,Johnson's Bar,Jim Beam,0.0,64.25625,450,450.0,0.0,0.0,False
2023-10-23,Johnson's Bar,Jim Beam,0.0,0.0,330,450.0,0.0,0.0,False
2023-10-24,Johnson's Bar,Jim Beam,104.64,0.0,330,345.36,0.0,0.0,False
2023-10-25,Johnson's Bar,Jim Beam,0.0,111.81375,540,345.36,194.64,0.0,False
2023-10-26,Johnson's Bar,Jim Beam,0.0,62.86625,450,345.36,0.0,0.0,False
2023-10-27,Johnson's Bar,Jim Beam,0.0,125.9525,570,540.0,30.0,0.0,False
2023-10-28,Johnson's Bar,Jim Beam,0.0,59.730000000000004,450,540.0,0.0,0.0,False
2023-10-29,Johnson's Bar,Jim Beam,0.0,64.25625,450,570.0,0.0,0.0,False
2023-10-30,Johnson's Bar,Jim Beam,0.0,0.0,330,570.0,0.0,0.0,False
2023-10-31,Johnson's Bar,Jim Beam,0.0,13.08,360,570.0,0.0,0.0,False
2023-11-01,Johnson's Bar,Jim Beam,227.15,111.81375,540,342.85,197.14999999999998,0.0,False
2023-11-02,Johnson's Bar,Jim Beam,485.94,62.86625,450,0.0,252.85000000000002,143.08999999999997,True
2023-11-03,Johnson's Bar,Jim Beam,499.61,125.9525,570,0.0,317.15,302.46000000000004,True
2023-11-04,Johnson's Bar,Jim Beam,0.0,59.730000000000004,450,252.85000000000002,0.0,0.0,False
2023-11-05,Johnson's Bar,Jim Beam,0.0,64.25625,450,570.0,0.0,0.0,False
2023-11-06,Johnson's Bar,Jim Beam,484.6,0.0,330,85.39999999999998,244.60000000000002,0.0,False
2023-11-07,Johnson's Bar,Jim Beam,0.0,13.08,360,85.39999999999998,30.0,0.0,False
2023-11-08,Johnson's Bar,Jim Beam,0.0,140.20749999999998,600,330.0,240.0,0.0,False
2023-11-09,Johnson's Bar,Jim Beam,0.0,123.60875,570,360.0,0.0,0.0,False
2023-11-10,Johnson's Bar,Jim Beam,0.0,188.40375,690,600.0,90.0,0.0,False
2023-11-11,Johnson's Bar,Jim Beam,261.9,59.730000000000004,450,338.1,21.899999999999977,0.0,False
2023-11-12,Johnson's Bar,Jim Beam,464.01,64.25625,450,0.0,428.1,35.90999999999997,True
2023-11-13,Johnson's Bar,Jim Beam,318.81,60.575,450,0.0,21.899999999999977,296.91,True
2023-11-14,Johnson's Bar,Jim Beam,0.0,13.08,360,428.1,0.0,0.0,False
2023-11-15,Johnson's Bar,Jim Beam,0.0,140.20749999999998,600,450.0,150.0,0.0,False
2023-11-16,Johnson's Bar,Jim Beam,0.0,123.60875,570,450.0,0.0,0.0,False
2023-11-17,Johnson's Bar,Jim Beam,0.0,188.40375,690,600.0,90.0,0.0,False
2023-11-18,Johnson's Bar,Jim Beam,137.9,92.4675,510,462.1,0.0,0.0,False
2023-11-19,Johnson's Bar,Jim Beam,234.77,58.00125,450,317.33000000000004,132.66999999999996,0.0,False
2023-11-20,Johnson's Bar,Jim Beam,0.0,100.42625000000001,510,317.33000000000004,60.0,0.0,False
2023-11-21,Johnson's Bar,Jim Beam,0.0,13.08,360,450.0,0.0,0.0,False
2023-11-22,Johnson's Bar,Jim Beam,0.0,102.58874999999999,540,510.0,30.0,0.0,False
2023-11-23,Johnson's Bar,Jim Beam,0.0,123.60875,570,510.0,30.0,0.0,False
2023-11-24,Johnson's Bar,Jim Beam,0.0,137.54250000000002,600,540.0,30.0,0.0,False
2023-11-25,Johnson's Bar,Jim Beam,162.99,83.1925,480,407.01,42.99000000000001,0.0,False
2023-11-26,Johnson's Bar,Jim Beam,531.12,87.3475,510,0.0,467.01,94.11000000000001,True
2023-11-27,Johnson's Bar,Jim Beam,0.0,100.42625000000001,510,42.99000000000001,0.0,0.0,False
2023-11-28,Johnson's Bar,Jim Beam,0.0,13.08,360,510.0,0.0,0.0,False
2023-11-29,Johnson's Bar,Jim Beam,0.0,102.58874999999999,540,510.0,30.0,0.0,False
2023-11-30,Johnson's Bar,Jim Beam,0.0,123.60875,570,510.0,30.0,0.0,False
2023-12-01,Johnson's Bar,Jim Beam,0.0,137.54250000000002,600,540.0,30.0,0.0,False
2023-12-02,Johnson's Bar,Jim Beam,0.0,103.56625,540,570.0,0.0,0.0,False
2023-12-03,Johnson's Bar,Jim Beam,0.0,153.7375,630,600.0,30.0,0.0,False
2023-12-04,Johnson's Bar,Jim Beam,0.0,100.42625000000001,510,600.0,0.0,0.0,False
2023-12-05,Johnson's Bar,Jim Beam,0.0,13.08,360,630.0,0.0,0.0,False
2023-12-06,Johnson's Bar,Jim Beam,476.39,102.58874999999999,540,153.61,386.39,0.0,False
2023-12-07,Johnson's Bar,Jim Beam,172.85,60.7425,450,0.0,63.610000000000014,19.23999999999998,True
2023-12-08,Johnson's Bar,Jim Beam,0.0,108.97749999999999,540,386.39,90.0,0.0,False
2023-12-09,Johnson's Bar,Jim Beam,0.0,103.56625,540,450.0,0.0,0.0,False
2023-12-10,Johnson's Bar,Jim Beam,0.0,153.7375,630,540.0,90.0,0.0,False
2023-12-11,Johnson's Bar,Jim Beam,368.47,100.42625000000001,510,171.52999999999997,248.47000000000003,0.0,False
2023-12-12,Johnson's Bar,Jim Beam,0.0,13.08,360,261.53,0.0,0.0,False
2023-12-13,Johnson's Bar,Jim Beam,0.0,162.1375,660,510.0,150.0,0.0,False
2023-12-14,Johnson's Bar,Jim Beam,0.0,82.34875,480,510.0,0.0,0.0,False
2023-12-15,Johnson's Bar,Jim Beam,0.0,62.45125,450,660.0,0.0,0.0,False
2023-12-16,Johnson's Bar,Jim Beam,0.0,70.34875,450,660.0,0.0,0.0,False
2023-12-17,Johnson's Bar,Jim Beam,0.0,153.7375,630,660.0,0.0,0.0,False
2023-12-18,Johnson's Bar,Jim Beam,0.0,146.485,630,660.0,0.0,0.0,False
2023-12-19,Johnson's Bar,Jim Beam,0.0,13.08,360,660.0,0.0,0.0,False
2023-12-20,Johnson's Bar,Jim Beam,0.0,87.9425,510,660.0,0.0,0.0,False
2023-12-21,Johnson's Bar,Jim Beam,0.0,82.34875,480,660.0,0.0,0.0,False
2023-12-22,Johnson's Bar,Jim Beam,0.0,62.45125,450,660.0,0.0,0.0,False
2023-12-23,Johnson's Bar,Jim Beam,0.0,70.34875,450,660.0,0.0,0.0,False
2023-12-24,Johnson's Bar,Jim Beam,0.0,153.7375,630,660.0,0.0,0.0,False
2023-12-25,Johnson's Bar,Jim Beam,0.0,146.485,630,660.0,0.0,0.0,False
2023-12-26,Johnson's Bar,Jim Beam,0.0,0.0,330,660.0,0.0,0.0,False
2023-12-27,Johnson's Bar,Jim Beam,0.0,87.9425,510,660.0,0.0,0.0,False
2023-12-28,Johnson's Bar,Jim Beam,309.62,82.34875,480,350.38,129.62,0.0,False
2023-12-29,Johnson's Bar,Jim Beam,0.0,62.45125,450,350.38,0.0,0.0,False
2023-12-30,Johnson's Bar,Jim Beam,0.0,70.34875,450,480.0,0.0,0.0,False
2023-12-31,Johnson's Bar,Jim Beam,0.0,153.7375,630,480.0,150.0,0.0,False
2024-01-01,Johnson's Bar,Jim Beam,0.0,146.485,630,480.0,0.0,0.0,False
2023-10-21,Johnson's Bar,Malibu,0.0,54.01125,510,510.0,0.0,0.0,False
2023-10-22,Johnson's Bar,Malibu,0.0,134.61875,660,510.0,150.0,0.0,False
2023-10-23,Johnson's Bar,Malibu,0.0,0.0,390,510.0,0.0,0.0,False
2023-10-24,Johnson's Bar,Malibu,0.0,20.59125,420,660.0,0.0,0.0,False
2023-10-25,Johnson's Bar,Malibu,187.49,0.0,390,472.51,0.0,0.0,False
2023-10-26,Johnson's Bar,Malibu,0.0,197.6225,780,472.51,307.49,0.0,False
2023-10-27,Johnson's Bar,Malibu,0.0,97.2075,570,472.51,0.0,0.0,False
2023-10-28,Johnson's Bar,Malibu,0.0,54.01125,510,780.0,0.0,0.0,False
2023-10-29,Johnson's Bar,Malibu,0.0,66.5425,510,780.0,0.0,0.0,False
2023-10-30,Johnson's Bar,Malibu,0.0,0.0,390,780.0,0.0,0.0,False
2023-10-31,Johnson's Bar,Malibu,0.0,20.59125,420,780.0,0.0,0.0,False
2023-11-01,Johnson's Bar,Malibu,0.0,23.43625,420,780.0,0.0,0.0,False
2023-11-02,Johnson's Bar,Malibu,0.0,197.6225,780,780.0,0.0,0.0,False
2023-11-03,Johnson's Bar,Malibu,0.0,97.2075,570,780.0,0.0,0.0,False
2023-11-04,Johnson's Bar,Malibu,0.0,54.01125,510,780.0,0.0,0.0,False
2023-11-05,Johnson's Bar,Malibu,286.83,66.5425,510,493.17,16.829999999999984,0.0,False
2023-11-06,Johnson's Bar,Malibu,433.24,0.0,390,59.93000000000001,313.24,0.0,False
2023-11-07,Johnson's Bar,Malibu,0.0,20.59125,420,76.75999999999999,30.0,0.0,False
2023-11-08,Johnson's Bar,Malibu,0.0,23.43625,420,390.0,0.0,0.0,False
2023-11-09,Johnson's Bar,Malibu,0.0,160.1225,720,420.0,300.0,0.0,False
2023-11-10,Johnson's Bar,Malibu,0.0,97.2075,570,420.0,0.0,0.0,False
2023-11-11,Johnson's Bar,Malibu,575.52,54.01125,510,144.48000000000002,365.52,0.0,False
2023-11-12,Johnson's Bar,Malibu,445.17,102.39625000000001,600,0.0,234.48000000000002,300.69,True
2023-11-13,Johnson's Bar,Malibu,0.0,54.155,510,365.52,0.0,0.0,False
2023-11-14,Johnson's Bar,Malibu,0.0,20.59125,420,600.0,0.0,0.0,False
2023-11-15,Johnson's Bar,Malibu,409.56,23.43625,420,190.44,229.56,0.0,False
2023-11-16,Johnson's Bar,Malibu,0.0,160.1225,720,190.44,300.0,0.0,False
2023-11-17,Johnson's Bar,Malibu,0.0,97.2075,570,420.0,0.0,0.0,False
2023-11-18,Johnson's Bar,Malibu,0.0,125.95124999999999,630,720.0,0.0,0.0,False
2023-11-19,Johnson's Bar,Malibu,0.0,91.5,570,720.0,0.0,0.0,False
2023-11-20,Johnson's Bar,Malibu,389.06,54.155,510,330.94,179.06,0.0,False
2023-11-21,Johnson's Bar,Malibu,0.0,20.59125,420,330.94,0.0,0.0,False
2023-11-22,Johnson's Bar,Malibu,0.0,74.63125,540,510.0,30.0,0.0,False
2023-11-23,Johnson's Bar,Malibu,0.0,132.03625,660,510.0,120.0,0.0,False
2023-11-24,Johnson's Bar,Malibu,484.24,97.2075,570,55.75999999999999,394.24,0.0,False
2023-11-25,Johnson's Bar,Malibu,0.0,71.94,540,175.76,0.0,0.0,False
2023-11-26,Johnson's Bar,Malibu,0.0,91.5,570,570.0,0.0,0.0,False
2023-11-27,Johnson's Bar,Malibu,0.0,102.7875,600,570.0,30.0,0.0,False
2023-11-28,Johnson's Bar,Malibu,0.0,20.59125,420,570.0,0.0,0.0,False
2023-11-29,Johnson's Bar,Malibu,0.0,74.63125,540,600.0,0.0,0.0,False
2023-11-30,Johnson's Bar,Malibu,0.0,60.86125,510,600.0,0.0,0.0,False
2023-12-01,Johnson's Bar,Malibu,0.0,157.7375,690,600.0,90.0,0.0,False
2023-12-02,Johnson's Bar,Malibu,0.0,71.94,540,600.0,0.0,0.0,False
2023-12-03,Johnson's Bar,Malibu,0.0,91.5,570,690.0,0.0,0.0,False
2023-12-04,Johnson's Bar,Malibu,433.68,102.7875,600,256.32,343.68,0.0,False
2023-12-05,Johnson's Bar,Malibu,0.0,20.59125,420,256.32,0.0,0.0,False
2023-12-06,Johnson's Bar,Malibu,492.64,74.63125,540,107.36000000000001,432.64,0.0,False
2023-12-07,Johnson's Bar,Malibu,0.0,60.86125,510,107.36000000000001,0.0,0.0,False
2023-12-08,Johnson's Bar,Malibu,0.0,103.42125,600,540.0,60.0,0.0,False
2023-12-09,Johnson's Bar,Malibu,0.0,71.94,540,540.0,0.0,0.0,False
2023-12-10,Johnson's Bar,Malibu,0.0,91.5,570,600.0,0.0,0.0,False
2023-12-11,Johnson's Bar,Malibu,0.0,156.9975,690,600.0,90.0,0.0,False
2023-12-12,Johnson's Bar,Malibu,0.0,0.0,390,600.0,0.0,0.0,False
2023-12-13,Johnson's Bar,Malibu,0.0,136.21125,660,690.0,0.0,0.0,False
2023-12-14,Johnson's Bar,Malibu,530.8,60.86125,510,159.20000000000005,350.79999999999995,0.0,False
2023-12-15,Johnson's Bar,Malibu,0.0,103.42125,600,159.20000000000005,90.0,0.0,False
2023-12-16,Johnson's Bar,Malibu,0.0,71.94,540,510.0,0.0,0.0,False
2023-12-17,Johnson's Bar,Malibu,204.13,91.5,570,395.87,174.13,0.0,False
2023-12-18,Johnson's Bar,Malibu,0.0,156.9975,690,395.87,120.0,0.0,False
2023-12-19,Johnson's Bar,Malibu,0.0,0.0,390,570.0,0.0,0.0,False
2023-12-20,Johnson's Bar,Malibu,174.28,136.21125,660,515.72,144.27999999999997,0.0,False
2023-12-21,Johnson's Bar,Malibu,0.0,66.35,510,515.72,0.0,0.0,False
2023-12-22,Johnson's Bar,Malibu,395.06,60.53,510,264.94,245.06,0.0,False
2023-12-23,Johnson's Bar,Malibu,236.15,71.94,540,28.789999999999992,266.15,0.0,False
2023-12-24,Johnson's Bar,Malibu,0.0,117.01625,630,273.85,90.0,0.0,False
2023-12-25,Johnson's Bar,Malibu,0.0,156.9975,690,540.0,60.0,0.0,False
2023-12-26,Johnson's Bar,Malibu,0.0,0.0,390,630.0,0.0,0.0,False
2023-12-27,Johnson's Bar,Malibu,0.0,134.56,660,690.0,0.0,0.0,False
2023-12-28,Johnson's Bar,Malibu,0.0,66.35,510,690.0,0.0,0.0,False
2023-12-29,Johnson's Bar,Malibu,0.0,109.9125,600,690.0,0.0,0.0,False
2023-12-30,Johnson's Bar,Malibu,0.0,101.45875,600,690.0,0.0,0.0,False
2023-12-31,Johnson's Bar,Malibu,0.0,117.01625,630,690.0,0.0,0.0,False
2024-01-01,Johnson's Bar,Malibu,278.16,156.9975,690,411.84,278.16,0.0,False
2023-10-21,Johnson's Bar,Miller,0.0,17.634285714285713,360,360.0,0.0,0.0,False
2023-10-22,Johnson's Bar,Miller,0.0,17.634285714285713,360,360.0,0.0,0.0,False
2023-10-23,Johnson's Bar,Miller,304.07,17.634285714285713,360,55.93000000000001,304.07,0.0,False
2023-10-24,Johnson's Bar,Miller,0.0,61.07285714285714,450,55.93000000000001,90.0,0.0,False
2023-10-25,Johnson's Bar,Miller,0.0,61.07285714285714,450,360.0,0.0,0.0,False
2023-10-26,Johnson's Bar,Miller,0.0,61.07285714285714,450,450.0,0.0,0.0,False
2023-10-27,Johnson's Bar,Miller,540.8,61.07285714285714,450,0.0,450.0,90.79999999999995,True
2023-10-28,Johnson's Bar,Miller,0.0,120.69571428571427,570,0.0,120.0,0.0,False
2023-10-29,Johnson's Bar,Miller,0.0,120.69571428571427,570,450.0,0.0,0.0,False
2023-10-30,Johnson's Bar,Miller,0.0,120.69571428571427,570,570.0,0.0,0.0,False
2023-10-31,Johnson's Bar,Miller,0.0,77.25714285714285,480,570.0,0.0,0.0,False
2023-11-01,Johnson's Bar,Miller,0.0,77.25714285714285,480,570.0,0.0,0.0,False
2023-11-02,Johnson's Bar,Miller,510.5,77.25714285714285,480,59.5,420.5,0.0,False
2023-11-03,Johnson's Bar,Miller,0.0,150.18571428571428,630,59.5,150.0,0.0,False
2023-11-04,Johnson's Bar,Miller,0.0,72.92857142857143,480,480.0,0.0,0.0,False
2023-11-05,Johnson's Bar,Miller,0.0,72.92857142857143,480,630.0,0.0,0.0,False
2023-11-06,Johnson's Bar,Miller,0.0,72.92857142857143,480,630.0,0.0,0.0,False
2023-11-07,Johnson's Bar,Miller,139.61,72.92857142857143,480,490.39,0.0,0.0,False
2023-11-08,Johnson's Bar,Miller,296.27,92.87285714285714,510,194.12,315.88,0.0,False
2023-11-09,Johnson's Bar,Miller,0.0,135.19714285714286,600,194.12,90.0,0.0,False
2023-11-10,Johnson's Bar,Miller,0.0,62.26857142857143,450,510.0,0.0,0.0,False
2023-11-11,Johnson's Bar,Miller,0.0,62.26857142857143,450,600.0,0.0,0.0,False
2023-11-12,Johnson's Bar,Miller,0.0,62.26857142857143,450,600.0,0.0,0.0,False
2023-11-13,Johnson's Bar,Miller,0.0,62.26857142857143,450,600.0,0.0,0.0,False
2023-11-14,Johnson's Bar,Miller,0.0,62.26857142857143,450,600.0,0.0,0.0,False
2023-11-15,Johnson's Bar,Miller,0.0,42.324285714285715,420,600.0,0.0,0.0,False
2023-11-16,Johnson's Bar,Miller,282.75,0.0,330,317.25,12.75,0.0,False
2023-11-17,Johnson's Bar,Miller,0.0,40.392857142857146,390,317.25,60.0,0.0,False
2023-11-18,Johnson's Bar,Miller,0.0,40.392857142857146,390,330.0,0.0,0.0,False
2023-11-19,Johnson's Bar,Miller,178.56,40.392857142857146,390,211.44,178.56,0.0,False
2023-11-20,Johnson's Bar,Miller,0.0,65.90142857142857,450,211.44,60.0,0.0,False
2023-11-21,Johnson's Bar,Miller,0.0,65.90142857142857,450,390.0,0.0,0.0,False
2023-11-22,Johnson's Bar,Miller,0.0,65.90142857142857,450,450.0,0.0,0.0,False
2023-11-23,Johnson's Bar,Miller,0.0,65.90142857142857,450,450.0,0.0,0.0,False
2023-11-24,Johnson's Bar,Miller,590.85,25.50857142857143,390,0.0,390.0,140.85000000000002,True
2023-11-25,Johnson's Bar,Miller,0.0,109.9157142857143,540,0.0,150.0,0.0,False
2023-11-26,Johnson's Bar,Miller,374.61,109.9157142857143,540,15.389999999999986,374.61,0.0,False
2023-11-27,Johnson's Bar,Miller,0.0,137.92285714285714,600,165.39,60.0,0.0,False
2023-11-28,Johnson's Bar,Miller,363.94,137.92285714285714,600,176.06,363.94,0.0,False
2023-11-29,Johnson's Bar,Miller,0.0,189.91428571428574,690,236.06,90.0,0.0,False
2023-11-30,Johnson's Bar,Miller,0.0,189.91428571428574,690,600.0,0.0,0.0,False
2023-12-01,Johnson's Bar,Miller,0.0,189.91428571428574,690,690.0,0.0,0.0,False
2023-12-02,Johnson's Bar,Miller,0.0,105.50714285714285,540,690.0,0.0,0.0,False
2023-12-03,Johnson's Bar,Miller,0.0,105.50714285714285,540,690.0,0.0,0.0,False
2023-12-04,Johnson's Bar,Miller,0.0,51.99142857142857,420,690.0,0.0,0.0,False
2023-12-05,Johnson's Bar,Miller,367.63,51.99142857142857,420,322.37,97.63,0.0,False
2023-12-06,Johnson's Bar,Miller,0.0,52.51857142857143,420,322.37,0.0,0.0,False
2023-12-07,Johnson's Bar,Miller,0.0,52.51857142857143,420,420.0,0.0,0.0,False
2023-12-08,Johnson's Bar,Miller,0.0,52.51857142857143,420,420.0,0.0,0.0,False
2023-12-09,Johnson's Bar,Miller,0.0,52.51857142857143,420,420.0,0.0,0.0,False
2023-12-10,Johnson's Bar,Miller,0.0,52.51857142857143,420,420.0,0.0,0.0,False
2023-12-11,Johnson's Bar,Miller,519.95,52.51857142857143,420,0.0,420.0,99.95000000000005,True
2023-12-12,Johnson's Bar,Miller,0.0,126.79714285714286,570,0.0,150.0,0.0,False
2023-12-13,Johnson's Bar,Miller,52.81,74.27857142857144,480,367.19,0.0,0.0,False
2023-12-14,Johnson's Bar,Miller,0.0,81.82285714285715,480,517.19,0.0,0.0,False
2023-12-15,Johnson's Bar,Miller,0.0,81.82285714285715,480,517.19,0.0,0.0,False
2023-12-16,Johnson's Bar,Miller,0.0,81.82285714285715,480,517.19,0.0,0.0,False
2023-12-17,Johnson's Bar,Miller,0.0,81.82285714285715,480,517.19,0.0,0.0,False
2023-12-18,Johnson's Bar,Miller,0.0,81.82285714285715,480,517.19,0.0,0.0,False
2023-12-19,Johnson's Bar,Miller,0.0,7.5442857142857145,330,517.19,0.0,0.0,False
2023-12-20,Johnson's Bar,Miller,0.0,7.5442857142857145,330,517.19,0.0,0.0,False
2023-12-21,Johnson's Bar,Miller,0.0,0.0,330,517.19,0.0,0.0,False
2023-12-22,Johnson's Bar,Miller,0.0,0.0,330,517.19,0.0,0.0,False
2023-12-23,Johnson's Bar,Miller,0.0,0.0,330,517.19,0.0,0.0,False
2023-12-24,Johnson's Bar,Miller,0.0,0.0,330,517.19,0.0,0.0,False
2023-12-25,Johnson's Bar,Miller,0.0,0.0,330,517.19,0.0,0.0,False
2023-12-26,Johnson's Bar,Miller,0.0,0.0,330,517.19,0.0,0.0,False
2023-12-27,Johnson's Bar,Miller,0.0,0.0,330,517.19,0.0,0.0,False
2023-12-28,Johnson's Bar,Miller,0.0,0.0,330,517.19,0.0,0.0,False
2023-12-29,Johnson's Bar,Miller,0.0,0.0,330,517.19,0.0,0.0,False
2023-12-30,Johnson's Bar,Miller,0.0,0.0,330,517.19,0.0,0.0,False
2023-12-31,Johnson's Bar,Miller,0.0,0.0,330,517.19,0.0,0.0,False
2024-01-01,Johnson's Bar,Miller,0.0,0.0,330,517.19,0.0,0.0,False
2023-10-21,Johnson's Bar,Smirnoff,0.0,103.69125,660,660.0,0.0,0.0,False
2023-10-22,Johnson's Bar,Smirnoff,0.0,65.6075,570,660.0,0.0,0.0,False
2023-10-23,Johnson's Bar,Smirnoff,0.0,0.0,450,660.0,0.0,0.0,False
2023-10-24,Johnson's Bar,Smirnoff,0.0,116.1525,660,660.0,0.0,0.0,False
2023-10-25,Johnson's Bar,Smirnoff,0.0,98.4625,630,660.0,0.0,0.0,False
2023-10-26,Johnson's Bar,Smirnoff,410.57,143.16625,720,249.43,470.57,0.0,False
2023-10-27,Johnson's Bar,Smirnoff,0.0,51.01875,540,249.43,0.0,0.0,False
2023-10-28,Johnson's Bar,Smirnoff,0.0,103.69125,660,720.0,0.0,0.0,False
2023-10-29,Johnson's Bar,Smirnoff,0.0,65.6075,570,720.0,0.0,0.0,False
2023-10-30,Johnson's Bar,Smirnoff,0.0,0.0,450,720.0,0.0,0.0,False
2023-10-31,Johnson's Bar,Smirnoff,0.0,116.1525,660,720.0,0.0,0.0,False
2023-11-01,Johnson's Bar,Smirnoff,0.0,98.4625,630,720.0,0.0,0.0,False
2023-11-02,Johnson's Bar,Smirnoff,0.0,194.4875,840,720.0,120.0,0.0,False
2023-11-03,Johnson's Bar,Smirnoff,0.0,51.01875,540,720.0,0.0,0.0,False
2023-11-04,Johnson's Bar,Smirnoff,0.0,103.69125,660,840.0,0.0,0.0,False
2023-11-05,Johnson's Bar,Smirnoff,0.0,65.6075,570,840.0,0.0,0.0,False
2023-11-06,Johnson's Bar,Smirnoff,0.0,0.0,450,840.0,0.0,0.0,False
2023-11-07,Johnson's Bar,Smirnoff,0.0,116.1525,660,840.0,0.0,0.0,False
2023-11-08,Johnson's Bar,Smirnoff,344.8,98.4625,630,495.2,134.8,0.0,False
2023-11-09,Johnson's Bar,Smirnoff,0.0,194.4875,840,495.2,210.0,0.0,False
2023-11-10,Johnson's Bar,Smirnoff,0.0,36.31125,510,630.0,0.0,0.0,False
2023-11-11,Johnson's Bar,Smirnoff,0.0,0.0,450,840.0,0.0,0.0,False
2023-11-12,Johnson's Bar,Smirnoff,0.0,65.6075,570,840.0,0.0,0.0,False
2023-11-13,Johnson's Bar,Smirnoff,0.0,0.0,450,840.0,0.0,0.0,False
2023-11-14,Johnson's Bar,Smirnoff,0.0,116.1525,660,840.0,0.0,0.0,False
2023-11-15,Johnson's Bar,Smirnoff,0.0,141.5625,720,840.0,0.0,0.0,False
2023-11-16,Johnson's Bar,Smirnoff,206.66,194.48749999999998,840,633.34,206.65999999999997,0.0,False
2023-11-17,Johnson's Bar,Smirnoff,0.0,0.0,450,633.34,0.0,0.0,False
2023-11-18,Johnson's Bar,Smirnoff,299.38,0.0,450,540.62,0.0,0.0,False
2023-11-19,Johnson's Bar,Smirnoff,0.0,65.6075,570,540.62,29.379999999999995,0.0,False
2023-11-20,Johnson's Bar,Smirnoff,0.0,0.0,450,540.62,0.0,0.0,False
2023-11-21,Johnson's Bar,Smirnoff,0.0,69.22125,570,570.0,0.0,0.0,False
2023-11-22,Johnson's Bar,Smirnoff,484.73,141.5625,720,85.26999999999998,634.73,0.0,False
2023-11-23,Johnson's Bar,Smirnoff,0.0,220.32,870,85.26999999999998,150.0,0.0,False
2023-11-24,Johnson's Bar,Smirnoff,451.46,0.0,450,268.54,31.45999999999998,0.0,False
2023-11-25,Johnson's Bar,Smirnoff,0.0,37.4225,510,418.54,60.0,0.0,False
2023-11-26,Johnson's Bar,Smirnoff,0.0,65.6075,570,450.0,60.0,0.0,False
2023-11-27,Johnson's Bar,Smirnoff,0.0,0.0,450,510.0,0.0,0.0,False
2023-11-28,Johnson's Bar,Smirnoff,0.0,0.0,450,570.0,0.0,0.0,False
2023-11-29,Johnson's Bar,Smirnoff,0.0,152.9,750,570.0,180.0,0.0,False
2023-11-30,Johnson's Bar,Smirnoff,0.0,181.54375000000002,810,570.0,60.0,0.0,False
2023-12-01,Johnson's Bar,Smirnoff,0.0,56.4325,540,750.0,0.0,0.0,False
2023-12-02,Johnson's Bar,Smirnoff,0.0,37.4225,510,810.0,0.0,0.0,False
2023-12-03,Johnson's Bar,Smirnoff,0.0,32.34875,510,810.0,0.0,0.0,False
2023-12-04,Johnson's Bar,Smirnoff,0.0,0.0,450,810.0,0.0,0.0,False
2023-12-05,Johnson's Bar,Smirnoff,288.39,0.0,450,521.61,0.0,0.0,False
2023-12-06,Johnson's Bar,Smirnoff,0.0,152.9,750,521.61,228.39,0.0,False
2023-12-07,Johnson's Bar,Smirnoff,0.0,145.85625000000002,720,521.61,0.0,0.0,False
2023-12-08,Johnson's Bar,Smirnoff,355.77,56.4325,540,394.23,145.76999999999998,0.0,False
2023-12-09,Johnson's Bar,Smirnoff,0.0,37.4225,510,394.23,0.0,0.0,False
2023-12-10,Johnson's Bar,Smirnoff,0.0,0.0,450,540.0,0.0,0.0,False
2023-12-11,Johnson's Bar,Smirnoff,0.0,0.0,450,540.0,0.0,0.0,False
2023-12-12,Johnson's Bar,Smirnoff,0.0,36.04875,510,540.0,0.0,0.0,False
2023-12-13,Johnson's Bar,Smirnoff,0.0,103.69125,660,540.0,120.0,0.0,False
2023-12-14,Johnson's Bar,Smirnoff,0.0,77.15375,600,540.0,0.0,0.0,False
2023-12-15,Johnson's Bar,Smirnoff,0.0,100.90375,630,660.0,0.0,0.0,False
2023-12-16,Johnson's Bar,Smirnoff,0.0,37.4225,510,660.0,0.0,0.0,False
2023-12-17,Johnson's Bar,Smirnoff,0.0,0.0,450,660.0,0.0,0.0,False
2023-12-18,Johnson's Bar,Smirnoff,0.0,0.0,450,660.0,0.0,0.0,False
2023-12-19,Johnson's Bar,Smirnoff,0.0,36.04875,510,660.0,0.0,0.0,False
2023-12-20,Johnson's Bar,Smirnoff,0.0,103.69125,660,660.0,0.0,0.0,False
2023-12-21,Johnson's Bar,Smirnoff,0.0,77.15375,600,660.0,0.0,0.0,False
2023-12-22,Johnson's Bar,Smirnoff,0.0,100.90375,630,660.0,0.0,0.0,False
2023-12-23,Johnson's Bar,Smirnoff,325.25,37.4225,510,334.75,175.25,0.0,False
2023-12-24,Johnson's Bar,Smirnoff,0.0,0.0,450,334.75,0.0,0.0,False
2023-12-25,Johnson's Bar,Smirnoff,0.0,0.0,450,510.0,0.0,0.0,False
2023-12-26,Johnson's Bar,Smirnoff,0.0,36.04875,510,510.0,0.0,0.0,False
2023-12-27,Johnson's Bar,Smirnoff,0.0,103.69125,660,510.0,150.0,0.0,False
2023-12-28,Johnson's Bar,Smirnoff,0.0,25.8325,480,510.0,0.0,0.0,False
2023-12-29,Johnson's Bar,Smirnoff,0.0,100.90375,630,660.0,0.0,0.0,False
2023-12-30,Johnson's Bar,Smirnoff,0.0,78.07875,600,660.0,0.0,0.0,False
2023-12-31,Johnson's Bar,Smirnoff,0.0,0.0,450,660.0,0.0,0.0,False
2024-01-01,Johnson's Bar,Smirnoff,0.0,0.0,450,660.0,0.0,0.0,False
2023-10-21,Johnson's Bar,Sutter Home,0.0,0.0,390,390.0,0.0,0.0,False
2023-10-22,Johnson's Bar,Sutter Home,0.0,0.0,390,390.0,0.0,0.0,False
2023-10-23,Johnson's Bar,Sutter Home,0.0,0.0,390,390.0,0.0,0.0,False
2023-10-24,Johnson's Bar,Sutter Home,0.0,0.0,390,390.0,0.0,0.0,False
2023-10-25,Johnson's Bar,Sutter Home,0.0,0.0,390,390.0,0.0,0.0,False
2023-10-26,Johnson's Bar,Sutter Home,0.0,0.0,390,390.0,0.0,0.0,False
2023-10-27,Johnson's Bar,Sutter Home,0.0,0.0,390,390.0,0.0,0.0,False
2023-10-28,Johnson's Bar,Sutter Home,0.0,0.0,390,390.0,0.0,0.0,False
2023-10-29,Johnson's Bar,Sutter Home,0.0,0.0,390,390.0,0.0,0.0,False
2023-10-30,Johnson's Bar,Sutter Home,0.0,0.0,390,390.0,0.0,0.0,False
2023-10-31,Johnson's Bar,Sutter Home,0.0,0.0,390,390.0,0.0,0.0,False
2023-11-01,Johnson's Bar,Sutter Home,0.0,0.0,390,390.0,0.0,0.0,False
2023-11-02,Johnson's Bar,Sutter Home,498.38,0.0,390,0.0,390.0,108.38,True
2023-11-03,Johnson's Bar,Sutter Home,0.0,71.19714285714285,510,0.0,120.0,0.0,False
2023-11-04,Johnson's Bar,Sutter Home,0.0,71.19714285714285,510,390.0,0.0,0.0,False
2023-11-05,Johnson's Bar,Sutter Home,0.0,71.19714285714285,510,510.0,0.0,0.0,False
2023-11-06,Johnson's Bar,Sutter Home,0.0,71.19714285714285,510,510.0,0.0,0.0,False
2023-11-07,Johnson's Bar,Sutter Home,0.0,71.19714285714285,510,510.0,0.0,0.0,False
2023-11-08,Johnson's Bar,Sutter Home,0.0,71.19714285714285,510,510.0,0.0,0.0,False
2023-11-09,Johnson's Bar,Sutter Home,0.0,71.19714285714285,510,510.0,0.0,0.0,False
2023-11-10,Johnson's Bar,Sutter Home,0.0,0.0,390,510.0,0.0,0.0,False
2023-11-11,Johnson's Bar,Sutter Home,0.0,0.0,390,510.0,0.0,0.0,False
2023-11-12,Johnson's Bar,Sutter Home,0.0,0.0,390,510.0,0.0,0.0,False
2023-11-13,Johnson's Bar,Sutter Home,0.0,0.0,390,510.0,0.0,0.0,False
2023-11-14,Johnson's Bar,Sutter Home,0.0,0.0,390,510.0,0.0,0.0,False
2023-11-15,Johnson's Bar,Sutter Home,0.0,0.0,390,510.0,0.0,0.0,False
2023-11-16,Johnson's Bar,Sutter Home,0.0,0.0,390,510.0,0.0,0.0,False
2023-11-17,Johnson's Bar,Sutter Home,338.49,0.0,390,171.51,218.49,0.0,False
2023-11-18,Johnson's Bar,Sutter Home,0.0,48.355714285714285,480,171.51,90.0,0.0,False
2023-11-19,Johnson's Bar,Sutter Home,0.0,48.355714285714285,480,390.0,0.0,0.0,False
2023-11-20,Johnson's Bar,Sutter Home,0.0,48.355714285714285,480,480.0,0.0,0.0,False
2023-11-21,Johnson's Bar,Sutter Home,0.0,48.355714285714285,480,480.0,0.0,0.0,False
2023-11-22,Johnson's Bar,Sutter Home,476.88,48.355714285714285,480,3.1200000000000045,476.88,0.0,False
2023-11-23,Johnson's Bar,Sutter Home,0.0,116.48142857142857,600,3.1200000000000045,120.0,0.0,False
2023-11-24,Johnson's Bar,Sutter Home,0.0,116.48142857142857,600,480.0,0.0,0.0,False
2023-11-25,Johnson's Bar,Sutter Home,0.0,68.12571428571428,510,600.0,0.0,0.0,False
2023-11-26,Johnson's Bar,Sutter Home,486.5,68.12571428571428,510,113.5,396.5,0.0,False
2023-11-27,Johnson's Bar,Sutter Home,574.68,137.62571428571428,660,0.0,263.5,461.17999999999995,True
2023-11-28,Johnson's Bar,Sutter Home,0.0,219.72285714285712,810,396.5,150.0,0.0,False
2023-11-29,Johnson's Bar,Sutter Home,0.0,219.72285714285712,810,660.0,0.0,0.0,False
2023-11-30,Johnson's Bar,Sutter Home,302.94,151.59714285714284,690,507.06,182.94,0.0,False
2023-12-01,Johnson's Bar,Sutter Home,0.0,194.8742857142857,780,507.06,90.0,0.0,False
2023-12-02,Johnson's Bar,Sutter Home,0.0,194.8742857142857,780,690.0,0.0,0.0,False
2023-12-03,Johnson's Bar,Sutter Home,0.0,194.8742857142857,780,780.0,0.0,0.0,False
2023-12-04,Johnson's Bar,Sutter Home,0.0,125.3742857142857,630,780.0,0.0,0.0,False
2023-12-05,Johnson's Bar,Sutter Home,0.0,43.277142857142856,480,780.0,0.0,0.0,False
2023-12-06,Johnson's Bar,Sutter Home,0.0,43.277142857142856,480,780.0,0.0,0.0,False
2023-12-07,Johnson's Bar,Sutter Home,278.89,43.277142857142856,480,501.11,0.0,0.0,False
2023-12-08,Johnson's Bar,Sutter Home,0.0,39.84142857142857,450,501.11,0.0,0.0,False
2023-12-09,Johnson's Bar,Sutter Home,0.0,39.84142857142857,450,501.11,0.0,0.0,False
2023-12-10,Johnson's Bar,Sutter Home,0.0,39.84142857142857,450,501.11,0.0,0.0,False
2023-12-11,Johnson's Bar,Sutter Home,0.0,39.84142857142857,450,501.11,0.0,0.0,False
2023-12-12,Johnson's Bar,Sutter Home,0.0,39.84142857142857,450,501.11,0.0,0.0,False
2023-12-13,Johnson's Bar,Sutter Home,468.15,39.84142857142857,450,32.960000000000036,417.03999999999996,0.0,False
2023-12-14,Johnson's Bar,Sutter Home,0.0,106.72,600,32.960000000000036,150.0,0.0,False
2023-12-15,Johnson's Bar,Sutter Home,122.37,66.87857142857142,510,327.63,32.370000000000005,0.0,False
2023-12-16,Johnson's Bar,Sutter Home,0.0,84.36,540,477.63,30.0,0.0,False
2023-12-17,Johnson's Bar,Sutter Home,538.09,84.36,540,0.0,510.0,28.090000000000032,True
2023-12-18,Johnson's Bar,Sutter Home,0.0,161.23000000000002,690,30.0,150.0,0.0,False
2023-12-19,Johnson's Bar,Sutter Home,0.0,161.23000000000002,690,540.0,0.0,0.0,False
2023-12-20,Johnson's Bar,Sutter Home,0.0,161.23000000000002,690,690.0,0.0,0.0,False
2023-12-21,Johnson's Bar,Sutter Home,0.0,94.35142857142857,570,690.0,0.0,0.0,False
2023-12-22,Johnson's Bar,Sutter Home,0.0,94.35142857142857,570,690.0,0.0,0.0,False
2023-12-23,Johnson's Bar,Sutter Home,0.0,76.87,540,690.0,0.0,0.0,False
2023-12-24,Johnson's Bar,Sutter Home,0.0,76.87,540,690.0,0.0,0.0,False
2023-12-25,Johnson's Bar,Sutter Home,0.0,0.0,390,690.0,0.0,0.0,False
2023-12-26,Johnson's Bar,Sutter Home,0.0,0.0,390,690.0,0.0,0.0,False
2023-12-27,Johnson's Bar,Sutter Home,0.0,0.0,390,690.0,0.0,0.0,False
2023-12-28,Johnson's Bar,Sutter Home,0.0,0.0,390,690.0,0.0,0.0,False
2023-12-29,Johnson's Bar,Sutter Home,105.88,0.0,390,584.12,0.0,0.0,False
2023-12-30,Johnson's Bar,Sutter Home,0.0,15.125714285714285,420,584.12,0.0,0.0,False
2023-12-31,Johnson's Bar,Sutter Home,196.65,15.125714285714285,420,387.47,32.52999999999997,0.0,False
2024-01-01,Johnson's Bar,Sutter Home,0.0,43.21857142857142,480,387.47,60.0,0.0,False
2023-10-21,Johnson's Bar,Yellow Tail,452.99,158.85285714285715,660,207.01,452.99,0.0,False
2023-10-22,Johnson's Bar,Yellow Tail,535.92,223.56571428571428,780,0.0,327.01,328.90999999999997,True
2023-10-23,Johnson's Bar,Yellow Tail,0.0,240.77285714285713,810,452.99,30.0,0.0,False
2023-10-24,Johnson's Bar,Yellow Tail,0.0,240.77285714285713,810,780.0,0.0,0.0,False
2023-10-25,Johnson's Bar,Yellow Tail,465.05,192.24571428571426,720,344.95,375.05,0.0,False
2023-10-26,Johnson's Bar,Yellow Tail,0.0,258.6814285714285,870,344.95,150.0,0.0,False
2023-10-27,Johnson's Bar,Yellow Tail,0.0,207.70857142857145,750,720.0,0.0,0.0,False
2023-10-28,Johnson's Bar,Yellow Tail,0.0,207.70857142857145,750,870.0,0.0,0.0,False
2023-10-29,Johnson's Bar,Yellow Tail,0.0,142.99571428571429,630,870.0,0.0,0.0,False
2023-10-30,Johnson's Bar,Yellow Tail,262.86,66.43571428571428,480,607.14,0.0,0.0,False
2023-10-31,Johnson's Bar,Yellow Tail,0.0,103.98714285714287,540,607.14,0.0,0.0,False
2023-11-01,Johnson's Bar,Yellow Tail,255.67,103.98714285714287,540,351.47,188.52999999999997,0.0,False
2023-11-02,Johnson's Bar,Yellow Tail,0.0,74.07571428571428,480,351.47,0.0,0.0,False
2023-11-03,Johnson's Bar,Yellow Tail,0.0,74.07571428571428,480,540.0,0.0,0.0,False
2023-11-04,Johnson's Bar,Yellow Tail,0.0,74.07571428571428,480,540.0,0.0,0.0,False
2023-11-05,Johnson's Bar,Yellow Tail,0.0,74.07571428571428,480,540.0,0.0,0.0,False
2023-11-06,Johnson's Bar,Yellow Tail,0.0,74.07571428571428,480,540.0,0.0,0.0,False
2023-11-07,Johnson's Bar,Yellow Tail,161.33,36.52428571428571,420,378.66999999999996,41.33000000000004,0.0,False
2023-11-08,Johnson's Bar,Yellow Tail,0.0,59.57142857142857,450,378.66999999999996,30.0,0.0,False
2023-11-09,Johnson's Bar,Yellow Tail,0.0,23.04714285714286,390,420.0,0.0,0.0,False
2023-11-10,Johnson's Bar,Yellow Tail,388.88,23.04714285714286,390,61.120000000000005,328.88,0.0,False
2023-11-11,Johnson's Bar,Yellow Tail,0.0,78.60142857142857,510,61.120000000000005,120.0,0.0,False
2023-11-12,Johnson's Bar,Yellow Tail,0.0,78.60142857142857,510,390.0,0.0,0.0,False
2023-11-13,Johnson's Bar,Yellow Tail,0.0,78.60142857142857,510,510.0,0.0,0.0,False
2023-11-14,Johnson's Bar,Yellow Tail,0.0,78.60142857142857,510,510.0,0.0,0.0,False
2023-11-15,Johnson's Bar,Yellow Tail,0.0,55.55428571428571,450,510.0,0.0,0.0,False
2023-11-16,Johnson's Bar,Yellow Tail,0.0,55.55428571428571,450,510.0,0.0,0.0,False
2023-11-17,Johnson's Bar,Yellow Tail,0.0,55.55428571428571,450,510.0,0.0,0.0,False
2023-11-18,Johnson's Bar,Yellow Tail,0.0,0.0,330,510.0,0.0,0.0,False
2023-11-19,Johnson's Bar,Yellow Tail,0.0,0.0,330,510.0,0.0,0.0,False
2023-11-20,Johnson's Bar,Yellow Tail,499.52,0.0,330,10.480000000000018,319.52,0.0,False
2023-11-21,Johnson's Bar,Yellow Tail,0.0,71.36,480,10.480000000000018,150.0,0.0,False
2023-11-22,Johnson's Bar,Yellow Tail,0.0,71.36,480,330.0,0.0,0.0,False
2023-11-23,Johnson's Bar,Yellow Tail,0.0,71.36,480,480.0,0.0,0.0,False
2023-11-24,Johnson's Bar,Yellow Tail,0.0,71.36,480,480.0,0.0,0.0,False
2023-11-25,Johnson's Bar,Yellow Tail,0.0,71.36,480,480.0,0.0,0.0,False
2023-11-26,Johnson's Bar,Yellow Tail,0.0,71.36,480,480.0,0.0,0.0,False
2023-11-27,Johnson's Bar,Yellow Tail,0.0,71.36,480,480.0,0.0,0.0,False
2023-11-28,Johnson's Bar,Yellow Tail,208.35,0.0,330,271.65,58.35000000000002,0.0,False
2023-11-29,Johnson's Bar,Yellow Tail,0.0,29.764285714285712,390,271.65,60.0,0.0,False
2023-11-30,Johnson's Bar,Yellow Tail,0.0,29.764285714285712,390,330.0,0.0,0.0,False
2023-12-01,Johnson's Bar,Yellow Tail,413.25,29.764285714285712,390,0.0,390.0,23.25,True
2023-12-02,Johnson's Bar,Yellow Tail,0.0,88.8,510,0.0,120.0,0.0,False
2023-12-03,Johnson's Bar,Yellow Tail,0.0,88.8,510,390.0,0.0,0.0,False
2023-12-04,Johnson's Bar,Yellow Tail,294.0,88.8,510,216.0,294.0,0.0,False
2023-12-05,Johnson's Bar,Yellow Tail,108.32,130.8,600,107.68,198.32,0.0,False
2023-12-06,Johnson's Bar,Yellow Tail,0.0,116.50999999999999,570,401.68,0.0,0.0,False
2023-12-07,Johnson's Bar,Yellow Tail,0.0,116.50999999999999,570,600.0,0.0,0.0,False
2023-12-08,Johnson's Bar,Yellow Tail,207.15,116.50999999999999,570,392.85,177.14999999999998,0.0,False
2023-12-09,Johnson's Bar,Yellow Tail,0.0,87.06714285714285,510,392.85,0.0,0.0,False
2023-12-10,Johnson's Bar,Yellow Tail,0.0,87.06714285714285,510,570.0,0.0,0.0,False
2023-12-11,Johnson's Bar,Yellow Tail,0.0,87.06714285714285,510,570.0,0.0,0.0,False
2023-12-12,Johnson's Bar,Yellow Tail,554.41,45.06714285714286,420,15.590000000000032,404.40999999999997,0.0,False
2023-12-13,Johnson's Bar,Yellow Tail,0.0,108.7942857142857,570,15.590000000000032,150.0,0.0,False
2023-12-14,Johnson's Bar,Yellow Tail,0.0,108.7942857142857,570,420.0,0.0,0.0,False
2023-12-15,Johnson's Bar,Yellow Tail,0.0,108.7942857142857,570,570.0,0.0,0.0,False
2023-12-16,Johnson's Bar,Yellow Tail,0.0,79.20142857142856,510,570.0,0.0,0.0,False
2023-12-17,Johnson's Bar,Yellow Tail,0.0,79.20142857142856,510,570.0,0.0,0.0,False
2023-12-18,Johnson's Bar,Yellow Tail,0.0,79.20142857142856,510,570.0,0.0,0.0,False
2023-12-19,Johnson's Bar,Yellow Tail,0.0,79.20142857142856,510,570.0,0.0,0.0,False
2023-12-20,Johnson's Bar,Yellow Tail,0.0,0.0,330,570.0,0.0,0.0,False
2023-12-21,Johnson's Bar,Yellow Tail,0.0,0.0,330,570.0,0.0,0.0,False
2023-12-22,Johnson's Bar,Yellow Tail,344.68,0.0,330,225.32,104.68,0.0,False
2023-12-23,Johnson's Bar,Yellow Tail,0.0,49.24,450,225.32,120.0,0.0,False
2023-12-24,Johnson's Bar,Yellow Tail,228.74,49.24,450,101.25999999999999,228.74,0.0,False
2023-12-25,Johnson's Bar,Yellow Tail,0.0,81.91714285714286,510,221.26,60.0,0.0,False
2023-12-26,Johnson's Bar,Yellow Tail,0.0,81.91714285714286,510,450.0,0.0,0.0,False
2023-12-27,Johnson's Bar,Yellow Tail,0.0,81.91714285714286,510,510.0,0.0,0.0,False
2023-12-28,Johnson's Bar,Yellow Tail,0.0,81.91714285714286,510,510.0,0.0,0.0,False
2023-12-29,Johnson's Bar,Yellow Tail,0.0,81.91714285714286,510,510.0,0.0,0.0,False
2023-12-30,Johnson's Bar,Yellow Tail,0.0,32.67714285714286,420,510.0,0.0,0.0,False
2023-12-31,Johnson's Bar,Yellow Tail,0.0,32.67714285714286,420,510.0,0.0,0.0,False
2024-01-01,Johnson's Bar,Yellow Tail,0.0,0.0,330,510.0,0.0,0.0,False
2023-10-21,Smith's Bar,Absolut,228.72,202.27249999999998,840,611.28,228.72000000000003,0.0,False
2023-10-22,Smith's Bar,Absolut,0.0,67.3575,570,611.28,0.0,0.0,False
2023-10-23,Smith's Bar,Absolut,158.54,0.0,420,681.46,0.0,0.0,False
2023-10-24,Smith's Bar,Absolut,0.0,78.63875000000002,600,681.46,0.0,0.0,False
2023-10-25,Smith's Bar,Absolut,403.13,158.88625,750,278.33000000000004,471.66999999999996,0.0,False
2023-10-26,Smith's Bar,Absolut,0.0,151.70625,750,278.33000000000004,0.0,0.0,False
2023-10-27,Smith's Bar,Absolut,0.0,73.32375,570,750.0,0.0,0.0,False
2023-10-28,Smith's Bar,Absolut,0.0,230.8625,900,750.0,150.0,0.0,False
2023-10-29,Smith's Bar,Absolut,0.0,67.3575,570,750.0,0.0,0.0,False
2023-10-30,Smith's Bar,Absolut,0.0,19.8175,480,900.0,0.0,0.0,False
2023-10-31,Smith's Bar,Absolut,371.68,64.92875000000001,570,528.3199999999999,41.680000000000064,0.0,False
2023-11-01,Smith's Bar,Absolut,0.0,209.2775,840,528.3199999999999,270.0,0.0,False
2023-11-02,Smith's Bar,Absolut,280.97,78.3425,600,289.03,40.97000000000003,0.0,False
2023-11-03,Smith's Bar,Absolut,212.94,73.32375,570,346.09,182.94,0.0,False
2023-11-04,Smith's Bar,Absolut,0.0,230.8625,900,387.06,330.0,0.0,False
2023-11-05,Smith's Bar,Absolut,160.64,67.3575,570,409.36,0.0,0.0,False
2023-11-06,Smith's Bar,Absolut,157.02,19.8175,480,582.34,0.0,0.0,False
2023-11-07,Smith's Bar,Absolut,210.08,111.38875000000002,660,372.26,287.74,0.0,False
2023-11-08,Smith's Bar,Absolut,0.0,135.95375,720,372.26,60.0,0.0,False
2023-11-09,Smith's Bar,Absolut,0.0,91.3225,630,660.0,0.0,0.0,False
2023-11-10,Smith's Bar,Absolut,0.0,99.94125,630,720.0,0.0,0.0,False
2023-11-11,Smith's Bar,Absolut,491.48,230.8625,900,228.51999999999998,671.48,0.0,False
2023-11-12,Smith's Bar,Absolut,156.61,87.4375,600,71.90999999999997,0.0,0.0,False
2023-11-13,Smith's Bar,Absolut,0.0,39.445,510,743.39,0.0,0.0,False
2023-11-14,Smith's Bar,Absolut,462.35,137.64875,720,281.03999999999996,438.96000000000004,0.0,False
2023-11-15,Smith's Bar,Absolut,0.0,91.7775,630,281.03999999999996,0.0,0.0,False
2023-11-16,Smith's Bar,Absolut,0.0,91.3225,630,720.0,0.0,0.0,False
2023-11-17,Smith's Bar,Absolut,318.86,99.94125,630,401.14,228.86,0.0,False
2023-11-18,Smith's Bar,Absolut,0.0,292.2975,1020,401.14,390.0,0.0,False
2023-11-19,Smith's Bar,Absolut,0.0,39.65625,510,630.0,0.0,0.0,False
2023-11-20,Smith's Bar,Absolut,0.0,39.445,510,1020.0,0.0,0.0,False
2023-11-21,Smith's Bar,Absolut,0.0,195.44250000000002,810,1020.0,0.0,0.0,False
2023-11-22,Smith's Bar,Absolut,0.0,91.7775,630,1020.0,0.0,0.0,False
2023-11-23,Smith's Bar,Absolut,0.0,35.12125,510,1020.0,0.0,0.0,False
2023-11-24,Smith's Bar,Absolut,0.0,139.79874999999998,720,1020.0,0.0,0.0,False
2023-11-25,Smith's Bar,Absolut,0.0,292.2975,1020,1020.0,0.0,0.0,False
2023-11-26,Smith's Bar,Absolut,0.0,39.65625,510,1020.0,0.0,0.0,False
2023-11-27,Smith's Bar,Absolut,0.0,39.445,510,1020.0,0.0,0.0,False
2023-11-28,Smith's Bar,Absolut,0.0,195.44250000000002,810,1020.0,0.0,0.0,False
2023-11-29,Smith's Bar,Absolut,0.0,91.7775,630,1020.0,0.0,0.0,False
2023-11-30,Smith's Bar,Absolut,0.0,35.12125,510,1020.0,0.0,0.0,False
2023-12-01,Smith's Bar,Absolut,0.0,139.79874999999998,720,1020.0,0.0,0.0,False
2023-12-02,Smith's Bar,Absolut,0.0,217.6325,870,1020.0,0.0,0.0,False
2023-12-03,Smith's Bar,Absolut,0.0,39.65625,510,1020.0,0.0,0.0,False
2023-12-04,Smith's Bar,Absolut,0.0,39.445,510,1020.0,0.0,0.0,False
2023-12-05,Smith's Bar,Absolut,0.0,195.44250000000002,810,1020.0,0.0,0.0,False
2023-12-06,Smith's Bar,Absolut,0.0,50.39125,540,1020.0,0.0,0.0,False
2023-12-07,Smith's Bar,Absolut,153.07,35.12125,510,866.9300000000001,0.0,0.0,False
2023-12-08,Smith's Bar,Absolut,0.0,94.74625,630,866.9300000000001,0.0,0.0,False
2023-12-09,Smith's Bar,Absolut,0.0,144.5475,720,866.9300000000001,0.0,0.0,False
2023-12-10,Smith's Bar,Absolut,147.69,39.65625,510,719.24,0.0,0.0,False
2023-12-11,Smith's Bar,Absolut,0.0,39.445,510,719.24,0.0,0.0,False
2023-12-12,Smith's Bar,Absolut,0.0,153.47750000000002,750,719.24,30.75999999999999,0.0,False
2023-12-13,Smith's Bar,Absolut,0.0,50.39125,540,719.24,0.0,0.0,False
2023-12-14,Smith's Bar,Absolut,0.0,54.255,540,750.0,0.0,0.0,False
2023-12-15,Smith's Bar,Absolut,0.0,94.74625,630,750.0,0.0,0.0,False
2023-12-16,Smith's Bar,Absolut,100.93,90.025,600,649.0699999999999,0.0,0.0,False
2023-12-17,Smith's Bar,Absolut,0.0,58.1175,540,649.0699999999999,0.0,0.0,False
2023-12-18,Smith's Bar,Absolut,0.0,39.445,510,649.0699999999999,0.0,0.0,False
2023-12-19,Smith's Bar,Absolut,353.81,130.51375000000002,690,295.25999999999993,394.74000000000007,0.0,False
2023-12-20,Smith's Bar,Absolut,0.0,50.39125,540,295.25999999999993,0.0,0.0,False
2023-12-21,Smith's Bar,Absolut,0.0,54.255,540,690.0,0.0,0.0,False
2023-12-22,Smith's Bar,Absolut,0.0,66.475,570,690.0,0.0,0.0,False
2023-12-23,Smith's Bar,Absolut,0.0,74.05125000000001,570,690.0,0.0,0.0,False
2023-12-24,Smith's Bar,Absolut,0.0,58.1175,540,690.0,0.0,0.0,False
2023-12-25,Smith's Bar,Absolut,0.0,19.6275,480,690.0,0.0,0.0,False
2023-12-26,Smith's Bar,Absolut,0.0,174.74,780,690.0,90.0,0.0,False
2023-12-27,Smith's Bar,Absolut,0.0,0.0,420,690.0,0.0,0.0,False
2023-12-28,Smith's Bar,Absolut,0.0,54.255,540,780.0,0.0,0.0,False
2023-12-29,Smith's Bar,Absolut,0.0,66.475,570,780.0,0.0,0.0,False
2023-12-30,Smith's Bar,Absolut,0.0,74.05125000000001,570,780.0,0.0,0.0,False
2023-12-31,Smith's Bar,Absolut,598.9,58.1175,540,181.10000000000002,358.9,0.0,False
2024-01-01,Smith's Bar,Absolut,0.0,19.6275,480,181.10000000000002,0.0,0.0,False
2023-10-21,Smith's Bar,Bacardi,0.0,0.0,360,360.0,0.0,0.0,False
2023-10-22,Smith's Bar,Bacardi,392.98,0.0,360,0.0,360.0,32.98000000000002,True
2023-10-23,Smith's Bar,Bacardi,0.0,0.0,360,0.0,0.0,0.0,False
2023-10-24,Smith's Bar,Bacardi,0.0,101.5575,570,360.0,210.0,0.0,False
2023-10-25,Smith's Bar,Bacardi,176.56,187.97125,750,183.44,356.56,0.0,False
2023-10-26,Smith's Bar,Bacardi,0.0,55.21625,480,393.44,0.0,0.0,False
2023-10-27,Smith's Bar,Bacardi,0.0,68.8025,510,750.0,0.0,0.0,False
2023-10-28,Smith's Bar,Bacardi,0.0,0.0,360,750.0,0.0,0.0,False
2023-10-29,Smith's Bar,Bacardi,0.0,49.1225,450,750.0,0.0,0.0,False
2023-10-30,Smith's Bar,Bacardi,0.0,0.0,360,750.0,0.0,0.0,False
2023-10-31,Smith's Bar,Bacardi,0.0,101.5575,570,750.0,0.0,0.0,False
2023-11-01,Smith's Bar,Bacardi,107.39,163.07,690,642.61,47.389999999999986,0.0,False
2023-11-02,Smith's Bar,Bacardi,454.3,0.0,360,188.31,124.30000000000001,0.0,False
2023-11-03,Smith's Bar,Bacardi,0.0,68.8025,510,235.7,150.0,0.0,False
2023-11-04,Smith's Bar,Bacardi,0.0,0.0,360,360.0,0.0,0.0,False
2023-11-05,Smith's Bar,Bacardi,0.0,49.1225,450,510.0,0.0,0.0,False
2023-11-06,Smith's Bar,Bacardi,0.0,0.0,360,510.0,0.0,0.0,False
2023-11-07,Smith's Bar,Bacardi,0.0,101.5575,570,510.0,60.0,0.0,False
2023-11-08,Smith's Bar,Bacardi,0.0,176.49374999999998,720,510.0,150.0,0.0,False
2023-11-09,Smith's Bar,Bacardi,0.0,56.7875,480,570.0,0.0,0.0,False
2023-11-10,Smith's Bar,Bacardi,0.0,68.8025,510,720.0,0.0,0.0,False
2023-11-11,Smith's Bar,Bacardi,0.0,0.0,360,720.0,0.0,0.0,False
2023-11-12,Smith's Bar,Bacardi,0.0,49.1225,450,720.0,0.0,0.0,False
2023-11-13,Smith's Bar,Bacardi,0.0,0.0,360,720.0,0.0,0.0,False
2023-11-14,Smith's Bar,Bacardi,0.0,101.5575,570,720.0,0.0,0.0,False
2023-11-15,Smith's Bar,Bacardi,0.0,176.49375,720,720.0,0.0,0.0,False
2023-11-16,Smith's Bar,Bacardi,0.0,56.7875,480,720.0,0.0,0.0,False
2023-11-17,Smith's Bar,Bacardi,391.04,0.0,360,328.96,31.04000000000002,0.0,False
2023-11-18,Smith's Bar,Bacardi,0.0,0.0,360,328.96,0.0,0.0,False
2023-11-19,Smith's Bar,Bacardi,0.0,49.1225,450,360.0,90.0,0.0,False
2023-11-20,Smith's Bar,Bacardi,0.0,0.0,360,360.0,0.0,0.0,False
2023-11-21,Smith's Bar,Bacardi,0.0,101.5575,570,450.0,120.0,0.0,False
2023-11-22,Smith's Bar,Bacardi,302.33,176.49375,720,147.67000000000002,452.33,0.0,False
2023-11-23,Smith's Bar,Bacardi,0.0,56.7875,480,267.67,0.0,0.0,False
2023-11-24,Smith's Bar,Bacardi,266.3,48.88,450,453.7,0.0,0.0,False
2023-11-25,Smith's Bar,Bacardi,0.0,0.0,360,453.7,0.0,0.0,False
2023-11-26,Smith's Bar,Bacardi,0.0,49.1225,450,453.7,0.0,0.0,False
2023-11-27,Smith's Bar,Bacardi,0.0,0.0,360,453.7,0.0,0.0,False
2023-11-28,Smith's Bar,Bacardi,0.0,41.7925,450,453.7,0.0,0.0,False
2023-11-29,Smith's Bar,Bacardi,0.0,214.285,780,453.7,326.3,0.0,False
2023-11-30,Smith's Bar,Bacardi,202.39,56.7875,480,251.31,0.0,0.0,False
2023-12-01,Smith's Bar,Bacardi,0.0,82.1675,540,577.61,0.0,0.0,False
2023-12-02,Smith's Bar,Bacardi,0.0,0.0,360,577.61,0.0,0.0,False
2023-12-03,Smith's Bar,Bacardi,0.0,49.1225,450,577.61,0.0,0.0,False
2023-12-04,Smith's Bar,Bacardi,0.0,0.0,360,577.61,0.0,0.0,False
2023-12-05,Smith's Bar,Bacardi,0.0,41.7925,450,577.61,0.0,0.0,False
2023-12-06,Smith's Bar,Bacardi,0.0,149.61874999999998,660,577.61,82.38999999999999,0.0,False
2023-12-07,Smith's Bar,Bacardi,176.2,82.08625,540,401.41,56.19999999999999,0.0,False
2023-12-08,Smith's Bar,Bacardi,0.0,82.1675,540,483.8,0.0,0.0,False
2023-12-09,Smith's Bar,Bacardi,0.0,0.0,360,540.0,0.0,0.0,False
2023-12-10,Smith's Bar,Bacardi,0.0,49.1225,450,540.0,0.0,0.0,False
2023-12-11,Smith's Bar,Bacardi,0.0,0.0,360,540.0,0.0,0.0,False
2023-12-12,Smith's Bar,Bacardi,0.0,0.0,360,540.0,0.0,0.0,False
2023-12-13,Smith's Bar,Bacardi,340.5,149.61875,660,199.5,460.5,0.0,False
2023-12-14,Smith's Bar,Bacardi,0.0,104.11125,570,199.5,0.0,0.0,False
2023-12-15,Smith's Bar,Bacardi,0.0,82.1675,540,660.0,0.0,0.0,False
2023-12-16,Smith's Bar,Bacardi,537.36,0.0,360,122.63999999999999,237.36,0.0,False
2023-12-17,Smith's Bar,Bacardi,591.95,49.1225,450,0.0,212.64,469.31000000000006,True
2023-12-18,Smith's Bar,Bacardi,0.0,0.0,360,237.36,0.0,0.0,False
2023-12-19,Smith's Bar,Bacardi,0.0,0.0,360,450.0,0.0,0.0,False
2023-12-20,Smith's Bar,Bacardi,0.0,115.8475,600,450.0,150.0,0.0,False
2023-12-21,Smith's Bar,Bacardi,186.2,104.11125,570,263.8,156.2,0.0,False
2023-12-22,Smith's Bar,Bacardi,304.1,82.1675,540,109.69999999999999,274.1,0.0,False
2023-12-23,Smith's Bar,Bacardi,0.0,67.17,510,265.9,0.0,0.0,False
2023-12-24,Smith's Bar,Bacardi,0.0,73.99375,510,540.0,0.0,0.0,False
2023-12-25,Smith's Bar,Bacardi,0.0,0.0,360,540.0,0.0,0.0,False
2023-12-26,Smith's Bar,Bacardi,216.66,0.0,360,323.34000000000003,36.65999999999997,0.0,False
2023-12-27,Smith's Bar,Bacardi,0.0,93.7775,540,323.34000000000003,180.0,0.0,False
2023-12-28,Smith's Bar,Bacardi,0.0,127.38624999999999,630,360.0,90.0,0.0,False
2023-12-29,Smith's Bar,Bacardi,0.0,120.18,600,540.0,0.0,0.0,False
2023-12-30,Smith's Bar,Bacardi,0.0,67.17,510,630.0,0.0,0.0,False
2023-12-31,Smith's Bar,Bacardi,356.27,73.99375,510,273.73,236.26999999999998,0.0,False
2024-01-01,Smith's Bar,Bacardi,0.0,0.0,360,273.73,0.0,0.0,False
2023-10-21,Smith's Bar,Barefoot,0.0,57.12571428571429,480,480.0,0.0,0.0,False
2023-10-22,Smith's Bar,Barefoot,465.51,57.12571428571429,480,14.490000000000009,465.51,0.0,False
2023-10-23,Smith's Bar,Barefoot,0.0,123.62714285714286,600,14.490000000000009,120.0,0.0,False
2023-10-24,Smith's Bar,Barefoot,0.0,123.62714285714286,600,480.0,0.0,0.0,False
2023-10-25,Smith's Bar,Barefoot,0.0,123.62714285714286,600,600.0,0.0,0.0,False
2023-10-26,Smith's Bar,Barefoot,0.0,123.62714285714286,600,600.0,0.0,0.0,False
2023-10-27,Smith's Bar,Barefoot,0.0,66.50142857142858,480,600.0,0.0,0.0,False
2023-10-28,Smith's Bar,Barefoot,0.0,66.50142857142858,480,600.0,0.0,0.0,False
2023-10-29,Smith's Bar,Barefoot,0.0,66.50142857142858,480,600.0,0.0,0.0,False
2023-10-30,Smith's Bar,Barefoot,262.61,0.0,360,337.39,22.610000000000014,0.0,False
2023-10-31,Smith's Bar,Barefoot,258.07,37.51571428571429,420,79.32,318.07,0.0,False
2023-11-01,Smith's Bar,Barefoot,0.0,74.38285714285715,510,101.93,90.0,0.0,False
2023-11-02,Smith's Bar,Barefoot,0.0,74.38285714285715,510,420.0,0.0,0.0,False
2023-11-03,Smith's Bar,Barefoot,0.0,74.38285714285715,510,510.0,0.0,0.0,False
2023-11-04,Smith's Bar,Barefoot,0.0,74.38285714285715,510,510.0,0.0,0.0,False
2023-11-05,Smith's Bar,Barefoot,0.0,74.38285714285715,510,510.0,0.0,0.0,False
2023-11-06,Smith's Bar,Barefoot,0.0,74.38285714285715,510,510.0,0.0,0.0,False
2023-11-07,Smith's Bar,Barefoot,0.0,36.86714285714286,420,510.0,0.0,0.0,False
2023-11-08,Smith's Bar,Barefoot,545.78,0.0,360,0.0,360.0,35.77999999999997,True
2023-11-09,Smith's Bar,Barefoot,0.0,77.96857142857142,510,0.0,150.0,0.0,False
2023-11-10,Smith's Bar,Barefoot,107.6,77.96857142857142,510,252.4,107.60000000000002,0.0,False
2023-11-11,Smith's Bar,Barefoot,0.0,93.34,540,402.4,30.0,0.0,False
2023-11-12,Smith's Bar,Barefoot,0.0,93.34,540,510.0,0.0,0.0,False
2023-11-13,Smith's Bar,Barefoot,0.0,93.34,540,540.0,0.0,0.0,False
2023-11-14,Smith's Bar,Barefoot,0.0,93.34,540,540.0,0.0,0.0,False
2023-11-15,Smith's Bar,Barefoot,0.0,93.34,540,540.0,0.0,0.0,False
2023-11-16,Smith's Bar,Barefoot,0.0,15.37142857142857,390,540.0,0.0,0.0,False
2023-11-17,Smith's Bar,Barefoot,0.0,15.37142857142857,390,540.0,0.0,0.0,False
2023-11-18,Smith's Bar,Barefoot,0.0,0.0,360,540.0,0.0,0.0,False
2023-11-19,Smith's Bar,Barefoot,0.0,0.0,360,540.0,0.0,0.0,False
2023-11-20,Smith's Bar,Barefoot,484.12,0.0,360,55.879999999999995,304.12,0.0,False
2023-11-21,Smith's Bar,Barefoot,330.33,69.16,480,0.0,175.88,274.45,True
2023-11-22,Smith's Bar,Barefoot,0.0,116.35000000000001,600,304.12,120.0,0.0,False
2023-11-23,Smith's Bar,Barefoot,0.0,116.35000000000001,600,480.0,0.0,0.0,False
2023-11-24,Smith's Bar,Barefoot,0.0,116.35000000000001,600,600.0,0.0,0.0,False
2023-11-25,Smith's Bar,Barefoot,0.0,116.35000000000001,600,600.0,0.0,0.0,False
2023-11-26,Smith's Bar,Barefoot,0.0,116.35000000000001,600,600.0,0.0,0.0,False
2023-11-27,Smith's Bar,Barefoot,0.0,116.35000000000001,600,600.0,0.0,0.0,False
2023-11-28,Smith's Bar,Barefoot,0.0,47.19,450,600.0,0.0,0.0,False
2023-11-29,Smith's Bar,Barefoot,394.2,0.0,360,205.8,154.2,0.0,False
2023-11-30,Smith's Bar,Barefoot,0.0,56.31428571428571,480,205.8,120.0,0.0,False
2023-12-01,Smith's Bar,Barefoot,0.0,56.31428571428571,480,360.0,0.0,0.0,False
2023-12-02,Smith's Bar,Barefoot,0.0,56.31428571428571,480,480.0,0.0,0.0,False
2023-12-03,Smith's Bar,Barefoot,249.8,56.31428571428571,480,230.2,249.8,0.0,False
2023-12-04,Smith's Bar,Barefoot,0.0,92.0,540,230.2,60.0,0.0,False
2023-12-05,Smith's Bar,Barefoot,0.0,92.0,540,480.0,0.0,0.0,False
2023-12-06,Smith's Bar,Barefoot,534.38,92.0,540,5.6200000000000045,534.38,0.0,False
2023-12-07,Smith's Bar,Barefoot,0.0,112.0257142857143,570,5.6200000000000045,30.0,0.0,False
2023-12-08,Smith's Bar,Barefoot,0.0,112.0257142857143,570,540.0,0.0,0.0,False
2023-12-09,Smith's Bar,Barefoot,0.0,112.0257142857143,570,570.0,0.0,0.0,False
2023-12-10,Smith's Bar,Barefoot,0.0,112.0257142857143,570,570.0,0.0,0.0,False
2023-12-11,Smith's Bar,Barefoot,0.0,76.34,510,570.0,0.0,0.0,False
2023-12-12,Smith's Bar,Barefoot,0.0,76.34,510,570.0,0.0,0.0,False
2023-12-13,Smith's Bar,Barefoot,0.0,76.34,510,570.0,0.0,0.0,False
2023-12-14,Smith's Bar,Barefoot,0.0,0.0,360,570.0,0.0,0.0,False
2023-12-15,Smith's Bar,Barefoot,0.0,0.0,360,570.0,0.0,0.0,False
2023-12-16,Smith's Bar,Barefoot,0.0,0.0,360,570.0,0.0,0.0,False
2023-12-17,Smith's Bar,Barefoot,0.0,0.0,360,570.0,0.0,0.0,False
2023-12-18,Smith's Bar,Barefoot,0.0,0.0,360,570.0,0.0,0.0,False
2023-12-19,Smith's Bar,Barefoot,0.0,0.0,360,570.0,0.0,0.0,False
2023-12-20,Smith's Bar,Barefoot,0.0,0.0,360,570.0,0.0,0.0,False
2023-12-21,Smith's Bar,Barefoot,0.0,0.0,360,570.0,0.0,0.0,False
2023-12-22,Smith's Bar,Barefoot,0.0,0.0,360,570.0,0.0,0.0,False
2023-12-23,Smith's Bar,Barefoot,0.0,0.0,360,570.0,0.0,0.0,False
2023-12-24,Smith's Bar,Barefoot,0.0,0.0,360,570.0,0.0,0.0,False
2023-12-25,Smith's Bar,Barefoot,0.0,0.0,360,570.0,0.0,0.0,False
2023-12-26,Smith's Bar,Barefoot,0.0,0.0,360,570.0,0.0,0.0,False
2023-12-27,Smith's Bar,Barefoot,0.0,0.0,360,570.0,0.0,0.0,False
2023-12-28,Smith's Bar,Barefoot,0.0,0.0,360,570.0,0.0,0.0,False
2023-12-29,Smith's Bar,Barefoot,215.72,0.0,360,354.28,5.720000000000027,0.0,False
2023-12-30,Smith's Bar,Barefoot,503.75,30.81714285714286,420,0.0,414.28,149.47000000000003,True
2023-12-31,Smith's Bar,Barefoot,0.0,102.78142857142858,570,5.720000000000027,150.0,0.0,False
2024-01-01,Smith's Bar,Barefoot,0.0,102.78142857142858,570,420.0,0.0,0.0,False
2023-10-21,Smith's Bar,Budweiser,0.0,54.6275,390,390.0,0.0,0.0,False
2023-10-22,Smith's Bar,Budweiser,0.0,0.0,300,390.0,0.0,0.0,False
2023-10-23,Smith's Bar,Budweiser,0.0,0.0,300,390.0,0.0,0.0,False
2023-10-24,Smith's Bar,Budweiser,501.84,14.38375,330,0.0,330.0,111.83999999999997,True
2023-10-25,Smith's Bar,Budweiser,0.0,0.0,300,0.0,0.0,0.0,False
2023-10-26,Smith's Bar,Budweiser,0.0,36.0875,360,330.0,30.0,0.0,False
2023-10-27,Smith's Bar,Budweiser,0.0,106.31125,510,330.0,150.0,0.0,False
2023-10-28,Smith's Bar,Budweiser,579.0,54.6275,390,0.0,240.0,219.0,True
2023-10-29,Smith's Bar,Budweiser,0.0,0.0,300,150.0,0.0,0.0,False
2023-10-30,Smith's Bar,Budweiser,0.0,0.0,300,390.0,0.0,0.0,False
2023-10-31,Smith's Bar,Budweiser,0.0,77.11375,450,390.0,60.0,0.0,False
2023-11-01,Smith's Bar,Budweiser,0.0,0.0,300,390.0,0.0,0.0,False
2023-11-02,Smith's Bar,Budweiser,0.0,36.0875,360,450.0,0.0,0.0,False
2023-11-03,Smith's Bar,Budweiser,0.0,53.13375,390,450.0,0.0,0.0,False
2023-11-04,Smith's Bar,Budweiser,0.0,127.0025,540,450.0,90.0,0.0,False
2023-11-05,Smith's Bar,Budweiser,0.0,0.0,300,450.0,0.0,0.0,False
2023-11-06,Smith's Bar,Budweiser,0.0,0.0,300,540.0,0.0,0.0,False
2023-11-07,Smith's Bar,Budweiser,0.0,77.11375,450,540.0,0.0,0.0,False
2023-11-08,Smith's Bar,Budweiser,0.0,0.0,300,540.0,0.0,0.0,False
2023-11-09,Smith's Bar,Budweiser,374.15,36.0875,360,165.85000000000002,194.14999999999998,0.0,False
2023-11-10,Smith's Bar,Budweiser,0.0,53.13375,390,165.85000000000002,30.0,0.0,False
2023-11-11,Smith's Bar,Budweiser,0.0,127.0025,540,360.0,150.0,0.0,False
2023-11-12,Smith's Bar,Budweiser,0.0,0.0,300,390.0,0.0,0.0,False
2023-11-13,Smith's Bar,Budweiser,0.0,0.0,300,540.0,0.0,0.0,False
2023-11-14,Smith's Bar,Budweiser,0.0,77.11375,450,540.0,0.0,0.0,False
2023-11-15,Smith's Bar,Budweiser,0.0,0.0,300,540.0,0.0,0.0,False
2023-11-16,Smith's Bar,Budweiser,0.0,82.85624999999999,450,540.0,0.0,0.0,False
2023-11-17,Smith's Bar,Budweiser,0.0,53.13375,390,540.0,0.0,0.0,False
2023-11-18,Smith's Bar,Budweiser,0.0,127.0025,540,540.0,0.0,0.0,False
2023-11-19,Smith's Bar,Budweiser,0.0,0.0,300,540.0,0.0,0.0,False
2023-11-20,Smith's Bar,Budweiser,0.0,0.0,300,540.0,0.0,0.0,False
2023-11-21,Smith's Bar,Budweiser,0.0,77.11375,450,540.0,0.0,0.0,False
2023-11-22,Smith's Bar,Budweiser,0.0,0.0,300,540.0,0.0,0.0,False
2023-11-23,Smith's Bar,Budweiser,0.0,82.85624999999999,450,540.0,0.0,0.0,False
2023-11-24,Smith's Bar,Budweiser,354.86,53.13375,390,185.14,204.86,0.0,False
2023-11-25,Smith's Bar,Budweiser,0.0,127.0025,540,185.14,150.0,0.0,False
2023-11-26,Smith's Bar,Budweiser,0.0,0.0,300,390.0,0.0,0.0,False
2023-11-27,Smith's Bar,Budweiser,188.32,0.0,300,351.68,0.0,0.0,False
2023-11-28,Smith's Bar,Budweiser,0.0,62.73,420,351.68,68.32,0.0,False
2023-11-29,Smith's Bar,Budweiser,0.0,0.0,300,351.68,0.0,0.0,False
2023-11-30,Smith's Bar,Budweiser,0.0,82.85624999999999,450,420.0,30.0,0.0,False
2023-12-01,Smith's Bar,Budweiser,0.0,97.49125000000001,480,420.0,30.0,0.0,False
2023-12-02,Smith's Bar,Budweiser,0.0,91.80625,480,450.0,0.0,0.0,False
2023-12-03,Smith's Bar,Budweiser,0.0,0.0,300,480.0,0.0,0.0,False
2023-12-04,Smith's Bar,Budweiser,0.0,23.54,330,480.0,0.0,0.0,False
2023-12-05,Smith's Bar,Budweiser,0.0,62.73,420,480.0,0.0,0.0,False
2023-12-06,Smith's Bar,Budweiser,442.91,0.0,300,37.089999999999975,262.91,0.0,False
2023-12-07,Smith's Bar,Budweiser,0.0,46.76875,390,37.089999999999975,90.0,0.0,False
2023-12-08,Smith's Bar,Budweiser,0.0,97.49125000000001,480,300.0,90.0,0.0,False
2023-12-09,Smith's Bar,Budweiser,0.0,72.375,420,390.0,0.0,0.0,False
2023-12-10,Smith's Bar,Budweiser,0.0,0.0,300,480.0,0.0,0.0,False
2023-12-11,Smith's Bar,Budweiser,0.0,23.54,330,480.0,0.0,0.0,False
2023-12-12,Smith's Bar,Budweiser,0.0,62.73,420,480.0,0.0,0.0,False
2023-12-13,Smith's Bar,Budweiser,0.0,55.36375,390,480.0,0.0,0.0,False
2023-12-14,Smith's Bar,Budweiser,0.0,46.76875,390,480.0,0.0,0.0,False
2023-12-15,Smith's Bar,Budweiser,0.0,44.3575,390,480.0,0.0,0.0,False
2023-12-16,Smith's Bar,Budweiser,0.0,72.375,420,480.0,0.0,0.0,False
2023-12-17,Smith's Bar,Budweiser,0.0,0.0,300,480.0,0.0,0.0,False
2023-12-18,Smith's Bar,Budweiser,220.23,23.54,330,259.77,70.23000000000002,0.0,False
2023-12-19,Smith's Bar,Budweiser,0.0,62.73,420,259.77,90.0,0.0,False
2023-12-20,Smith's Bar,Budweiser,0.0,55.36375,390,330.0,0.0,0.0,False
2023-12-21,Smith's Bar,Budweiser,159.03,46.76875,390,260.97,129.02999999999997,0.0,False
2023-12-22,Smith's Bar,Budweiser,548.57,44.3575,390,0.0,260.97,287.6,True
2023-12-23,Smith's Bar,Budweiser,0.0,72.375,420,129.02999999999997,30.0,0.0,False
2023-12-24,Smith's Bar,Budweiser,0.0,0.0,300,390.0,0.0,0.0,False
2023-12-25,Smith's Bar,Budweiser,0.0,51.068749999999994,390,420.0,0.0,0.0,False
2023-12-26,Smith's Bar,Budweiser,0.0,0.0,300,420.0,0.0,0.0,False
2023-12-27,Smith's Bar,Budweiser,0.0,55.36375,390,420.0,0.0,0.0,False
2023-12-28,Smith's Bar,Budweiser,0.0,66.6475,420,420.0,0.0,0.0,False
2023-12-29,Smith's Bar,Budweiser,0.0,112.92875000000001,510,420.0,90.0,0.0,False
2023-12-30,Smith's Bar,Budweiser,0.0,0.0,300,420.0,0.0,0.0,False
2023-12-31,Smith's Bar,Budweiser,0.0,0.0,300,510.0,0.0,0.0,False
2024-01-01,Smith's Bar,Budweiser,0.0,51.068749999999994,390,510.0,0.0,0.0,False
2023-10-21,Smith's Bar,Captain Morgan,0.0,55.83428571428572,480,480.0,0.0,0.0,False
2023-10-22,Smith's Bar,Captain Morgan,0.0,55.83428571428572,480,480.0,0.0,0.0,False
2023-10-23,Smith's Bar,Captain Morgan,0.0,55.83428571428572,480,480.0,0.0,0.0,False
2023-10-24,Smith's Bar,Captain Morgan,492.81,37.92,450,0.0,450.0,12.810000000000002,True
2023-10-25,Smith's Bar,Captain Morgan,0.0,108.32142857142857,600,0.0,150.0,0.0,False
2023-10-26,Smith's Bar,Captain Morgan,0.0,108.32142857142857,600,450.0,0.0,0.0,False
2023-10-27,Smith's Bar,Captain Morgan,0.0,70.40142857142857,510,600.0,0.0,0.0,False
2023-10-28,Smith's Bar,Captain Morgan,0.0,70.40142857142857,510,600.0,0.0,0.0,False
2023-10-29,Smith's Bar,Captain Morgan,273.75,70.40142857142857,510,326.25,183.75,0.0,False
2023-10-30,Smith's Bar,Captain Morgan,0.0,109.50857142857141,600,326.25,90.0,0.0,False
2023-10-31,Smith's Bar,Captain Morgan,0.0,109.50857142857141,600,510.0,0.0,0.0,False
2023-11-01,Smith's Bar,Captain Morgan,0.0,39.107142857142854,450,600.0,0.0,0.0,False
2023-11-02,Smith's Bar,Captain Morgan,0.0,39.107142857142854,450,600.0,0.0,0.0,False
2023-11-03,Smith's Bar,Captain Morgan,0.0,39.107142857142854,450,600.0,0.0,0.0,False
2023-11-04,Smith's Bar,Captain Morgan,0.0,39.107142857142854,450,600.0,0.0,0.0,False
2023-11-05,Smith's Bar,Captain Morgan,0.0,39.107142857142854,450,600.0,0.0,0.0,False
2023-11-06,Smith's Bar,Captain Morgan,0.0,0.0,360,600.0,0.0,0.0,False
2023-11-07,Smith's Bar,Captain Morgan,0.0,0.0,360,600.0,0.0,0.0,False
2023-11-08,Smith's Bar,Captain Morgan,0.0,0.0,360,600.0,0.0,0.0,False
2023-11-09,Smith's Bar,Captain Morgan,0.0,0.0,360,600.0,0.0,0.0,False
2023-11-10,Smith's Bar,Captain Morgan,0.0,0.0,360,600.0,0.0,0.0,False
2023-11-11,Smith's Bar,Captain Morgan,0.0,0.0,360,600.0,0.0,0.0,False
2023-11-12,Smith's Bar,Captain Morgan,477.53,0.0,360,122.47000000000003,237.52999999999997,0.0,False
2023-11-13,Smith's Bar,Captain Morgan,0.0,68.21857142857142,510,122.47000000000003,150.0,0.0,False
2023-11-14,Smith's Bar,Captain Morgan,0.0,68.21857142857142,510,360.0,0.0,0.0,False
2023-11-15,Smith's Bar,Captain Morgan,0.0,68.21857142857142,510,510.0,0.0,0.0,False
2023-11-16,Smith's Bar,Captain Morgan,0.0,68.21857142857142,510,510.0,0.0,0.0,False
2023-11-17,Smith's Bar,Captain Morgan,0.0,68.21857142857142,510,510.0,0.0,0.0,False
2023-11-18,Smith's Bar,Captain Morgan,0.0,68.21857142857142,510,510.0,0.0,0.0,False
2023-11-19,Smith's Bar,Captain Morgan,0.0,68.21857142857142,510,510.0,0.0,0.0,False
2023-11-20,Smith's Bar,Captain Morgan,0.0,0.0,360,510.0,0.0,0.0,False
2023-11-21,Smith's Bar,Captain Morgan,0.0,0.0,360,510.0,0.0,0.0,False
2023-11-22,Smith's Bar,Captain Morgan,0.0,0.0,360,510.0,0.0,0.0,False
2023-11-23,Smith's Bar,Captain Morgan,0.0,0.0,360,510.0,0.0,0.0,False
2023-11-24,Smith's Bar,Captain Morgan,0.0,0.0,360,510.0,0.0,0.0,False
2023-11-25,Smith's Bar,Captain Morgan,465.37,0.0,360,44.629999999999995,315.37,0.0,False
2023-11-26,Smith's Bar,Captain Morgan,198.89,66.48142857142857,510,0.0,194.63,154.26,True
2023-11-27,Smith's Bar,Captain Morgan,0.0,94.89428571428572,570,315.37,60.0,0.0,False
2023-11-28,Smith's Bar,Captain Morgan,0.0,94.89428571428572,570,510.0,0.0,0.0,False
2023-11-29,Smith's Bar,Captain Morgan,0.0,94.89428571428572,570,570.0,0.0,0.0,False
2023-11-30,Smith's Bar,Captain Morgan,0.0,94.89428571428572,570,570.0,0.0,0.0,False
2023-12-01,Smith's Bar,Captain Morgan,0.0,94.89428571428572,570,570.0,0.0,0.0,False
2023-12-02,Smith's Bar,Captain Morgan,0.0,94.89428571428572,570,570.0,0.0,0.0,False
2023-12-03,Smith's Bar,Captain Morgan,0.0,28.412857142857142,420,570.0,0.0,0.0,False
2023-12-04,Smith's Bar,Captain Morgan,0.0,0.0,360,570.0,0.0,0.0,False
2023-12-05,Smith's Bar,Captain Morgan,0.0,0.0,360,570.0,0.0,0.0,False
2023-12-06,Smith's Bar,Captain Morgan,0.0,0.0,360,570.0,0.0,0.0,False
2023-12-07,Smith's Bar,Captain Morgan,0.0,0.0,360,570.0,0.0,0.0,False
2023-12-08,Smith's Bar,Captain Morgan,0.0,0.0,360,570.0,0.0,0.0,False
2023-12-09,Smith's Bar,Captain Morgan,0.0,0.0,360,570.0,0.0,0.0,False
2023-12-10,Smith's Bar,Captain Morgan,0.0,0.0,360,570.0,0.0,0.0,False
2023-12-11,Smith's Bar,Captain Morgan,186.65,0.0,360,383.35,0.0,0.0,False
2023-12-12,Smith's Bar,Captain Morgan,0.0,26.664285714285715,420,383.35,36.64999999999998,0.0,False
2023-12-13,Smith's Bar,Captain Morgan,0.0,26.664285714285715,420,383.35,0.0,0.0,False
2023-12-14,Smith's Bar,Captain Morgan,0.0,26.664285714285715,420,420.0,0.0,0.0,False
2023-12-15,Smith's Bar,Captain Morgan,0.0,26.664285714285715,420,420.0,0.0,0.0,False
2023-12-16,Smith's Bar,Captain Morgan,0.0,26.664285714285715,420,420.0,0.0,0.0,False
2023-12-17,Smith's Bar,Captain Morgan,0.0,26.664285714285715,420,420.0,0.0,0.0,False
2023-12-18,Smith's Bar,Captain Morgan,0.0,26.664285714285715,420,420.0,0.0,0.0,False
2023-12-19,Smith's Bar,Captain Morgan,0.0,0.0,360,420.0,0.0,0.0,False
2023-12-20,Smith's Bar,Captain Morgan,102.6,0.0,360,317.4,42.60000000000002,0.0,False
2023-12-21,Smith's Bar,Captain Morgan,0.0,14.657142857142857,390,317.4,30.0,0.0,False
2023-12-22,Smith's Bar,Captain Morgan,0.0,14.657142857142857,390,360.0,0.0,0.0,False
2023-12-23,Smith's Bar,Captain Morgan,0.0,14.657142857142857,390,390.0,0.0,0.0,False
2023-12-24,Smith's Bar,Captain Morgan,0.0,14.657142857142857,390,390.0,0.0,0.0,False
2023-12-25,Smith's Bar,Captain Morgan,0.0,14.657142857142857,390,390.0,0.0,0.0,False
2023-12-26,Smith's Bar,Captain Morgan,0.0,14.657142857142857,390,390.0,0.0,0.0,False
2023-12-27,Smith's Bar,Captain Morgan,0.0,14.657142857142857,390,390.0,0.0,0.0,False
2023-12-28,Smith's Bar,Captain Morgan,0.0,0.0,360,390.0,0.0,0.0,False
2023-12-29,Smith's Bar,Captain Morgan,0.0,0.0,360,390.0,0.0,0.0,False
2023-12-30,Smith's Bar,Captain Morgan,0.0,0.0,360,390.0,0.0,0.0,False
2023-12-31,Smith's Bar,Captain Morgan,0.0,0.0,360,390.0,0.0,0.0,False
2024-01-01,Smith's Bar,Captain Morgan,508.91,0.0,360,0.0,360.0,118.91000000000003,True
2023-10-21,Smith's Bar,Coors,0.0,82.57142857142857,480,480.0,0.0,0.0,False
2023-10-22,Smith's Bar,Coors,0.0,82.57142857142857,480,480.0,0.0,0.0,False
2023-10-23,Smith's Bar,Coors,0.0,82.57142857142857,480,480.0,0.0,0.0,False
2023-10-24,Smith's Bar,Coors,0.0,82.57142857142857,480,480.0,0.0,0.0,False
2023-10-25,Smith's Bar,Coors,0.0,82.57142857142857,480,480.0,0.0,0.0,False
2023-10-26,Smith's Bar,Coors,0.0,82.57142857142857,480,480.0,0.0,0.0,False
2023-10-27,Smith's Bar,Coors,0.0,0.0,330,480.0,0.0,0.0,False
2023-10-28,Smith's Bar,Coors,0.0,0.0,330,480.0,0.0,0.0,False
2023-10-29,Smith's Bar,Coors,0.0,0.0,330,480.0,0.0,0.0,False
2023-10-30,Smith's Bar,Coors,0.0,0.0,330,480.0,0.0,0.0,False
2023-10-31,Smith's Bar,Coors,0.0,0.0,330,480.0,0.0,0.0,False
2023-11-01,Smith's Bar,Coors,0.0,0.0,330,480.0,0.0,0.0,False
2023-11-02,Smith's Bar,Coors,0.0,0.0,330,480.0,0.0,0.0,False
2023-11-03,Smith's Bar,Coors,0.0,0.0,330,480.0,0.0,0.0,False
2023-11-04,Smith's Bar,Coors,420.04,0.0,330,59.95999999999998,270.04,0.0,False
2023-11-05,Smith's Bar,Coors,0.0,60.00571428571429,450,59.95999999999998,120.0,0.0,False
2023-11-06,Smith's Bar,Coors,0.0,60.00571428571429,450,330.0,0.0,0.0,False
2023-11-07,Smith's Bar,Coors,0.0,60.00571428571429,450,450.0,0.0,0.0,False
2023-11-08,Smith's Bar,Coors,0.0,60.00571428571429,450,450.0,0.0,0.0,False
2023-11-09,Smith's Bar,Coors,0.0,60.00571428571429,450,450.0,0.0,0.0,False
2023-11-10,Smith's Bar,Coors,0.0,60.00571428571429,450,450.0,0.0,0.0,False
2023-11-11,Smith's Bar,Coors,0.0,60.00571428571429,450,450.0,0.0,0.0,False
2023-11-12,Smith's Bar,Coors,0.0,0.0,330,450.0,0.0,0.0,False
2023-11-13,Smith's Bar,Coors,0.0,0.0,330,450.0,0.0,0.0,False
2023-11-14,Smith's Bar,Coors,0.0,0.0,330,450.0,0.0,0.0,False
2023-11-15,Smith's Bar,Coors,0.0,0.0,330,450.0,0.0,0.0,False
2023-11-16,Smith's Bar,Coors,0.0,0.0,330,450.0,0.0,0.0,False
2023-11-17,Smith's Bar,Coors,0.0,0.0,330,450.0,0.0,0.0,False
2023-11-18,Smith's Bar,Coors,0.0,0.0,330,450.0,0.0,0.0,False
2023-11-19,Smith's Bar,Coors,0.0,0.0,330,450.0,0.0,0.0,False
2023-11-20,Smith's Bar,Coors,0.0,0.0,330,450.0,0.0,0.0,False
2023-11-21,Smith's Bar,Coors,0.0,0.0,330,450.0,0.0,0.0,False
2023-11-22,Smith's Bar,Coors,0.0,0.0,330,450.0,0.0,0.0,False
2023-11-23,Smith's Bar,Coors,0.0,0.0,330,450.0,0.0,0.0,False
2023-11-24,Smith's Bar,Coors,0.0,0.0,330,450.0,0.0,0.0,False
2023-11-25,Smith's Bar,Coors,0.0,0.0,330,450.0,0.0,0.0,False
2023-11-26,Smith's Bar,Coors,0.0,0.0,330,450.0,0.0,0.0,False
2023-11-27,Smith's Bar,Coors,0.0,0.0,330,450.0,0.0,0.0,False
2023-11-28,Smith's Bar,Coors,0.0,0.0,330,450.0,0.0,0.0,False
2023-11-29,Smith's Bar,Coors,489.99,0.0,330,0.0,330.0,39.99000000000001,True
2023-11-30,Smith's Bar,Coors,0.0,69.99857142857142,480,0.0,150.0,0.0,False
2023-12-01,Smith's Bar,Coors,0.0,69.99857142857142,480,330.0,0.0,0.0,False
2023-12-02,Smith's Bar,Coors,0.0,69.99857142857142,480,480.0,0.0,0.0,False
2023-12-03,Smith's Bar,Coors,283.46,69.99857142857142,480,196.54000000000002,283.46,0.0,False
2023-12-04,Smith's Bar,Coors,0.0,110.49285714285715,540,196.54000000000002,60.0,0.0,False
2023-12-05,Smith's Bar,Coors,0.0,110.49285714285715,540,480.0,0.0,0.0,False
2023-12-06,Smith's Bar,Coors,0.0,110.49285714285715,540,540.0,0.0,0.0,False
2023-12-07,Smith's Bar,Coors,207.4,40.49428571428571,420,332.6,87.39999999999998,0.0,False
2023-12-08,Smith's Bar,Coors,0.0,70.12285714285714,480,332.6,60.0,0.0,False
2023-12-09,Smith's Bar,Coors,0.0,70.12285714285714,480,420.0,0.0,0.0,False
2023-12-10,Smith's Bar,Coors,0.0,70.12285714285714,480,480.0,0.0,0.0,False
2023-12-11,Smith's Bar,Coors,0.0,29.62857142857143,390,480.0,0.0,0.0,False
2023-12-12,Smith's Bar,Coors,0.0,29.62857142857143,390,480.0,0.0,0.0,False
2023-12-13,Smith's Bar,Coors,0.0,29.62857142857143,390,480.0,0.0,0.0,False
2023-12-14,Smith's Bar,Coors,0.0,29.62857142857143,390,480.0,0.0,0.0,False
2023-12-15,Smith's Bar,Coors,0.0,0.0,330,480.0,0.0,0.0,False
2023-12-16,Smith's Bar,Coors,0.0,0.0,330,480.0,0.0,0.0,False
2023-12-17,Smith's Bar,Coors,0.0,0.0,330,480.0,0.0,0.0,False
2023-12-18,Smith's Bar,Coors,0.0,0.0,330,480.0,0.0,0.0,False
2023-12-19,Smith's Bar,Coors,446.28,0.0,330,33.72000000000003,296.28,0.0,False
2023-12-20,Smith's Bar,Coors,0.0,63.75428571428571,450,33.72000000000003,120.0,0.0,False
2023-12-21,Smith's Bar,Coors,0.0,63.75428571428571,450,330.0,0.0,0.0,False
2023-12-22,Smith's Bar,Coors,0.0,63.75428571428571,450,450.0,0.0,0.0,False
2023-12-23,Smith's Bar,Coors,0.0,63.75428571428571,450,450.0,0.0,0.0,False
2023-12-24,Smith's Bar,Coors,0.0,63.75428571428571,450,450.0,0.0,0.0,False
2023-12-25,Smith's Bar,Coors,0.0,63.75428571428571,450,450.0,0.0,0.0,False
2023-12-26,Smith's Bar,Coors,0.0,63.75428571428571,450,450.0,0.0,0.0,False
2023-12-27,Smith's Bar,Coors,0.0,0.0,330,450.0,0.0,0.0,False
2023-12-28,Smith's Bar,Coors,368.61,0.0,330,81.38999999999999,248.61,0.0,False
2023-12-29,Smith's Bar,Coors,0.0,52.65857142857143,420,81.38999999999999,90.0,0.0,False
2023-12-30,Smith's Bar,Coors,0.0,52.65857142857143,420,330.0,0.0,0.0,False
2023-12-31,Smith's Bar,Coors,0.0,52.65857142857143,420,420.0,0.0,0.0,False
2024-01-01,Smith's Bar,Coors,0.0,52.65857142857143,420,420.0,0.0,0.0,False
2023-10-21,Smith's Bar,Grey Goose,0.0,182.22,780,780.0,0.0,0.0,False
2023-10-22,Smith's Bar,Grey Goose,0.0,182.22,780,780.0,0.0,0.0,False
2023-10-23,Smith's Bar,Grey Goose,0.0,182.22,780,780.0,0.0,0.0,False
2023-10-24,Smith's Bar,Grey Goose,0.0,182.22,780,780.0,0.0,0.0,False
2023-10-25,Smith's Bar,Grey Goose,0.0,182.22,780,780.0,0.0,0.0,False
2023-10-26,Smith's Bar,Grey Goose,213.72,68.22285714285714,540,566.28,0.0,0.0,False
2023-10-27,Smith's Bar,Grey Goose,235.81,30.53142857142857,480,330.46999999999997,149.53000000000003,0.0,False
2023-10-28,Smith's Bar,Grey Goose,0.0,64.21857142857142,540,330.46999999999997,60.0,0.0,False
2023-10-29,Smith's Bar,Grey Goose,0.0,64.21857142857142,540,480.0,0.0,0.0,False
2023-10-30,Smith's Bar,Grey Goose,0.0,64.21857142857142,540,540.0,0.0,0.0,False
2023-10-31,Smith's Bar,Grey Goose,0.0,64.21857142857142,540,540.0,0.0,0.0,False
2023-11-01,Smith's Bar,Grey Goose,0.0,64.21857142857142,540,540.0,0.0,0.0,False
2023-11-02,Smith's Bar,Grey Goose,0.0,64.21857142857142,540,540.0,0.0,0.0,False
2023-11-03,Smith's Bar,Grey Goose,0.0,33.68714285714286,480,540.0,0.0,0.0,False
2023-11-04,Smith's Bar,Grey Goose,0.0,0.0,420,540.0,0.0,0.0,False
2023-11-05,Smith's Bar,Grey Goose,0.0,0.0,420,540.0,0.0,0.0,False
2023-11-06,Smith's Bar,Grey Goose,0.0,0.0,420,540.0,0.0,0.0,False
2023-11-07,Smith's Bar,Grey Goose,0.0,0.0,420,540.0,0.0,0.0,False
2023-11-08,Smith's Bar,Grey Goose,0.0,0.0,420,540.0,0.0,0.0,False
2023-11-09,Smith's Bar,Grey Goose,0.0,0.0,420,540.0,0.0,0.0,False
2023-11-10,Smith's Bar,Grey Goose,0.0,0.0,420,540.0,0.0,0.0,False
2023-11-11,Smith's Bar,Grey Goose,0.0,0.0,420,540.0,0.0,0.0,False
2023-11-12,Smith's Bar,Grey Goose,0.0,0.0,420,540.0,0.0,0.0,False
2023-11-13,Smith's Bar,Grey Goose,556.52,0.0,420,0.0,420.0,16.519999999999982,True
2023-11-14,Smith's Bar,Grey Goose,0.0,79.50285714285714,570,0.0,150.0,0.0,False
2023-11-15,Smith's Bar,Grey Goose,0.0,79.50285714285714,570,420.0,0.0,0.0,False
2023-11-16,Smith's Bar,Grey Goose,0.0,79.50285714285714,570,570.0,0.0,0.0,False
2023-11-17,Smith's Bar,Grey Goose,0.0,79.50285714285714,570,570.0,0.0,0.0,False
2023-11-18,Smith's Bar,Grey Goose,0.0,79.50285714285714,570,570.0,0.0,0.0,False
2023-11-19,Smith's Bar,Grey Goose,0.0,79.50285714285714,570,570.0,0.0,0.0,False
2023-11-20,Smith's Bar,Grey Goose,0.0,79.50285714285714,570,570.0,0.0,0.0,False
2023-11-21,Smith's Bar,Grey Goose,0.0,0.0,420,570.0,0.0,0.0,False
2023-11-22,Smith's Bar,Grey Goose,352.98,0.0,420,217.01999999999998,202.98000000000002,0.0,False
2023-11-23,Smith's Bar,Grey Goose,0.0,50.425714285714285,510,217.01999999999998,90.0,0.0,False
2023-11-24,Smith's Bar,Grey Goose,0.0,50.425714285714285,510,420.0,0.0,0.0,False
2023-11-25,Smith's Bar,Grey Goose,0.0,50.425714285714285,510,510.0,0.0,0.0,False
2023-11-26,Smith's Bar,Grey Goose,0.0,50.425714285714285,510,510.0,0.0,0.0,False
2023-11-27,Smith's Bar,Grey Goose,0.0,50.425714285714285,510,510.0,0.0,0.0,False
2023-11-28,Smith's Bar,Grey Goose,0.0,50.425714285714285,510,510.0,0.0,0.0,False
2023-11-29,Smith's Bar,Grey Goose,0.0,50.425714285714285,510,510.0,0.0,0.0,False
2023-11-30,Smith's Bar,Grey Goose,0.0,0.0,420,510.0,0.0,0.0,False
2023-12-01,Smith's Bar,Grey Goose,0.0,0.0,420,510.0,0.0,0.0,False
2023-12-02,Smith's Bar,Grey Goose,400.22,0.0,420,109.77999999999997,310.22,0.0,False
2023-12-03,Smith's Bar,Grey Goose,0.0,57.174285714285716,540,109.77999999999997,120.0,0.0,False
2023-12-04,Smith's Bar,Grey Goose,585.47,57.174285714285716,540,0.0,420.0,165.47000000000003,True
2023-12-05,Smith's Bar,Grey Goose,0.0,140.81285714285715,690,120.0,150.0,0.0,False
2023-12-06,Smith's Bar,Grey Goose,0.0,140.81285714285715,690,540.0,0.0,0.0,False
2023-12-07,Smith's Bar,Grey Goose,0.0,140.81285714285715,690,690.0,0.0,0.0,False
2023-12-08,Smith's Bar,Grey Goose,526.05,140.81285714285715,690,163.95000000000005,526.05,0.0,False
2023-12-09,Smith's Bar,Grey Goose,477.61,215.96285714285713,840,0.0,313.95000000000005,313.65999999999997,True
2023-12-10,Smith's Bar,Grey Goose,0.0,227.01857142857145,870,526.05,30.0,0.0,False
2023-12-11,Smith's Bar,Grey Goose,0.0,227.01857142857145,870,840.0,0.0,0.0,False
2023-12-12,Smith's Bar,Grey Goose,158.77,143.38,690,711.23,0.0,0.0,False
2023-12-13,Smith's Bar,Grey Goose,167.54,166.0614285714286,750,543.69,206.30999999999995,0.0,False
2023-12-14,Smith's Bar,Grey Goose,0.0,189.99571428571429,810,543.69,60.0,0.0,False
2023-12-15,Smith's Bar,Grey Goose,416.3,189.99571428571429,810,333.7,416.3,0.0,False
2023-12-16,Smith's Bar,Grey Goose,0.0,174.31714285714287,780,393.7,0.0,0.0,False
2023-12-17,Smith's Bar,Grey Goose,0.0,106.08714285714287,630,810.0,0.0,0.0,False
2023-12-18,Smith's Bar,Grey Goose,0.0,106.08714285714287,630,810.0,0.0,0.0,False
2023-12-19,Smith's Bar,Grey Goose,0.0,106.08714285714287,630,810.0,0.0,0.0,False
2023-12-20,Smith's Bar,Grey Goose,0.0,83.4057142857143,600,810.0,0.0,0.0,False
2023-12-21,Smith's Bar,Grey Goose,0.0,59.471428571428575,540,810.0,0.0,0.0,False
2023-12-22,Smith's Bar,Grey Goose,0.0,59.471428571428575,540,810.0,0.0,0.0,False
2023-12-23,Smith's Bar,Grey Goose,269.17,0.0,420,540.8299999999999,0.0,0.0,False
2023-12-24,Smith's Bar,Grey Goose,0.0,38.45285714285715,510,540.8299999999999,0.0,0.0,False
2023-12-25,Smith's Bar,Grey Goose,0.0,38.45285714285715,510,540.8299999999999,0.0,0.0,False
2023-12-26,Smith's Bar,Grey Goose,403.11,38.45285714285715,510,137.7199999999999,372.2800000000001,0.0,False
2023-12-27,Smith's Bar,Grey Goose,0.0,96.03999999999999,600,137.7199999999999,90.0,0.0,False
2023-12-28,Smith's Bar,Grey Goose,0.0,96.03999999999999,600,510.0,0.0,0.0,False
2023-12-29,Smith's Bar,Grey Goose,0.0,96.03999999999999,600,600.0,0.0,0.0,False
2023-12-30,Smith's Bar,Grey Goose,539.86,96.03999999999999,600,60.139999999999986,539.86,0.0,False
2023-12-31,Smith's Bar,Grey Goose,0.0,134.71,690,60.139999999999986,90.0,0.0,False
2024-01-01,Smith's Bar,Grey Goose,176.29,134.71,690,423.71000000000004,176.28999999999996,0.0,False
2023-10-21,Smith's Bar,Heineken,0.0,0.0,330,330.0,0.0,0.0,False
2023-10-22,Smith's Bar,Heineken,0.0,0.0,330,330.0,0.0,0.0,False
2023-10-23,Smith's Bar,Heineken,0.0,0.0,330,330.0,0.0,0.0,False
2023-10-24,Smith's Bar,Heineken,0.0,0.0,330,330.0,0.0,0.0,False
2023-10-25,Smith's Bar,Heineken,0.0,0.0,330,330.0,0.0,0.0,False
2023-10-26,Smith's Bar,Heineken,0.0,0.0,330,330.0,0.0,0.0,False
2023-10-27,Smith's Bar,Heineken,0.0,0.0,330,330.0,0.0,0.0,False
2023-10-28,Smith's Bar,Heineken,0.0,0.0,330,330.0,0.0,0.0,False
2023-10-29,Smith's Bar,Heineken,0.0,0.0,330,330.0,0.0,0.0,False
2023-10-30,Smith's Bar,Heineken,0.0,0.0,330,330.0,0.0,0.0,False
2023-10-31,Smith's Bar,Heineken,0.0,0.0,330,330.0,0.0,0.0,False
2023-11-01,Smith's Bar,Heineken,391.91,0.0,330,0.0,330.0,61.910000000000025,True
2023-11-02,Smith's Bar,Heineken,0.0,55.987142857142864,450,0.0,120.0,0.0,False
2023-11-03,Smith's Bar,Heineken,0.0,55.987142857142864,450,330.0,0.0,0.0,False
2023-11-04,Smith's Bar,Heineken,0.0,55.987142857142864,450,450.0,0.0,0.0,False
2023-11-05,Smith's Bar,Heineken,0.0,55.987142857142864,450,450.0,0.0,0.0,False
2023-11-06,Smith's Bar,Heineken,425.12,55.987142857142864,450,24.879999999999995,425.12,0.0,False
2023-11-07,Smith's Bar,Heineken,0.0,116.71857142857142,570,24.879999999999995,120.0,0.0,False
2023-11-08,Smith's Bar,Heineken,363.32,116.71857142857142,570,86.68,363.32,0.0,False
2023-11-09,Smith's Bar,Heineken,0.0,112.63428571428572,570,206.68,0.0,0.0,False
2023-11-10,Smith's Bar,Heineken,0.0,112.63428571428572,570,570.0,0.0,0.0,False
2023-11-11,Smith's Bar,Heineken,0.0,112.63428571428572,570,570.0,0.0,0.0,False
2023-11-12,Smith's Bar,Heineken,0.0,112.63428571428572,570,570.0,0.0,0.0,False
2023-11-13,Smith's Bar,Heineken,0.0,112.63428571428572,570,570.0,0.0,0.0,False
2023-11-14,Smith's Bar,Heineken,0.0,51.902857142857144,450,570.0,0.0,0.0,False
2023-11-15,Smith's Bar,Heineken,0.0,51.902857142857144,450,570.0,0.0,0.0,False
2023-11-16,Smith's Bar,Heineken,206.23,0.0,330,363.77,0.0,0.0,False
2023-11-17,Smith's Bar,Heineken,0.0,29.46142857142857,390,363.77,26.230000000000018,0.0,False
2023-11-18,Smith's Bar,Heineken,101.89,29.46142857142857,390,261.88,101.88999999999999,0.0,False
2023-11-19,Smith's Bar,Heineken,107.31,44.01714285714286,420,180.8,137.31,0.0,False
2023-11-20,Smith's Bar,Heineken,0.0,59.347142857142856,450,282.69,30.0,0.0,False
2023-11-21,Smith's Bar,Heineken,462.86,59.347142857142856,450,0.0,420.0,42.860000000000014,True
2023-11-22,Smith's Bar,Heineken,0.0,125.47,600,30.0,150.0,0.0,False
2023-11-23,Smith's Bar,Heineken,0.0,125.47,600,450.0,0.0,0.0,False
2023-11-24,Smith's Bar,Heineken,0.0,96.00857142857141,540,600.0,0.0,0.0,False
2023-11-25,Smith's Bar,Heineken,0.0,96.00857142857141,540,600.0,0.0,0.0,False
2023-11-26,Smith's Bar,Heineken,0.0,81.45285714285716,510,600.0,0.0,0.0,False
2023-11-27,Smith's Bar,Heineken,0.0,66.12285714285714,480,600.0,0.0,0.0,False
2023-11-28,Smith's Bar,Heineken,295.78,66.12285714285714,480,304.22,175.77999999999997,0.0,False
2023-11-29,Smith's Bar,Heineken,0.0,42.25428571428571,420,304.22,0.0,0.0,False
2023-11-30,Smith's Bar,Heineken,0.0,42.25428571428571,420,480.0,0.0,0.0,False
2023-12-01,Smith's Bar,Heineken,0.0,42.25428571428571,420,480.0,0.0,0.0,False
2023-12-02,Smith's Bar,Heineken,0.0,42.25428571428571,420,480.0,0.0,0.0,False
2023-12-03,Smith's Bar,Heineken,0.0,42.25428571428571,420,480.0,0.0,0.0,False
2023-12-04,Smith's Bar,Heineken,0.0,42.25428571428571,420,480.0,0.0,0.0,False
2023-12-05,Smith's Bar,Heineken,583.95,42.25428571428571,420,0.0,420.0,103.95000000000005,True
2023-12-06,Smith's Bar,Heineken,0.0,83.42142857142858,510,0.0,90.0,0.0,False
2023-12-07,Smith's Bar,Heineken,0.0,83.42142857142858,510,420.0,0.0,0.0,False
2023-12-08,Smith's Bar,Heineken,0.0,83.42142857142858,510,510.0,0.0,0.0,False
2023-12-09,Smith's Bar,Heineken,0.0,83.42142857142858,510,510.0,0.0,0.0,False
2023-12-10,Smith's Bar,Heineken,0.0,83.42142857142858,510,510.0,0.0,0.0,False
2023-12-11,Smith's Bar,Heineken,0.0,83.42142857142858,510,510.0,0.0,0.0,False
2023-12-12,Smith's Bar,Heineken,0.0,83.42142857142858,510,510.0,0.0,0.0,False
2023-12-13,Smith's Bar,Heineken,0.0,0.0,330,510.0,0.0,0.0,False
2023-12-14,Smith's Bar,Heineken,567.17,0.0,330,0.0,330.0,57.16999999999996,True
2023-12-15,Smith's Bar,Heineken,502.13,81.02428571428571,510,0.0,180.0,502.13,True
2023-12-16,Smith's Bar,Heineken,0.0,152.75714285714284,630,330.0,120.0,0.0,False
2023-12-17,Smith's Bar,Heineken,0.0,152.75714285714284,630,510.0,0.0,0.0,False
2023-12-18,Smith's Bar,Heineken,0.0,152.75714285714284,630,630.0,0.0,0.0,False
2023-12-19,Smith's Bar,Heineken,0.0,152.75714285714284,630,630.0,0.0,0.0,False
2023-12-20,Smith's Bar,Heineken,0.0,152.75714285714284,630,630.0,0.0,0.0,False
2023-12-21,Smith's Bar,Heineken,0.0,152.75714285714284,630,630.0,0.0,0.0,False
2023-12-22,Smith's Bar,Heineken,0.0,71.73285714285714,480,630.0,0.0,0.0,False
2023-12-23,Smith's Bar,Heineken,0.0,0.0,330,630.0,0.0,0.0,False
2023-12-24,Smith's Bar,Heineken,0.0,0.0,330,630.0,0.0,0.0,False
2023-12-25,Smith's Bar,Heineken,0.0,0.0,330,630.0,0.0,0.0,False
2023-12-26,Smith's Bar,Heineken,0.0,0.0,330,630.0,0.0,0.0,False
2023-12-27,Smith's Bar,Heineken,0.0,0.0,330,630.0,0.0,0.0,False
2023-12-28,Smith's Bar,Heineken,0.0,0.0,330,630.0,0.0,0.0,False
2023-12-29,Smith's Bar,Heineken,322.8,0.0,330,307.2,22.80000000000001,0.0,False
2023-12-30,Smith's Bar,Heineken,0.0,46.114285714285714,420,307.2,90.0,0.0,False
2023-12-31,Smith's Bar,Heineken,0.0,46.114285714285714,420,330.0,0.0,0.0,False
2024-01-01,Smith's Bar,Heineken,0.0,46.114285714285714,420,420.0,0.0,0.0,False
2023-10-21,Smith's Bar,Jack Daniels,0.0,29.40142857142857,420,420.0,0.0,0.0,False
2023-10-22,Smith's Bar,Jack Daniels,0.0,29.40142857142857,420,420.0,0.0,0.0,False
2023-10-23,Smith's Bar,Jack Daniels,0.0,0.0,360,420.0,0.0,0.0,False
2023-10-24,Smith's Bar,Jack Daniels,0.0,0.0,360,420.0,0.0,0.0,False
2023-10-25,Smith's Bar,Jack Daniels,0.0,0.0,360,420.0,0.0,0.0,False
2023-10-26,Smith's Bar,Jack Daniels,0.0,0.0,360,420.0,0.0,0.0,False
2023-10-27,Smith's Bar,Jack Daniels,0.0,0.0,360,420.0,0.0,0.0,False
2023-10-28,Smith's Bar,Jack Daniels,0.0,0.0,360,420.0,0.0,0.0,False
2023-10-29,Smith's Bar,Jack Daniels,0.0,0.0,360,420.0,0.0,0.0,False
2023-10-30,Smith's Bar,Jack Daniels,0.0,0.0,360,420.0,0.0,0.0,False
2023-10-31,Smith's Bar,Jack Daniels,0.0,0.0,360,420.0,0.0,0.0,False
2023-11-01,Smith's Bar,Jack Daniels,0.0,0.0,360,420.0,0.0,0.0,False
2023-11-02,Smith's Bar,Jack Daniels,0.0,0.0,360,420.0,0.0,0.0,False
2023-11-03,Smith's Bar,Jack Daniels,0.0,0.0,360,420.0,0.0,0.0,False
2023-11-04,Smith's Bar,Jack Daniels,0.0,0.0,360,420.0,0.0,0.0,False
2023-11-05,Smith's Bar,Jack Daniels,0.0,0.0,360,420.0,0.0,0.0,False
2023-11-06,Smith's Bar,Jack Daniels,0.0,0.0,360,420.0,0.0,0.0,False
2023-11-07,Smith's Bar,Jack Daniels,591.45,0.0,360,0.0,360.0,171.45000000000005,True
2023-11-08,Smith's Bar,Jack Daniels,0.0,84.49285714285715,510,0.0,150.0,0.0,False
2023-11-09,Smith's Bar,Jack Daniels,219.1,84.49285714285715,510,140.9,219.10000000000002,0.0,False
2023-11-10,Smith's Bar,Jack Daniels,0.0,115.79285714285716,600,290.9,90.0,0.0,False
2023-11-11,Smith's Bar,Jack Daniels,0.0,115.79285714285716,600,510.0,0.0,0.0,False
2023-11-12,Smith's Bar,Jack Daniels,0.0,115.79285714285716,600,600.0,0.0,0.0,False
2023-11-13,Smith's Bar,Jack Daniels,0.0,115.79285714285716,600,600.0,0.0,0.0,False
2023-11-14,Smith's Bar,Jack Daniels,0.0,115.79285714285716,600,600.0,0.0,0.0,False
2023-11-15,Smith's Bar,Jack Daniels,0.0,31.3,420,600.0,0.0,0.0,False
2023-11-16,Smith's Bar,Jack Daniels,0.0,31.3,420,600.0,0.0,0.0,False
2023-11-17,Smith's Bar,Jack Daniels,0.0,0.0,360,600.0,0.0,0.0,False
2023-11-18,Smith's Bar,Jack Daniels,0.0,0.0,360,600.0,0.0,0.0,False
2023-11-19,Smith's Bar,Jack Daniels,0.0,0.0,360,600.0,0.0,0.0,False
2023-11-20,Smith's Bar,Jack Daniels,0.0,0.0,360,600.0,0.0,0.0,False
2023-11-21,Smith's Bar,Jack Daniels,0.0,0.0,360,600.0,0.0,0.0,False
2023-11-22,Smith's Bar,Jack Daniels,0.0,0.0,360,600.0,0.0,0.0,False
2023-11-23,Smith's Bar,Jack Daniels,0.0,0.0,360,600.0,0.0,0.0,False
2023-11-24,Smith's Bar,Jack Daniels,0.0,0.0,360,600.0,0.0,0.0,False
2023-11-25,Smith's Bar,Jack Daniels,0.0,0.0,360,600.0,0.0,0.0,False
2023-11-26,Smith's Bar,Jack Daniels,0.0,0.0,360,600.0,0.0,0.0,False
2023-11-27,Smith's Bar,Jack Daniels,152.75,0.0,360,447.25,0.0,0.0,False
2023-11-28,Smith's Bar,Jack Daniels,0.0,21.821428571428573,390,447.25,0.0,0.0,False
2023-11-29,Smith's Bar,Jack Daniels,0.0,21.821428571428573,390,447.25,0.0,0.0,False
2023-11-30,Smith's Bar,Jack Daniels,0.0,21.821428571428573,390,447.25,0.0,0.0,False
2023-12-01,Smith's Bar,Jack Daniels,0.0,21.821428571428573,390,447.25,0.0,0.0,False
2023-12-02,Smith's Bar,Jack Daniels,189.47,21.821428571428573,390,257.78,132.22000000000003,0.0,False
2023-12-03,Smith's Bar,Jack Daniels,0.0,48.88857142857143,450,257.78,60.0,0.0,False
2023-12-04,Smith's Bar,Jack Daniels,460.69,48.88857142857143,450,0.0,390.0,70.69,True
2023-12-05,Smith's Bar,Jack Daniels,0.0,92.88,540,60.0,90.0,0.0,False
2023-12-06,Smith's Bar,Jack Daniels,0.0,92.88,540,450.0,0.0,0.0,False
2023-12-07,Smith's Bar,Jack Daniels,0.0,92.88,540,540.0,0.0,0.0,False
2023-12-08,Smith's Bar,Jack Daniels,0.0,92.88,540,540.0,0.0,0.0,False
2023-12-09,Smith's Bar,Jack Daniels,543.65,92.88,540,0.0,540.0,3.6499999999999773,True
2023-12-10,Smith's Bar,Jack Daniels,0.0,143.47714285714284,630,0.0,90.0,0.0,False
2023-12-11,Smith's Bar,Jack Daniels,0.0,143.47714285714284,630,540.0,0.0,0.0,False
2023-12-12,Smith's Bar,Jack Daniels,0.0,77.66428571428571,510,630.0,0.0,0.0,False
2023-12-13,Smith's Bar,Jack Daniels,0.0,77.66428571428571,510,630.0,0.0,0.0,False
2023-12-14,Smith's Bar,Jack Daniels,0.0,77.66428571428571,510,630.0,0.0,0.0,False
2023-12-15,Smith's Bar,Jack Daniels,0.0,77.66428571428571,510,630.0,0.0,0.0,False
2023-12-16,Smith's Bar,Jack Daniels,0.0,77.66428571428571,510,630.0,0.0,0.0,False
2023-12-17,Smith's Bar,Jack Daniels,0.0,0.0,360,630.0,0.0,0.0,False
2023-12-18,Smith's Bar,Jack Daniels,0.0,0.0,360,630.0,0.0,0.0,False
2023-12-19,Smith's Bar,Jack Daniels,208.42,0.0,360,421.58000000000004,0.0,0.0,False
2023-12-20,Smith's Bar,Jack Daniels,0.0,29.774285714285714,420,421.58000000000004,0.0,0.0,False
2023-12-21,Smith's Bar,Jack Daniels,0.0,29.774285714285714,420,421.58000000000004,0.0,0.0,False
2023-12-22,Smith's Bar,Jack Daniels,0.0,29.774285714285714,420,421.58000000000004,0.0,0.0,False
2023-12-23,Smith's Bar,Jack Daniels,0.0,29.774285714285714,420,421.58000000000004,0.0,0.0,False
2023-12-24,Smith's Bar,Jack Daniels,0.0,29.774285714285714,420,421.58000000000004,0.0,0.0,False
2023-12-25,Smith's Bar,Jack Daniels,0.0,29.774285714285714,420,421.58000000000004,0.0,0.0,False
2023-12-26,Smith's Bar,Jack Daniels,0.0,29.774285714285714,420,421.58000000000004,0.0,0.0,False
2023-12-27,Smith's Bar,Jack Daniels,0.0,0.0,360,421.58000000000004,0.0,0.0,False
2023-12-28,Smith's Bar,Jack Daniels,0.0,0.0,360,421.58000000000004,0.0,0.0,False
2023-12-29,Smith's Bar,Jack Daniels,0.0,0.0,360,421.58000000000004,0.0,0.0,False
2023-12-30,Smith's Bar,Jack Daniels,0.0,0.0,360,421.58000000000004,0.0,0.0,False
2023-12-31,Smith's Bar,Jack Daniels,0.0,0.0,360,421.58000000000004,0.0,0.0,False
2024-01-01,Smith's Bar,Jack Daniels,0.0,0.0,360,421.58000000000004,0.0,0.0,False
2023-10-21,Smith's Bar,Jameson,0.0,88.29857142857144,540,540.0,0.0,0.0,False
2023-10-22,Smith's Bar,Jameson,154.93,88.29857142857144,540,385.07,154.93,0.0,False
2023-10-23,Smith's Bar,Jameson,369.11,110.43142857142857,570,15.95999999999998,399.11,0.0,False
2023-10-24,Smith's Bar,Jameson,0.0,163.1614285714286,690,170.89,120.0,0.0,False
2023-10-25,Smith's Bar,Jameson,0.0,163.1614285714286,690,570.0,0.0,0.0,False
2023-10-26,Smith's Bar,Jameson,0.0,74.86285714285714,510,690.0,0.0,0.0,False
2023-10-27,Smith's Bar,Jameson,0.0,74.86285714285714,510,690.0,0.0,0.0,False
2023-10-28,Smith's Bar,Jameson,0.0,74.86285714285714,510,690.0,0.0,0.0,False
2023-10-29,Smith's Bar,Jameson,0.0,74.86285714285714,510,690.0,0.0,0.0,False
2023-10-30,Smith's Bar,Jameson,0.0,52.730000000000004,450,690.0,0.0,0.0,False
2023-10-31,Smith's Bar,Jameson,0.0,0.0,360,690.0,0.0,0.0,False
2023-11-01,Smith's Bar,Jameson,0.0,0.0,360,690.0,0.0,0.0,False
2023-11-02,Smith's Bar,Jameson,0.0,0.0,360,690.0,0.0,0.0,False
2023-11-03,Smith's Bar,Jameson,0.0,0.0,360,690.0,0.0,0.0,False
2023-11-04,Smith's Bar,Jameson,0.0,0.0,360,690.0,0.0,0.0,False
2023-11-05,Smith's Bar,Jameson,0.0,0.0,360,690.0,0.0,0.0,False
2023-11-06,Smith's Bar,Jameson,0.0,0.0,360,690.0,0.0,0.0,False
2023-11-07,Smith's Bar,Jameson,0.0,0.0,360,690.0,0.0,0.0,False
2023-11-08,Smith's Bar,Jameson,201.28,0.0,360,488.72,0.0,0.0,False
2023-11-09,Smith's Bar,Jameson,0.0,28.754285714285714,420,488.72,0.0,0.0,False
2023-11-10,Smith's Bar,Jameson,0.0,28.754285714285714,420,488.72,0.0,0.0,False
2023-11-11,Smith's Bar,Jameson,0.0,28.754285714285714,420,488.72,0.0,0.0,False
2023-11-12,Smith's Bar,Jameson,0.0,28.754285714285714,420,488.72,0.0,0.0,False
2023-11-13,Smith's Bar,Jameson,0.0,28.754285714285714,420,488.72,0.0,0.0,False
2023-11-14,Smith's Bar,Jameson,490.38,28.754285714285714,420,0.0,420.0,1.6599999999999682,True
2023-11-15,Smith's Bar,Jameson,117.84,98.80857142857143,540,0.0,120.0,117.84,True
2023-11-16,Smith's Bar,Jameson,0.0,86.88857142857144,510,420.0,0.0,0.0,False
2023-11-17,Smith's Bar,Jameson,0.0,86.88857142857144,510,540.0,0.0,0.0,False
2023-11-18,Smith's Bar,Jameson,0.0,86.88857142857144,510,540.0,0.0,0.0,False
2023-11-19,Smith's Bar,Jameson,533.67,86.88857142857144,510,6.330000000000041,503.66999999999996,0.0,False
2023-11-20,Smith's Bar,Jameson,503.17,163.12714285714284,690,0.0,186.33000000000004,496.84,True
2023-11-21,Smith's Bar,Jameson,0.0,235.00857142857143,810,503.66999999999996,120.0,0.0,False
2023-11-22,Smith's Bar,Jameson,0.0,164.95428571428573,690,690.0,0.0,0.0,False
2023-11-23,Smith's Bar,Jameson,0.0,148.11999999999998,660,810.0,0.0,0.0,False
2023-11-24,Smith's Bar,Jameson,0.0,148.11999999999998,660,810.0,0.0,0.0,False
2023-11-25,Smith's Bar,Jameson,0.0,148.11999999999998,660,810.0,0.0,0.0,False
2023-11-26,Smith's Bar,Jameson,188.23,148.11999999999998,660,621.77,38.23000000000002,0.0,False
2023-11-27,Smith's Bar,Jameson,0.0,98.77142857142857,540,621.77,0.0,0.0,False
2023-11-28,Smith's Bar,Jameson,0.0,26.889999999999997,390,660.0,0.0,0.0,False
2023-11-29,Smith's Bar,Jameson,0.0,26.889999999999997,390,660.0,0.0,0.0,False
2023-11-30,Smith's Bar,Jameson,0.0,26.889999999999997,390,660.0,0.0,0.0,False
2023-12-01,Smith's Bar,Jameson,0.0,26.889999999999997,390,660.0,0.0,0.0,False
2023-12-02,Smith's Bar,Jameson,0.0,26.889999999999997,390,660.0,0.0,0.0,False
2023-12-03,Smith's Bar,Jameson,0.0,26.889999999999997,390,660.0,0.0,0.0,False
2023-12-04,Smith's Bar,Jameson,0.0,0.0,360,660.0,0.0,0.0,False
2023-12-05,Smith's Bar,Jameson,114.28,0.0,360,545.72,0.0,0.0,False
2023-12-06,Smith's Bar,Jameson,0.0,16.325714285714287,390,545.72,0.0,0.0,False
2023-12-07,Smith's Bar,Jameson,0.0,16.325714285714287,390,545.72,0.0,0.0,False
2023-12-08,Smith's Bar,Jameson,213.17,16.325714285714287,390,332.55000000000007,57.44999999999993,0.0,False
2023-12-09,Smith's Bar,Jameson,0.0,46.778571428571425,450,332.55000000000007,60.0,0.0,False
2023-12-10,Smith's Bar,Jameson,0.0,46.778571428571425,450,390.0,0.0,0.0,False
2023-12-11,Smith's Bar,Jameson,0.0,46.778571428571425,450,450.0,0.0,0.0,False
2023-12-12,Smith's Bar,Jameson,595.63,46.778571428571425,450,0.0,450.0,145.63,True
2023-12-13,Smith's Bar,Jameson,0.0,115.54285714285713,570,0.0,120.0,0.0,False
2023-12-14,Smith's Bar,Jameson,162.5,115.54285714285713,570,287.5,162.5,0.0,False
2023-12-15,Smith's Bar,Jameson,494.94,138.75714285714284,630,0.0,467.5,87.44,True
2023-12-16,Smith's Bar,Jameson,0.0,179.01,720,162.5,90.0,0.0,False
2023-12-17,Smith's Bar,Jameson,0.0,179.01,720,630.0,0.0,0.0,False
2023-12-18,Smith's Bar,Jameson,0.0,179.01,720,720.0,0.0,0.0,False
2023-12-19,Smith's Bar,Jameson,0.0,179.01,720,720.0,0.0,0.0,False
2023-12-20,Smith's Bar,Jameson,0.0,93.92,540,720.0,0.0,0.0,False
2023-12-21,Smith's Bar,Jameson,0.0,93.92,540,720.0,0.0,0.0,False
2023-12-22,Smith's Bar,Jameson,0.0,70.70571428571428,480,720.0,0.0,0.0,False
2023-12-23,Smith's Bar,Jameson,0.0,0.0,360,720.0,0.0,0.0,False
2023-12-24,Smith's Bar,Jameson,477.52,0.0,360,242.48000000000002,117.51999999999998,0.0,False
2023-12-25,Smith's Bar,Jameson,0.0,68.21714285714286,480,242.48000000000002,120.0,0.0,False
2023-12-26,Smith's Bar,Jameson,0.0,68.21714285714286,480,360.0,0.0,0.0,False
2023-12-27,Smith's Bar,Jameson,0.0,68.21714285714286,480,480.0,0.0,0.0,False
2023-12-28,Smith's Bar,Jameson,0.0,68.21714285714286,480,480.0,0.0,0.0,False
2023-12-29,Smith's Bar,Jameson,0.0,68.21714285714286,480,480.0,0.0,0.0,False
2023-12-30,Smith's Bar,Jameson,0.0,68.21714285714286,480,480.0,0.0,0.0,False
2023-12-31,Smith's Bar,Jameson,400.73,68.21714285714286,480,79.26999999999998,400.73,0.0,False
2024-01-01,Smith's Bar,Jameson,0.0,57.24714285714286,450,79.26999999999998,0.0,0.0,False
2023-10-21,Smith's Bar,Jim Beam,0.0,96.79625,570,570.0,0.0,0.0,False
2023-10-22,Smith's Bar,Jim Beam,0.0,39.041250000000005,450,570.0,0.0,0.0,False
2023-10-23,Smith's Bar,Jim Beam,0.0,42.61,480,570.0,0.0,0.0,False
2023-10-24,Smith's Bar,Jim Beam,288.19,41.01875,480,281.81,198.19,0.0,False
2023-10-25,Smith's Bar,Jim Beam,0.0,98.345,570,281.81,90.0,0.0,False
2023-10-26,Smith's Bar,Jim Beam,0.0,46.80875,480,480.0,0.0,0.0,False
2023-10-27,Smith's Bar,Jim Beam,0.0,65.64375000000001,510,570.0,0.0,0.0,False
2023-10-28,Smith's Bar,Jim Beam,0.0,96.79625,570,570.0,0.0,0.0,False
2023-10-29,Smith's Bar,Jim Beam,0.0,39.041250000000005,450,570.0,0.0,0.0,False
2023-10-30,Smith's Bar,Jim Beam,0.0,42.61,480,570.0,0.0,0.0,False
2023-10-31,Smith's Bar,Jim Beam,229.94,77.0425,540,340.06,199.94,0.0,False
2023-11-01,Smith's Bar,Jim Beam,0.0,98.345,570,340.06,30.0,0.0,False
2023-11-02,Smith's Bar,Jim Beam,156.77,46.80875,480,383.23,66.76999999999998,0.0,False
2023-11-03,Smith's Bar,Jim Beam,0.0,41.825,480,413.23,0.0,0.0,False
2023-11-04,Smith's Bar,Jim Beam,492.54,96.79625,570,0.0,570.0,12.54000000000002,True
2023-11-05,Smith's Bar,Jim Beam,338.99,39.041250000000005,450,0.0,0.0,338.99,True
2023-11-06,Smith's Bar,Jim Beam,0.0,42.61,480,570.0,0.0,0.0,False
2023-11-07,Smith's Bar,Jim Beam,0.0,105.785,600,570.0,30.0,0.0,False
2023-11-08,Smith's Bar,Jim Beam,0.0,98.345,570,570.0,0.0,0.0,False
2023-11-09,Smith's Bar,Jim Beam,0.0,66.405,510,600.0,0.0,0.0,False
2023-11-10,Smith's Bar,Jim Beam,0.0,41.825,480,600.0,0.0,0.0,False
2023-11-11,Smith's Bar,Jim Beam,516.67,115.17,630,83.33000000000004,546.67,0.0,False
2023-11-12,Smith's Bar,Jim Beam,0.0,81.415,540,83.33000000000004,0.0,0.0,False
2023-11-13,Smith's Bar,Jim Beam,0.0,42.61,480,630.0,0.0,0.0,False
2023-11-14,Smith's Bar,Jim Beam,0.0,105.785,600,630.0,0.0,0.0,False
2023-11-15,Smith's Bar,Jim Beam,0.0,49.0725,480,630.0,0.0,0.0,False
2023-11-16,Smith's Bar,Jim Beam,127.42,66.405,510,502.58,7.420000000000016,0.0,False
2023-11-17,Smith's Bar,Jim Beam,0.0,41.825,480,502.58,0.0,0.0,False
2023-11-18,Smith's Bar,Jim Beam,479.64,179.75375,750,30.360000000000014,719.64,0.0,False
2023-11-19,Smith's Bar,Jim Beam,0.0,65.34125,510,30.360000000000014,0.0,0.0,False
2023-11-20,Smith's Bar,Jim Beam,0.0,0.0,390,750.0,0.0,0.0,False
2023-11-21,Smith's Bar,Jim Beam,0.0,105.785,600,750.0,0.0,0.0,False
2023-11-22,Smith's Bar,Jim Beam,0.0,49.0725,480,750.0,0.0,0.0,False
2023-11-23,Smith's Bar,Jim Beam,0.0,82.33250000000001,540,750.0,0.0,0.0,False
2023-11-24,Smith's Bar,Jim Beam,0.0,41.825,480,750.0,0.0,0.0,False
2023-11-25,Smith's Bar,Jim Beam,0.0,239.70874999999998,870,750.0,120.0,0.0,False
2023-11-26,Smith's Bar,Jim Beam,0.0,65.34125,510,750.0,0.0,0.0,False
2023-11-27,Smith's Bar,Jim Beam,0.0,0.0,390,870.0,0.0,0.0,False
2023-11-28,Smith's Bar,Jim Beam,0.0,105.785,600,870.0,0.0,0.0,False
2023-11-29,Smith's Bar,Jim Beam,0.0,0.0,390,870.0,0.0,0.0,False
2023-11-30,Smith's Bar,Jim Beam,0.0,82.33250000000001,540,870.0,0.0,0.0,False
2023-12-01,Smith's Bar,Jim Beam,0.0,41.825,480,870.0,0.0,0.0,False
2023-12-02,Smith's Bar,Jim Beam,0.0,239.70874999999998,870,870.0,0.0,0.0,False
2023-12-03,Smith's Bar,Jim Beam,0.0,42.37375,480,870.0,0.0,0.0,False
2023-12-04,Smith's Bar,Jim Beam,0.0,0.0,390,870.0,0.0,0.0,False
2023-12-05,Smith's Bar,Jim Beam,0.0,80.63875,540,870.0,0.0,0.0,False
2023-12-06,Smith's Bar,Jim Beam,0.0,0.0,390,870.0,0.0,0.0,False
2023-12-07,Smith's Bar,Jim Beam,0.0,35.52375,450,870.0,0.0,0.0,False
2023-12-08,Smith's Bar,Jim Beam,0.0,0.0,390,870.0,0.0,0.0,False
2023-12-09,Smith's Bar,Jim Beam,0.0,239.70875,870,870.0,0.0,0.0,False
2023-12-10,Smith's Bar,Jim Beam,0.0,42.37375,480,870.0,0.0,0.0,False
2023-12-11,Smith's Bar,Jim Beam,426.82,0.0,390,443.18,0.0,0.0,False
2023-12-12,Smith's Bar,Jim Beam,0.0,80.63875,540,443.18,96.82,0.0,False
2023-12-13,Smith's Bar,Jim Beam,0.0,0.0,390,443.18,0.0,0.0,False
2023-12-14,Smith's Bar,Jim Beam,0.0,35.52375,450,540.0,0.0,0.0,False
2023-12-15,Smith's Bar,Jim Beam,0.0,0.0,390,540.0,0.0,0.0,False
2023-12-16,Smith's Bar,Jim Beam,0.0,186.10625,750,540.0,210.0,0.0,False
2023-12-17,Smith's Bar,Jim Beam,0.0,42.37375,480,540.0,0.0,0.0,False
2023-12-18,Smith's Bar,Jim Beam,0.0,53.3525,480,750.0,0.0,0.0,False
2023-12-19,Smith's Bar,Jim Beam,0.0,64.76625,510,750.0,0.0,0.0,False
2023-12-20,Smith's Bar,Jim Beam,0.0,0.0,390,750.0,0.0,0.0,False
2023-12-21,Smith's Bar,Jim Beam,0.0,35.52375,450,750.0,0.0,0.0,False
2023-12-22,Smith's Bar,Jim Beam,0.0,0.0,390,750.0,0.0,0.0,False
2023-12-23,Smith's Bar,Jim Beam,130.11,186.10625,750,619.89,130.11,0.0,False
2023-12-24,Smith's Bar,Jim Beam,0.0,42.37375,480,619.89,0.0,0.0,False
2023-12-25,Smith's Bar,Jim Beam,0.0,53.3525,480,750.0,0.0,0.0,False
2023-12-26,Smith's Bar,Jim Beam,0.0,28.7425,450,750.0,0.0,0.0,False
2023-12-27,Smith's Bar,Jim Beam,0.0,0.0,390,750.0,0.0,0.0,False
2023-12-28,Smith's Bar,Jim Beam,0.0,35.52375,450,750.0,0.0,0.0,False
2023-12-29,Smith's Bar,Jim Beam,0.0,0.0,390,750.0,0.0,0.0,False
2023-12-30,Smith's Bar,Jim Beam,0.0,202.37,780,750.0,30.0,0.0,False
2023-12-31,Smith's Bar,Jim Beam,0.0,42.37375,480,750.0,0.0,0.0,False
2024-01-01,Smith's Bar,Jim Beam,0.0,53.3525,480,780.0,0.0,0.0,False
2023-10-21,Smith's Bar,Malibu,259.73,35.747142857142855,480,220.26999999999998,259.73,0.0,False
2023-10-22,Smith's Bar,Malibu,0.0,72.85142857142857,540,220.26999999999998,60.0,0.0,False
2023-10-23,Smith's Bar,Malibu,351.82,37.104285714285716,480,128.18,291.82,0.0,False
2023-10-24,Smith's Bar,Malibu,0.0,87.36428571428571,570,188.18,90.0,0.0,False
2023-10-25,Smith's Bar,Malibu,0.0,87.36428571428571,570,480.0,0.0,0.0,False
2023-10-26,Smith's Bar,Malibu,0.0,87.36428571428571,570,570.0,0.0,0.0,False
2023-10-27,Smith's Bar,Malibu,109.86,87.36428571428571,570,460.14,109.86000000000001,0.0,False
2023-10-28,Smith's Bar,Malibu,0.0,103.05857142857143,600,460.14,30.0,0.0,False
2023-10-29,Smith's Bar,Malibu,0.0,65.95428571428572,540,570.0,0.0,0.0,False
2023-10-30,Smith's Bar,Malibu,112.42,65.95428571428572,540,487.58,52.420000000000016,0.0,False
2023-10-31,Smith's Bar,Malibu,0.0,31.754285714285714,480,487.58,0.0,0.0,False
2023-11-01,Smith's Bar,Malibu,0.0,31.754285714285714,480,540.0,0.0,0.0,False
2023-11-02,Smith's Bar,Malibu,0.0,31.754285714285714,480,540.0,0.0,0.0,False
2023-11-03,Smith's Bar,Malibu,0.0,31.754285714285714,480,540.0,0.0,0.0,False
2023-11-04,Smith's Bar,Malibu,0.0,16.06,450,540.0,0.0,0.0,False
2023-11-05,Smith's Bar,Malibu,0.0,16.06,450,540.0,0.0,0.0,False
2023-11-06,Smith's Bar,Malibu,0.0,16.06,450,540.0,0.0,0.0,False
2023-11-07,Smith's Bar,Malibu,190.22,0.0,420,349.78,70.22000000000003,0.0,False
2023-11-08,Smith's Bar,Malibu,0.0,27.174285714285713,450,349.78,30.0,0.0,False
2023-11-09,Smith's Bar,Malibu,0.0,27.174285714285713,450,420.0,0.0,0.0,False
2023-11-10,Smith's Bar,Malibu,0.0,27.174285714285713,450,450.0,0.0,0.0,False
2023-11-11,Smith's Bar,Malibu,0.0,27.174285714285713,450,450.0,0.0,0.0,False
2023-11-12,Smith's Bar,Malibu,0.0,27.174285714285713,450,450.0,0.0,0.0,False
2023-11-13,Smith's Bar,Malibu,0.0,27.174285714285713,450,450.0,0.0,0.0,False
2023-11-14,Smith's Bar,Malibu,0.0,27.174285714285713,450,450.0,0.0,0.0,False
2023-11-15,Smith's Bar,Malibu,0.0,0.0,420,450.0,0.0,0.0,False
2023-11-16,Smith's Bar,Malibu,0.0,0.0,420,450.0,0.0,0.0,False
2023-11-17,Smith's Bar,Malibu,0.0,0.0,420,450.0,0.0,0.0,False
2023-11-18,Smith's Bar,Malibu,0.0,0.0,420,450.0,0.0,0.0,False
2023-11-19,Smith's Bar,Malibu,0.0,0.0,420,450.0,0.0,0.0,False
2023-11-20,Smith's Bar,Malibu,512.96,0.0,420,0.0,420.0,62.960000000000036,True
2023-11-21,Smith's Bar,Malibu,0.0,73.28,570,0.0,150.0,0.0,False
2023-11-22,Smith's Bar,Malibu,0.0,73.28,570,420.0,0.0,0.0,False
2023-11-23,Smith's Bar,Malibu,0.0,73.28,570,570.0,0.0,0.0,False
2023-11-24,Smith's Bar,Malibu,0.0,73.28,570,570.0,0.0,0.0,False
2023-11-25,Smith's Bar,Malibu,0.0,73.28,570,570.0,0.0,0.0,False
2023-11-26,Smith's Bar,Malibu,0.0,73.28,570,570.0,0.0,0.0,False
2023-11-27,Smith's Bar,Malibu,0.0,73.28,570,570.0,0.0,0.0,False
2023-11-28,Smith's Bar,Malibu,0.0,0.0,420,570.0,0.0,0.0,False
2023-11-29,Smith's Bar,Malibu,596.46,0.0,420,0.0,420.0,26.460000000000036,True
2023-11-30,Smith's Bar,Malibu,0.0,85.20857142857143,570,0.0,150.0,0.0,False
2023-12-01,Smith's Bar,Malibu,0.0,85.20857142857143,570,420.0,0.0,0.0,False
2023-12-02,Smith's Bar,Malibu,0.0,85.20857142857143,570,570.0,0.0,0.0,False
2023-12-03,Smith's Bar,Malibu,110.11,85.20857142857143,570,459.89,110.11000000000001,0.0,False
2023-12-04,Smith's Bar,Malibu,299.69,100.93857142857144,600,160.2,329.69,0.0,False
2023-12-05,Smith's Bar,Malibu,252.46,143.75142857142856,690,17.849999999999994,342.46000000000004,0.0,False
2023-12-06,Smith's Bar,Malibu,176.67,179.81714285714287,780,170.86999999999998,266.66999999999996,0.0,False
2023-12-07,Smith's Bar,Malibu,0.0,119.84714285714286,660,513.33,0.0,0.0,False
2023-12-08,Smith's Bar,Malibu,0.0,119.84714285714286,660,780.0,0.0,0.0,False
2023-12-09,Smith's Bar,Malibu,0.0,119.84714285714286,660,780.0,0.0,0.0,False
2023-12-10,Smith's Bar,Malibu,0.0,119.84714285714286,660,780.0,0.0,0.0,False
2023-12-11,Smith's Bar,Malibu,0.0,104.11714285714285,630,780.0,0.0,0.0,False
2023-12-12,Smith's Bar,Malibu,0.0,61.30428571428571,540,780.0,0.0,0.0,False
2023-12-13,Smith's Bar,Malibu,0.0,25.238571428571426,450,780.0,0.0,0.0,False
2023-12-14,Smith's Bar,Malibu,0.0,0.0,420,780.0,0.0,0.0,False
2023-12-15,Smith's Bar,Malibu,0.0,0.0,420,780.0,0.0,0.0,False
2023-12-16,Smith's Bar,Malibu,0.0,0.0,420,780.0,0.0,0.0,False
2023-12-17,Smith's Bar,Malibu,0.0,0.0,420,780.0,0.0,0.0,False
2023-12-18,Smith's Bar,Malibu,0.0,0.0,420,780.0,0.0,0.0,False
2023-12-19,Smith's Bar,Malibu,0.0,0.0,420,780.0,0.0,0.0,False
2023-12-20,Smith's Bar,Malibu,0.0,0.0,420,780.0,0.0,0.0,False
2023-12-21,Smith's Bar,Malibu,0.0,0.0,420,780.0,0.0,0.0,False
2023-12-22,Smith's Bar,Malibu,0.0,0.0,420,780.0,0.0,0.0,False
2023-12-23,Smith's Bar,Malibu,0.0,0.0,420,780.0,0.0,0.0,False
2023-12-24,Smith's Bar,Malibu,0.0,0.0,420,780.0,0.0,0.0,False
2023-12-25,Smith's Bar,Malibu,0.0,0.0,420,780.0,0.0,0.0,False
2023-12-26,Smith's Bar,Malibu,0.0,0.0,420,780.0,0.0,0.0,False
2023-12-27,Smith's Bar,Malibu,356.07,0.0,420,423.93,0.0,0.0,False
2023-12-28,Smith's Bar,Malibu,523.89,50.86714285714286,510,0.0,510.0,99.95999999999998,True
2023-12-29,Smith's Bar,Malibu,576.4,125.70857142857143,660,0.0,150.0,576.4,True
2023-12-30,Smith's Bar,Malibu,0.0,208.0514285714286,810,510.0,150.0,0.0,False
2023-12-31,Smith's Bar,Malibu,0.0,208.0514285714286,810,660.0,0.0,0.0,False
2024-01-01,Smith's Bar,Malibu,0.0,208.0514285714286,810,810.0,0.0,0.0,False
2023-10-21,Smith's Bar,Miller,0.0,0.0,360,360.0,0.0,0.0,False
2023-10-22,Smith's Bar,Miller,0.0,123.77125,600,360.0,240.0,0.0,False
2023-10-23,Smith's Bar,Miller,0.0,39.493750000000006,450,360.0,0.0,0.0,False
2023-10-24,Smith's Bar,Miller,0.0,38.5675,450,600.0,0.0,0.0,False
2023-10-25,Smith's Bar,Miller,0.0,223.2725,810,600.0,210.0,0.0,False
2023-10-26,Smith's Bar,Miller,0.0,20.79875,390,600.0,0.0,0.0,False
2023-10-27,Smith's Bar,Miller,0.0,21.23125,390,810.0,0.0,0.0,False
2023-10-28,Smith's Bar,Miller,0.0,0.0,360,810.0,0.0,0.0,False
2023-10-29,Smith's Bar,Miller,0.0,54.8675,480,810.0,0.0,0.0,False
2023-10-30,Smith's Bar,Miller,0.0,39.493750000000006,450,810.0,0.0,0.0,False
2023-10-31,Smith's Bar,Miller,0.0,38.5675,450,810.0,0.0,0.0,False
2023-11-01,Smith's Bar,Miller,0.0,149.86625,660,810.0,0.0,0.0,False
2023-11-02,Smith's Bar,Miller,0.0,0.0,360,810.0,0.0,0.0,False
2023-11-03,Smith's Bar,Miller,0.0,21.23125,390,810.0,0.0,0.0,False
2023-11-04,Smith's Bar,Miller,0.0,0.0,360,810.0,0.0,0.0,False
2023-11-05,Smith's Bar,Miller,0.0,54.8675,480,810.0,0.0,0.0,False
2023-11-06,Smith's Bar,Miller,0.0,39.493750000000006,450,810.0,0.0,0.0,False
2023-11-07,Smith's Bar,Miller,0.0,38.5675,450,810.0,0.0,0.0,False
2023-11-08,Smith's Bar,Miller,0.0,149.86625,660,810.0,0.0,0.0,False
2023-11-09,Smith's Bar,Miller,0.0,0.0,360,810.0,0.0,0.0,False
2023-11-10,Smith's Bar,Miller,294.73,21.23125,390,515.27,0.0,0.0,False
2023-11-11,Smith's Bar,Miller,275.38,0.0,360,239.89,120.11000000000001,0.0,False
2023-11-12,Smith's Bar,Miller,0.0,26.145,420,239.89,60.0,0.0,False
2023-11-13,Smith's Bar,Miller,0.0,39.493750000000006,450,360.0,30.0,0.0,False
2023-11-14,Smith's Bar,Miller,490.41,38.5675,450,0.0,420.0,70.41000000000003,True
2023-11-15,Smith's Bar,Miller,0.0,149.86625,660,30.0,210.0,0.0,False
2023-11-16,Smith's Bar,Miller,0.0,0.0,360,450.0,0.0,0.0,False
2023-11-17,Smith's Bar,Miller,0.0,58.072500000000005,480,660.0,0.0,0.0,False
2023-11-18,Smith's Bar,Miller,0.0,34.4225,420,660.0,0.0,0.0,False
2023-11-19,Smith's Bar,Miller,0.0,26.145,420,660.0,0.0,0.0,False
2023-11-20,Smith's Bar,Miller,0.0,39.493750000000006,450,660.0,0.0,0.0,False
2023-11-21,Smith's Bar,Miller,0.0,99.86875,570,660.0,0.0,0.0,False
2023-11-22,Smith's Bar,Miller,0.0,149.86625,660,660.0,0.0,0.0,False
2023-11-23,Smith's Bar,Miller,0.0,0.0,360,660.0,0.0,0.0,False
2023-11-24,Smith's Bar,Miller,0.0,58.072500000000005,480,660.0,0.0,0.0,False
2023-11-25,Smith's Bar,Miller,0.0,34.4225,420,660.0,0.0,0.0,False
2023-11-26,Smith's Bar,Miller,0.0,26.145,420,660.0,0.0,0.0,False
2023-11-27,Smith's Bar,Miller,0.0,39.493750000000006,450,660.0,0.0,0.0,False
2023-11-28,Smith's Bar,Miller,0.0,99.86875,570,660.0,0.0,0.0,False
2023-11-29,Smith's Bar,Miller,0.0,112.55250000000001,600,660.0,0.0,0.0,False
2023-11-30,Smith's Bar,Miller,0.0,0.0,360,660.0,0.0,0.0,False
2023-12-01,Smith's Bar,Miller,0.0,36.84125,450,660.0,0.0,0.0,False
2023-12-02,Smith's Bar,Miller,0.0,34.4225,420,660.0,0.0,0.0,False
2023-12-03,Smith's Bar,Miller,0.0,26.145,420,660.0,0.0,0.0,False
2023-12-04,Smith's Bar,Miller,0.0,19.3775,390,660.0,0.0,0.0,False
2023-12-05,Smith's Bar,Miller,0.0,99.86875,570,660.0,0.0,0.0,False
2023-12-06,Smith's Bar,Miller,0.0,112.55250000000001,600,660.0,0.0,0.0,False
2023-12-07,Smith's Bar,Miller,0.0,0.0,360,660.0,0.0,0.0,False
2023-12-08,Smith's Bar,Miller,0.0,36.84125,450,660.0,0.0,0.0,False
2023-12-09,Smith's Bar,Miller,0.0,34.4225,420,660.0,0.0,0.0,False
2023-12-10,Smith's Bar,Miller,162.28,0.0,360,497.72,0.0,0.0,False
2023-12-11,Smith's Bar,Miller,0.0,19.3775,390,497.72,0.0,0.0,False
2023-12-12,Smith's Bar,Miller,196.23,99.86875,570,301.49,268.51,0.0,False
2023-12-13,Smith's Bar,Miller,585.25,60.88,480,0.0,211.49,283.76,True
2023-12-14,Smith's Bar,Miller,0.0,0.0,360,268.51,0.0,0.0,False
2023-12-15,Smith's Bar,Miller,0.0,36.84125,450,480.0,0.0,0.0,False
2023-12-16,Smith's Bar,Miller,165.16,34.4225,420,314.84000000000003,105.15999999999997,0.0,False
2023-12-17,Smith's Bar,Miller,0.0,20.285,390,314.84000000000003,0.0,0.0,False
2023-12-18,Smith's Bar,Miller,0.0,0.0,360,420.0,0.0,0.0,False
2023-12-19,Smith's Bar,Miller,0.0,85.83,540,420.0,120.0,0.0,False
2023-12-20,Smith's Bar,Miller,437.32,73.15625,510,0.0,390.0,17.319999999999993,True
2023-12-21,Smith's Bar,Miller,0.0,0.0,360,120.0,0.0,0.0,False
2023-12-22,Smith's Bar,Miller,0.0,36.84125,450,510.0,0.0,0.0,False
2023-12-23,Smith's Bar,Miller,0.0,55.067499999999995,480,510.0,0.0,0.0,False
2023-12-24,Smith's Bar,Miller,0.0,20.285,390,510.0,0.0,0.0,False
2023-12-25,Smith's Bar,Miller,0.0,0.0,360,510.0,0.0,0.0,False
2023-12-26,Smith's Bar,Miller,0.0,85.83,540,510.0,30.0,0.0,False
2023-12-27,Smith's Bar,Miller,0.0,127.82124999999999,630,510.0,90.0,0.0,False
2023-12-28,Smith's Bar,Miller,0.0,0.0,360,540.0,0.0,0.0,False
2023-12-29,Smith's Bar,Miller,0.0,36.84125,450,630.0,0.0,0.0,False
2023-12-30,Smith's Bar,Miller,0.0,55.067499999999995,480,630.0,0.0,0.0,False
2023-12-31,Smith's Bar,Miller,0.0,20.285,390,630.0,0.0,0.0,False
2024-01-01,Smith's Bar,Miller,0.0,0.0,360,630.0,0.0,0.0,False
2023-10-21,Smith's Bar,Smirnoff,0.0,0.0,330,330.0,0.0,0.0,False
2023-10-22,Smith's Bar,Smirnoff,0.0,0.0,330,330.0,0.0,0.0,False
2023-10-23,Smith's Bar,Smirnoff,0.0,0.0,330,330.0,0.0,0.0,False
2023-10-24,Smith's Bar,Smirnoff,0.0,0.0,330,330.0,0.0,0.0,False
2023-10-25,Smith's Bar,Smirnoff,0.0,0.0,330,330.0,0.0,0.0,False
2023-10-26,Smith's Bar,Smirnoff,0.0,0.0,330,330.0,0.0,0.0,False
2023-10-27,Smith's Bar,Smirnoff,0.0,0.0,330,330.0,0.0,0.0,False
2023-10-28,Smith's Bar,Smirnoff,0.0,0.0,330,330.0,0.0,0.0,False
2023-10-29,Smith's Bar,Smirnoff,234.28,0.0,330,95.72,234.28,0.0,False
2023-10-30,Smith's Bar,Smirnoff,0.0,33.46857142857143,390,95.72,60.0,0.0,False
2023-10-31,Smith's Bar,Smirnoff,0.0,33.46857142857143,390,330.0,0.0,0.0,False
2023-11-01,Smith's Bar,Smirnoff,0.0,33.46857142857143,390,390.0,0.0,0.0,False
2023-11-02,Smith's Bar,Smirnoff,0.0,33.46857142857143,390,390.0,0.0,0.0,False
2023-11-03,Smith's Bar,Smirnoff,0.0,33.46857142857143,390,390.0,0.0,0.0,False
2023-11-04,Smith's Bar,Smirnoff,0.0,33.46857142857143,390,390.0,0.0,0.0,False
2023-11-05,Smith's Bar,Smirnoff,0.0,33.46857142857143,390,390.0,0.0,0.0,False
2023-11-06,Smith's Bar,Smirnoff,0.0,0.0,330,390.0,0.0,0.0,False
2023-11-07,Smith's Bar,Smirnoff,0.0,0.0,330,390.0,0.0,0.0,False
2023-11-08,Smith's Bar,Smirnoff,0.0,0.0,330,390.0,0.0,0.0,False
2023-11-09,Smith's Bar,Smirnoff,535.02,0.0,330,0.0,330.0,145.01999999999998,True
2023-11-10,Smith's Bar,Smirnoff,0.0,76.43142857142857,480,0.0,150.0,0.0,False
2023-11-11,Smith's Bar,Smirnoff,0.0,76.43142857142857,480,330.0,0.0,0.0,False
2023-11-12,Smith's Bar,Smirnoff,0.0,76.43142857142857,480,480.0,0.0,0.0,False
2023-11-13,Smith's Bar,Smirnoff,0.0,76.43142857142857,480,480.0,0.0,0.0,False
2023-11-14,Smith's Bar,Smirnoff,0.0,76.43142857142857,480,480.0,0.0,0.0,False
2023-11-15,Smith's Bar,Smirnoff,0.0,76.43142857142857,480,480.0,0.0,0.0,False
2023-11-16,Smith's Bar,Smirnoff,0.0,76.43142857142857,480,480.0,0.0,0.0,False
2023-11-17,Smith's Bar,Smirnoff,0.0,0.0,330,480.0,0.0,0.0,False
2023-11-18,Smith's Bar,Smirnoff,497.06,0.0,330,0.0,330.0,17.060000000000002,True
2023-11-19,Smith's Bar,Smirnoff,182.5,71.00857142857143,450,0.0,120.0,182.5,True
2023-11-20,Smith's Bar,Smirnoff,490.52,97.08,510,0.0,390.0,160.51999999999998,True
2023-11-21,Smith's Bar,Smirnoff,0.0,167.1542857142857,660,120.0,150.0,0.0,False
2023-11-22,Smith's Bar,Smirnoff,0.0,167.1542857142857,660,510.0,0.0,0.0,False
2023-11-23,Smith's Bar,Smirnoff,0.0,167.1542857142857,660,660.0,0.0,0.0,False
2023-11-24,Smith's Bar,Smirnoff,0.0,167.1542857142857,660,660.0,0.0,0.0,False
2023-11-25,Smith's Bar,Smirnoff,0.0,167.1542857142857,660,660.0,0.0,0.0,False
2023-11-26,Smith's Bar,Smirnoff,0.0,96.14571428571428,510,660.0,0.0,0.0,False
2023-11-27,Smith's Bar,Smirnoff,211.98,70.07428571428571,450,448.02,1.9800000000000182,0.0,False
2023-11-28,Smith's Bar,Smirnoff,0.0,30.282857142857143,390,448.02,0.0,0.0,False
2023-11-29,Smith's Bar,Smirnoff,0.0,30.282857142857143,390,450.0,0.0,0.0,False
2023-11-30,Smith's Bar,Smirnoff,0.0,30.282857142857143,390,450.0,0.0,0.0,False
2023-12-01,Smith's Bar,Smirnoff,221.37,30.282857142857143,390,228.63,161.37,0.0,False
2023-12-02,Smith's Bar,Smirnoff,0.0,61.90714285714286,450,228.63,60.0,0.0,False
2023-12-03,Smith's Bar,Smirnoff,0.0,61.90714285714286,450,390.0,0.0,0.0,False
2023-12-04,Smith's Bar,Smirnoff,0.0,61.90714285714286,450,450.0,0.0,0.0,False
2023-12-05,Smith's Bar,Smirnoff,0.0,31.624285714285715,390,450.0,0.0,0.0,False
2023-12-06,Smith's Bar,Smirnoff,387.82,31.624285714285715,390,62.18000000000001,327.82,0.0,False
2023-12-07,Smith's Bar,Smirnoff,0.0,87.02714285714286,510,62.18000000000001,120.0,0.0,False
2023-12-08,Smith's Bar,Smirnoff,0.0,87.02714285714286,510,390.0,0.0,0.0,False
2023-12-09,Smith's Bar,Smirnoff,0.0,55.402857142857144,420,510.0,0.0,0.0,False
2023-12-10,Smith's Bar,Smirnoff,0.0,55.402857142857144,420,510.0,0.0,0.0,False
2023-12-11,Smith's Bar,Smirnoff,0.0,55.402857142857144,420,510.0,0.0,0.0,False
2023-12-12,Smith's Bar,Smirnoff,0.0,55.402857142857144,420,510.0,0.0,0.0,False
2023-12-13,Smith's Bar,Smirnoff,0.0,55.402857142857144,420,510.0,0.0,0.0,False
2023-12-14,Smith's Bar,Smirnoff,342.12,0.0,330,167.88,162.12,0.0,False
2023-12-15,Smith's Bar,Smirnoff,0.0,48.87428571428571,420,167.88,90.0,0.0,False
2023-12-16,Smith's Bar,Smirnoff,0.0,48.87428571428571,420,330.0,0.0,0.0,False
2023-12-17,Smith's Bar,Smirnoff,567.63,48.87428571428571,420,0.0,420.0,147.63,True
2023-12-18,Smith's Bar,Smirnoff,237.68,129.96428571428572,570,0.0,150.0,237.68,True
2023-12-19,Smith's Bar,Smirnoff,0.0,163.91857142857143,660,420.0,90.0,0.0,False
2023-12-20,Smith's Bar,Smirnoff,0.0,163.91857142857143,660,570.0,0.0,0.0,False
2023-12-21,Smith's Bar,Smirnoff,186.98,163.91857142857143,660,473.02,186.98000000000002,0.0,False
2023-12-22,Smith's Bar,Smirnoff,0.0,141.75571428571428,600,473.02,0.0,0.0,False
2023-12-23,Smith's Bar,Smirnoff,0.0,141.75571428571428,600,660.0,0.0,0.0,False
2023-12-24,Smith's Bar,Smirnoff,515.51,141.75571428571428,600,144.49,455.51,0.0,False
2023-12-25,Smith's Bar,Smirnoff,0.0,134.31,600,144.49,0.0,0.0,False
2023-12-26,Smith's Bar,Smirnoff,0.0,100.35571428571428,510,600.0,0.0,0.0,False
2023-12-27,Smith's Bar,Smirnoff,0.0,100.35571428571428,510,600.0,0.0,0.0,False
2023-12-28,Smith's Bar,Smirnoff,0.0,100.35571428571428,510,600.0,0.0,0.0,False
2023-12-29,Smith's Bar,Smirnoff,0.0,73.64428571428572,480,600.0,0.0,0.0,False
2023-12-30,Smith's Bar,Smirnoff,0.0,73.64428571428572,480,600.0,0.0,0.0,False
2023-12-31,Smith's Bar,Smirnoff,0.0,73.64428571428572,480,600.0,0.0,0.0,False
2024-01-01,Smith's Bar,Smirnoff,0.0,0.0,330,600.0,0.0,0.0,False
2023-10-21,Smith's Bar,Sutter Home,0.0,139.65375,630,630.0,0.0,0.0,False
2023-10-22,Smith's Bar,Sutter Home,0.0,0.0,330,630.0,0.0,0.0,False
2023-10-23,Smith's Bar,Sutter Home,0.0,105.7525,540,630.0,0.0,0.0,False
2023-10-24,Smith's Bar,Sutter Home,280.03,72.85,480,349.97,130.02999999999997,0.0,False
2023-10-25,Smith's Bar,Sutter Home,0.0,29.8775,390,349.97,0.0,0.0,False
2023-10-26,Smith's Bar,Sutter Home,449.51,0.0,330,30.49000000000001,299.51,0.0,False
2023-10-27,Smith's Bar,Sutter Home,0.0,54.98375,450,30.49000000000001,120.0,0.0,False
2023-10-28,Smith's Bar,Sutter Home,353.67,139.65375,630,0.0,510.0,23.670000000000016,True
2023-10-29,Smith's Bar,Sutter Home,363.52,0.0,330,0.0,0.0,243.51999999999998,True
2023-10-30,Smith's Bar,Sutter Home,0.0,81.695,510,510.0,0.0,0.0,False
2023-10-31,Smith's Bar,Sutter Home,0.0,107.85375,540,510.0,30.0,0.0,False
2023-11-01,Smith's Bar,Sutter Home,0.0,29.8775,390,510.0,0.0,0.0,False
2023-11-02,Smith's Bar,Sutter Home,410.46,56.18875,450,129.54000000000002,320.46,0.0,False
2023-11-03,Smith's Bar,Sutter Home,488.91,54.98375,450,0.0,129.54000000000002,359.37,True
2023-11-04,Smith's Bar,Sutter Home,120.3,183.86249999999998,720,200.15999999999997,390.3,0.0,False
2023-11-05,Smith's Bar,Sutter Home,0.0,45.44,420,329.7,0.0,0.0,False
2023-11-06,Smith's Bar,Sutter Home,0.0,81.695,510,720.0,0.0,0.0,False
2023-11-07,Smith's Bar,Sutter Home,0.0,107.85375,540,720.0,0.0,0.0,False
2023-11-08,Smith's Bar,Sutter Home,0.0,29.8775,390,720.0,0.0,0.0,False
2023-11-09,Smith's Bar,Sutter Home,0.0,107.49625,540,720.0,0.0,0.0,False
2023-11-10,Smith's Bar,Sutter Home,0.0,85.98875000000001,510,720.0,0.0,0.0,False
2023-11-11,Smith's Bar,Sutter Home,514.22,146.48250000000002,630,205.77999999999997,424.22,0.0,False
2023-11-12,Smith's Bar,Sutter Home,0.0,45.44,420,205.77999999999997,0.0,0.0,False
2023-11-13,Smith's Bar,Sutter Home,0.0,42.5325,420,630.0,0.0,0.0,False
2023-11-14,Smith's Bar,Sutter Home,324.09,107.85374999999999,540,305.91,234.08999999999997,0.0,False
2023-11-15,Smith's Bar,Sutter Home,0.0,29.8775,390,305.91,0.0,0.0,False
2023-11-16,Smith's Bar,Sutter Home,0.0,107.49625,540,540.0,0.0,0.0,False
2023-11-17,Smith's Bar,Sutter Home,447.45,85.98875000000001,510,92.55000000000001,417.45,0.0,False
2023-11-18,Smith's Bar,Sutter Home,0.0,210.76,750,92.55000000000001,240.0,0.0,False
2023-11-19,Smith's Bar,Sutter Home,124.61,45.44,420,385.39,0.0,0.0,False
2023-11-20,Smith's Bar,Sutter Home,0.0,42.5325,420,625.39,0.0,0.0,False
2023-11-21,Smith's Bar,Sutter Home,0.0,135.165,600,625.39,0.0,0.0,False
2023-11-22,Smith's Bar,Sutter Home,0.0,0.0,330,625.39,0.0,0.0,False
2023-11-23,Smith's Bar,Sutter Home,0.0,107.49625,540,625.39,0.0,0.0,False
2023-11-24,Smith's Bar,Sutter Home,0.0,141.92000000000002,630,625.39,4.610000000000014,0.0,False
2023-11-25,Smith's Bar,Sutter Home,156.68,210.76,750,468.71,276.68,0.0,False
2023-11-26,Smith's Bar,Sutter Home,0.0,61.01625,450,473.32,0.0,0.0,False
2023-11-27,Smith's Bar,Sutter Home,502.32,42.5325,420,247.68,172.32,0.0,False
2023-11-28,Smith's Bar,Sutter Home,0.0,135.165,600,247.68,180.0,0.0,False
2023-11-29,Smith's Bar,Sutter Home,0.0,0.0,330,420.0,0.0,0.0,False
2023-11-30,Smith's Bar,Sutter Home,0.0,107.49625,540,600.0,0.0,0.0,False
2023-12-01,Smith's Bar,Sutter Home,0.0,141.92000000000002,630,600.0,30.0,0.0,False
2023-12-02,Smith's Bar,Sutter Home,185.34,161.77625,660,414.65999999999997,215.34000000000003,0.0,False
2023-12-03,Smith's Bar,Sutter Home,0.0,61.01625,450,444.65999999999997,0.0,0.0,False
2023-12-04,Smith's Bar,Sutter Home,0.0,105.32249999999999,540,660.0,0.0,0.0,False
2023-12-05,Smith's Bar,Sutter Home,0.0,135.165,600,660.0,0.0,0.0,False
2023-12-06,Smith's Bar,Sutter Home,0.0,0.0,330,660.0,0.0,0.0,False
2023-12-07,Smith's Bar,Sutter Home,0.0,107.49625,540,660.0,0.0,0.0,False
2023-12-08,Smith's Bar,Sutter Home,0.0,141.92000000000002,630,660.0,0.0,0.0,False
2023-12-09,Smith's Bar,Sutter Home,0.0,166.27625,660,660.0,0.0,0.0,False
2023-12-10,Smith's Bar,Sutter Home,0.0,61.01625,450,660.0,0.0,0.0,False
2023-12-11,Smith's Bar,Sutter Home,0.0,62.79,450,660.0,0.0,0.0,False
2023-12-12,Smith's Bar,Sutter Home,117.73,75.51499999999999,480,542.27,0.0,0.0,False
2023-12-13,Smith's Bar,Sutter Home,0.0,0.0,330,542.27,0.0,0.0,False
2023-12-14,Smith's Bar,Sutter Home,427.24,107.49625,540,115.02999999999997,424.97,0.0,False
2023-12-15,Smith's Bar,Sutter Home,0.0,141.92000000000002,630,115.02999999999997,90.0,0.0,False
2023-12-16,Smith's Bar,Sutter Home,0.0,166.27625,660,540.0,30.0,0.0,False
2023-12-17,Smith's Bar,Sutter Home,0.0,61.01625,450,630.0,0.0,0.0,False
2023-12-18,Smith's Bar,Sutter Home,258.03,62.79,450,401.97,48.02999999999997,0.0,False
2023-12-19,Smith's Bar,Sutter Home,0.0,90.23124999999999,510,401.97,60.0,0.0,False
2023-12-20,Smith's Bar,Sutter Home,393.74,0.0,330,56.25999999999999,213.74,0.0,False
2023-12-21,Smith's Bar,Sutter Home,0.0,160.90125,660,116.25999999999999,330.0,0.0,False
2023-12-22,Smith's Bar,Sutter Home,0.0,117.045,570,330.0,0.0,0.0,False
2023-12-23,Smith's Bar,Sutter Home,0.0,166.27625,660,660.0,0.0,0.0,False
2023-12-24,Smith's Bar,Sutter Home,264.54,61.01625,450,395.46,54.54000000000002,0.0,False
2023-12-25,Smith's Bar,Sutter Home,0.0,95.04374999999999,540,395.46,90.0,0.0,False
2023-12-26,Smith's Bar,Sutter Home,0.0,55.2275,450,450.0,0.0,0.0,False
2023-12-27,Smith's Bar,Sutter Home,270.09,49.2175,450,269.91,180.08999999999997,0.0,False
2023-12-28,Smith's Bar,Sutter Home,0.0,104.7125,540,269.91,90.0,0.0,False
2023-12-29,Smith's Bar,Sutter Home,0.0,117.045,570,450.0,30.0,0.0,False
2023-12-30,Smith's Bar,Sutter Home,0.0,122.06750000000001,570,540.0,0.0,0.0,False
2023-12-31,Smith's Bar,Sutter Home,0.0,48.643750000000004,450,570.0,0.0,0.0,False
2024-01-01,Smith's Bar,Sutter Home,0.0,95.04374999999999,540,570.0,0.0,0.0,False
2023-10-21,Smith's Bar,Yellow Tail,0.0,0.0,390,390.0,0.0,0.0,False
2023-10-22,Smith's Bar,Yellow Tail,0.0,0.0,390,390.0,0.0,0.0,False
2023-10-23,Smith's Bar,Yellow Tail,0.0,0.0,390,390.0,0.0,0.0,False
2023-10-24,Smith's Bar,Yellow Tail,0.0,0.0,390,390.0,0.0,0.0,False
2023-10-25,Smith's Bar,Yellow Tail,0.0,0.0,390,390.0,0.0,0.0,False
2023-10-26,Smith's Bar,Yellow Tail,0.0,0.0,390,390.0,0.0,0.0,False
2023-10-27,Smith's Bar,Yellow Tail,538.53,0.0,390,0.0,390.0,148.52999999999997,True
2023-10-28,Smith's Bar,Yellow Tail,0.0,76.93285714285715,570,0.0,180.0,0.0,False
2023-10-29,Smith's Bar,Yellow Tail,0.0,76.93285714285715,570,390.0,0.0,0.0,False
2023-10-30,Smith's Bar,Yellow Tail,0.0,76.93285714285715,570,570.0,0.0,0.0,False
2023-10-31,Smith's Bar,Yellow Tail,0.0,76.93285714285715,570,570.0,0.0,0.0,False
2023-11-01,Smith's Bar,Yellow Tail,314.56,76.93285714285715,570,255.44,314.56,0.0,False
2023-11-02,Smith's Bar,Yellow Tail,0.0,121.86999999999999,660,255.44,90.0,0.0,False
2023-11-03,Smith's Bar,Yellow Tail,0.0,121.86999999999999,660,570.0,0.0,0.0,False
2023-11-04,Smith's Bar,Yellow Tail,0.0,44.93714285714286,480,660.0,0.0,0.0,False
2023-11-05,Smith's Bar,Yellow Tail,325.34,44.93714285714286,480,334.66,145.33999999999997,0.0,False
2023-11-06,Smith's Bar,Yellow Tail,0.0,91.41428571428571,600,334.66,120.0,0.0,False
2023-11-07,Smith's Bar,Yellow Tail,0.0,91.41428571428571,600,480.0,0.0,0.0,False
2023-11-08,Smith's Bar,Yellow Tail,0.0,91.41428571428571,600,600.0,0.0,0.0,False
2023-11-09,Smith's Bar,Yellow Tail,0.0,46.47714285714285,510,600.0,0.0,0.0,False
2023-11-10,Smith's Bar,Yellow Tail,0.0,46.47714285714285,510,600.0,0.0,0.0,False
2023-11-11,Smith's Bar,Yellow Tail,0.0,46.47714285714285,510,600.0,0.0,0.0,False
2023-11-12,Smith's Bar,Yellow Tail,0.0,46.47714285714285,510,600.0,0.0,0.0,False
2023-11-13,Smith's Bar,Yellow Tail,599.75,0.0,390,0.25,389.75,0.0,False
2023-11-14,Smith's Bar,Yellow Tail,0.0,85.67857142857143,570,0.25,180.0,0.0,False
2023-11-15,Smith's Bar,Yellow Tail,494.06,85.67857142857143,570,0.0,390.0,104.06,True
2023-11-16,Smith's Bar,Yellow Tail,0.0,156.25857142857143,720,180.0,150.0,0.0,False
2023-11-17,Smith's Bar,Yellow Tail,0.0,156.25857142857143,720,570.0,0.0,0.0,False
2023-11-18,Smith's Bar,Yellow Tail,488.79,156.25857142857143,720,231.20999999999998,488.79,0.0,False
2023-11-19,Smith's Bar,Yellow Tail,0.0,226.08571428571426,870,231.20999999999998,150.0,0.0,False
2023-11-20,Smith's Bar,Yellow Tail,0.0,226.08571428571426,870,720.0,0.0,0.0,False
2023-11-21,Smith's Bar,Yellow Tail,0.0,140.40714285714287,690,870.0,0.0,0.0,False
2023-11-22,Smith's Bar,Yellow Tail,0.0,140.40714285714287,690,870.0,0.0,0.0,False
2023-11-23,Smith's Bar,Yellow Tail,0.0,69.82714285714286,540,870.0,0.0,0.0,False
2023-11-24,Smith's Bar,Yellow Tail,0.0,69.82714285714286,540,870.0,0.0,0.0,False
2023-11-25,Smith's Bar,Yellow Tail,0.0,69.82714285714286,540,870.0,0.0,0.0,False
2023-11-26,Smith's Bar,Yellow Tail,0.0,0.0,390,870.0,0.0,0.0,False
2023-11-27,Smith's Bar,Yellow Tail,0.0,0.0,390,870.0,0.0,0.0,False
2023-11-28,Smith's Bar,Yellow Tail,195.56,0.0,390,674.44,0.0,0.0,False
2023-11-29,Smith's Bar,Yellow Tail,0.0,27.937142857142856,450,674.44,0.0,0.0,False
2023-11-30,Smith's Bar,Yellow Tail,514.37,27.937142857142856,450,160.07000000000005,289.92999999999995,0.0,False
2023-12-01,Smith's Bar,Yellow Tail,514.34,101.41857142857144,600,0.0,310.07000000000005,354.27,True
2023-12-02,Smith's Bar,Yellow Tail,0.0,174.8957142857143,750,289.92999999999995,150.0,0.0,False
2023-12-03,Smith's Bar,Yellow Tail,0.0,174.8957142857143,750,600.0,0.0,0.0,False
2023-12-04,Smith's Bar,Yellow Tail,0.0,174.8957142857143,750,750.0,0.0,0.0,False
2023-12-05,Smith's Bar,Yellow Tail,522.31,174.8957142857143,750,227.69000000000005,522.31,0.0,False
2023-12-06,Smith's Bar,Yellow Tail,0.0,221.5742857142857,840,227.69000000000005,90.0,0.0,False
2023-12-07,Smith's Bar,Yellow Tail,0.0,221.5742857142857,840,750.0,0.0,0.0,False
2023-12-08,Smith's Bar,Yellow Tail,0.0,148.09285714285716,690,840.0,0.0,0.0,False
2023-12-09,Smith's Bar,Yellow Tail,0.0,74.61571428571428,540,840.0,0.0,0.0,False
2023-12-10,Smith's Bar,Yellow Tail,0.0,74.61571428571428,540,840.0,0.0,0.0,False
2023-12-11,Smith's Bar,Yellow Tail,0.0,74.61571428571428,540,840.0,0.0,0.0,False
2023-12-12,Smith's Bar,Yellow Tail,0.0,74.61571428571428,540,840.0,0.0,0.0,False
2023-12-13,Smith's Bar,Yellow Tail,328.95,0.0,390,511.05,0.0,0.0,False
2023-12-14,Smith's Bar,Yellow Tail,0.0,46.99285714285714,510,511.05,0.0,0.0,False
2023-12-15,Smith's Bar,Yellow Tail,0.0,46.99285714285714,510,511.05,0.0,0.0,False
2023-12-16,Smith's Bar,Yellow Tail,0.0,46.99285714285714,510,511.05,0.0,0.0,False
2023-12-17,Smith's Bar,Yellow Tail,272.53,46.99285714285714,510,238.52000000000004,271.47999999999996,0.0,False
2023-12-18,Smith's Bar,Yellow Tail,0.0,85.92571428571429,570,238.52000000000004,60.0,0.0,False
2023-12-19,Smith's Bar,Yellow Tail,0.0,85.92571428571429,570,510.0,0.0,0.0,False
2023-12-20,Smith's Bar,Yellow Tail,0.0,85.92571428571429,570,570.0,0.0,0.0,False
2023-12-21,Smith's Bar,Yellow Tail,0.0,38.93285714285714,480,570.0,0.0,0.0,False
2023-12-22,Smith's Bar,Yellow Tail,0.0,38.93285714285714,480,570.0,0.0,0.0,False
2023-12-23,Smith's Bar,Yellow Tail,0.0,38.93285714285714,480,570.0,0.0,0.0,False
2023-12-24,Smith's Bar,Yellow Tail,0.0,38.93285714285714,480,570.0,0.0,0.0,False
2023-12-25,Smith's Bar,Yellow Tail,0.0,0.0,390,570.0,0.0,0.0,False
2023-12-26,Smith's Bar,Yellow Tail,0.0,0.0,390,570.0,0.0,0.0,False
2023-12-27,Smith's Bar,Yellow Tail,0.0,0.0,390,570.0,0.0,0.0,False
2023-12-28,Smith's Bar,Yellow Tail,0.0,0.0,390,570.0,0.0,0.0,False
2023-12-29,Smith's Bar,Yellow Tail,0.0,0.0,390,570.0,0.0,0.0,False
2023-12-30,Smith's Bar,Yellow Tail,0.0,0.0,390,570.0,0.0,0.0,False
2023-12-31,Smith's Bar,Yellow Tail,0.0,0.0,390,570.0,0.0,0.0,False
2024-01-01,Smith's Bar,Yellow Tail,0.0,0.0,390,570.0,0.0,0.0,False
2023-10-21,Taylor's Bar,Absolut,0.0,221.96857142857147,780,780.0,0.0,0.0,False
2023-10-22,Taylor's Bar,Absolut,0.0,221.96857142857147,780,780.0,0.0,0.0,False
2023-10-23,Taylor's Bar,Absolut,0.0,221.96857142857147,780,780.0,0.0,0.0,False
2023-10-24,Taylor's Bar,Absolut,0.0,221.96857142857147,780,780.0,0.0,0.0,False
2023-10-25,Taylor's Bar,Absolut,0.0,204.02285714285713,720,780.0,0.0,0.0,False
2023-10-26,Taylor's Bar,Absolut,0.0,134.74,600,780.0,0.0,0.0,False
2023-10-27,Taylor's Bar,Absolut,0.0,64.19857142857143,450,780.0,0.0,0.0,False
2023-10-28,Taylor's Bar,Absolut,0.0,0.0,330,780.0,0.0,0.0,False
2023-10-29,Taylor's Bar,Absolut,0.0,0.0,330,780.0,0.0,0.0,False
2023-10-30,Taylor's Bar,Absolut,0.0,0.0,330,780.0,0.0,0.0,False
2023-10-31,Taylor's Bar,Absolut,0.0,0.0,330,780.0,0.0,0.0,False
2023-11-01,Taylor's Bar,Absolut,0.0,0.0,330,780.0,0.0,0.0,False
2023-11-02,Taylor's Bar,Absolut,0.0,0.0,330,780.0,0.0,0.0,False
2023-11-03,Taylor's Bar,Absolut,0.0,0.0,330,780.0,0.0,0.0,False
2023-11-04,Taylor's Bar,Absolut,0.0,0.0,330,780.0,0.0,0.0,False
2023-11-05,Taylor's Bar,Absolut,357.97,0.0,330,422.03,0.0,0.0,False
2023-11-06,Taylor's Bar,Absolut,150.6,51.13857142857143,420,271.42999999999995,148.57000000000005,0.0,False
2023-11-07,Taylor's Bar,Absolut,574.59,72.65285714285714,480,0.0,331.42999999999995,303.1600000000001,True
2023-11-08,Taylor's Bar,Absolut,0.0,154.73714285714286,630,148.57000000000005,150.0,0.0,False
2023-11-09,Taylor's Bar,Absolut,0.0,154.73714285714286,630,480.0,0.0,0.0,False
2023-11-10,Taylor's Bar,Absolut,0.0,154.73714285714286,630,630.0,0.0,0.0,False
2023-11-11,Taylor's Bar,Absolut,0.0,154.73714285714286,630,630.0,0.0,0.0,False
2023-11-12,Taylor's Bar,Absolut,0.0,154.73714285714286,630,630.0,0.0,0.0,False
2023-11-13,Taylor's Bar,Absolut,0.0,103.59857142857143,540,630.0,0.0,0.0,False
2023-11-14,Taylor's Bar,Absolut,0.0,82.08428571428571,480,630.0,0.0,0.0,False
2023-11-15,Taylor's Bar,Absolut,0.0,0.0,330,630.0,0.0,0.0,False
2023-11-16,Taylor's Bar,Absolut,0.0,0.0,330,630.0,0.0,0.0,False
2023-11-17,Taylor's Bar,Absolut,0.0,0.0,330,630.0,0.0,0.0,False
2023-11-18,Taylor's Bar,Absolut,0.0,0.0,330,630.0,0.0,0.0,False
2023-11-19,Taylor's Bar,Absolut,0.0,0.0,330,630.0,0.0,0.0,False
2023-11-20,Taylor's Bar,Absolut,0.0,0.0,330,630.0,0.0,0.0,False
2023-11-21,Taylor's Bar,Absolut,0.0,0.0,330,630.0,0.0,0.0,False
2023-11-22,Taylor's Bar,Absolut,0.0,0.0,330,630.0,0.0,0.0,False
2023-11-23,Taylor's Bar,Absolut,0.0,0.0,330,630.0,0.0,0.0,False
2023-11-24,Taylor's Bar,Absolut,0.0,0.0,330,630.0,0.0,0.0,False
2023-11-25,Taylor's Bar,Absolut,0.0,0.0,330,630.0,0.0,0.0,False
2023-11-26,Taylor's Bar,Absolut,0.0,0.0,330,630.0,0.0,0.0,False
2023-11-27,Taylor's Bar,Absolut,550.87,0.0,330,79.13,250.87,0.0,False
2023-11-28,Taylor's Bar,Absolut,0.0,78.69571428571429,480,79.13,150.0,0.0,False
2023-11-29,Taylor's Bar,Absolut,106.32,78.69571428571429,480,223.68,106.32,0.0,False
2023-11-30,Taylor's Bar,Absolut,0.0,93.88428571428572,510,373.68,30.0,0.0,False
2023-12-01,Taylor's Bar,Absolut,0.0,93.88428571428572,510,480.0,0.0,0.0,False
2023-12-02,Taylor's Bar,Absolut,0.0,93.88428571428572,510,510.0,0.0,0.0,False
2023-12-03,Taylor's Bar,Absolut,0.0,93.88428571428572,510,510.0,0.0,0.0,False
2023-12-04,Taylor's Bar,Absolut,0.0,93.88428571428572,510,510.0,0.0,0.0,False
2023-12-05,Taylor's Bar,Absolut,0.0,15.188571428571427,360,510.0,0.0,0.0,False
2023-12-06,Taylor's Bar,Absolut,0.0,15.188571428571427,360,510.0,0.0,0.0,False
2023-12-07,Taylor's Bar,Absolut,0.0,0.0,330,510.0,0.0,0.0,False
2023-12-08,Taylor's Bar,Absolut,0.0,0.0,330,510.0,0.0,0.0,False
2023-12-09,Taylor's Bar,Absolut,0.0,0.0,330,510.0,0.0,0.0,False
2023-12-10,Taylor's Bar,Absolut,0.0,0.0,330,510.0,0.0,0.0,False
2023-12-11,Taylor's Bar,Absolut,0.0,0.0,330,510.0,0.0,0.0,False
2023-12-12,Taylor's Bar,Absolut,0.0,0.0,330,510.0,0.0,0.0,False
2023-12-13,Taylor's Bar,Absolut,0.0,0.0,330,510.0,0.0,0.0,False
2023-12-14,Taylor's Bar,Absolut,0.0,0.0,330,510.0,0.0,0.0,False
2023-12-15,Taylor's Bar,Absolut,700.57,0.0,330,0.0,330.0,190.57000000000005,True
2023-12-16,Taylor's Bar,Absolut,0.0,100.08142857142857,510,0.0,180.0,0.0,False
2023-12-17,Taylor's Bar,Absolut,0.0,100.08142857142857,510,330.0,0.0,0.0,False
2023-12-18,Taylor's Bar,Absolut,0.0,100.08142857142857,510,510.0,0.0,0.0,False
2023-12-19,Taylor's Bar,Absolut,0.0,100.08142857142857,510,510.0,0.0,0.0,False
2023-12-20,Taylor's Bar,Absolut,0.0,100.08142857142857,510,510.0,0.0,0.0,False
2023-12-21,Taylor's Bar,Absolut,0.0,100.08142857142857,510,510.0,0.0,0.0,False
2023-12-22,Taylor's Bar,Absolut,258.11,100.08142857142857,510,251.89,258.11,0.0,False
2023-12-23,Taylor's Bar,Absolut,0.0,36.87285714285714,390,251.89,0.0,0.0,False
2023-12-24,Taylor's Bar,Absolut,0.0,36.87285714285714,390,510.0,0.0,0.0,False
2023-12-25,Taylor's Bar,Absolut,0.0,36.87285714285714,390,510.0,0.0,0.0,False
2023-12-26,Taylor's Bar,Absolut,0.0,36.87285714285714,390,510.0,0.0,0.0,False
2023-12-27,Taylor's Bar,Absolut,361.78,36.87285714285714,390,148.22000000000003,241.77999999999997,0.0,False
2023-12-28,Taylor's Bar,Absolut,0.0,88.55571428571429,510,148.22000000000003,120.0,0.0,False
2023-12-29,Taylor's Bar,Absolut,0.0,88.55571428571429,510,390.0,0.0,0.0,False
2023-12-30,Taylor's Bar,Absolut,0.0,51.68285714285714,420,510.0,0.0,0.0,False
2023-12-31,Taylor's Bar,Absolut,323.84,51.68285714285714,420,186.16000000000003,233.83999999999997,0.0,False
2024-01-01,Taylor's Bar,Absolut,0.0,97.94571428571427,510,186.16000000000003,90.0,0.0,False
2023-10-21,Taylor's Bar,Bacardi,0.0,141.0575,600,600.0,0.0,0.0,False
2023-10-22,Taylor's Bar,Bacardi,765.39,42.24375,390,0.0,390.0,165.39,True
2023-10-23,Taylor's Bar,Bacardi,0.0,0.0,300,0.0,0.0,0.0,False
2023-10-24,Taylor's Bar,Bacardi,0.0,29.98125,360,390.0,0.0,0.0,False
2023-10-25,Taylor's Bar,Bacardi,0.0,13.45375,330,390.0,0.0,0.0,False
2023-10-26,Taylor's Bar,Bacardi,0.0,112.71625,540,390.0,150.0,0.0,False
2023-10-27,Taylor's Bar,Bacardi,0.0,135.50875,570,390.0,30.0,0.0,False
2023-10-28,Taylor's Bar,Bacardi,0.0,141.0575,600,540.0,30.0,0.0,False
2023-10-29,Taylor's Bar,Bacardi,0.0,137.9175,600,570.0,0.0,0.0,False
2023-10-30,Taylor's Bar,Bacardi,0.0,0.0,300,600.0,0.0,0.0,False
2023-10-31,Taylor's Bar,Bacardi,0.0,29.98125,360,600.0,0.0,0.0,False
2023-11-01,Taylor's Bar,Bacardi,0.0,13.45375,330,600.0,0.0,0.0,False
2023-11-02,Taylor's Bar,Bacardi,0.0,84.33625,480,600.0,0.0,0.0,False
2023-11-03,Taylor's Bar,Bacardi,0.0,135.50875,570,600.0,0.0,0.0,False
2023-11-04,Taylor's Bar,Bacardi,0.0,113.40124999999999,540,600.0,0.0,0.0,False
2023-11-05,Taylor's Bar,Bacardi,0.0,95.67375,510,600.0,0.0,0.0,False
2023-11-06,Taylor's Bar,Bacardi,0.0,0.0,300,600.0,0.0,0.0,False
2023-11-07,Taylor's Bar,Bacardi,0.0,29.98125,360,600.0,0.0,0.0,False
2023-11-08,Taylor's Bar,Bacardi,0.0,13.45375,330,600.0,0.0,0.0,False
2023-11-09,Taylor's Bar,Bacardi,0.0,84.33625,480,600.0,0.0,0.0,False
2023-11-10,Taylor's Bar,Bacardi,0.0,135.50875,570,600.0,0.0,0.0,False
2023-11-11,Taylor's Bar,Bacardi,0.0,113.40124999999999,540,600.0,0.0,0.0,False
2023-11-12,Taylor's Bar,Bacardi,0.0,95.67375,510,600.0,0.0,0.0,False
2023-11-13,Taylor's Bar,Bacardi,0.0,0.0,300,600.0,0.0,0.0,False
2023-11-14,Taylor's Bar,Bacardi,0.0,0.0,300,600.0,0.0,0.0,False
2023-11-15,Taylor's Bar,Bacardi,0.0,13.45375,330,600.0,0.0,0.0,False
2023-11-16,Taylor's Bar,Bacardi,0.0,84.33625,480,600.0,0.0,0.0,False
2023-11-17,Taylor's Bar,Bacardi,0.0,98.50625,510,600.0,0.0,0.0,False
2023-11-18,Taylor's Bar,Bacardi,0.0,65.28875,450,600.0,0.0,0.0,False
2023-11-19,Taylor's Bar,Bacardi,0.0,95.67375,510,600.0,0.0,0.0,False
2023-11-20,Taylor's Bar,Bacardi,0.0,0.0,300,600.0,0.0,0.0,False
2023-11-21,Taylor's Bar,Bacardi,0.0,0.0,300,600.0,0.0,0.0,False
2023-11-22,Taylor's Bar,Bacardi,0.0,0.0,300,600.0,0.0,0.0,False
2023-11-23,Taylor's Bar,Bacardi,0.0,27.28125,360,600.0,0.0,0.0,False
2023-11-24,Taylor's Bar,Bacardi,0.0,36.525,390,600.0,0.0,0.0,False
2023-11-25,Taylor's Bar,Bacardi,0.0,0.0,300,600.0,0.0,0.0,False
2023-11-26,Taylor's Bar,Bacardi,0.0,95.67375,510,600.0,0.0,0.0,False
2023-11-27,Taylor's Bar,Bacardi,0.0,0.0,300,600.0,0.0,0.0,False
2023-11-28,Taylor's Bar,Bacardi,0.0,0.0,300,600.0,0.0,0.0,False
2023-11-29,Taylor's Bar,Bacardi,0.0,0.0,300,600.0,0.0,0.0,False
2023-11-30,Taylor's Bar,Bacardi,0.0,27.28125,360,600.0,0.0,0.0,False
2023-12-01,Taylor's Bar,Bacardi,0.0,36.525,390,600.0,0.0,0.0,False
2023-12-02,Taylor's Bar,Bacardi,0.0,0.0,300,600.0,0.0,0.0,False
2023-12-03,Taylor's Bar,Bacardi,0.0,95.67375,510,600.0,0.0,0.0,False
2023-12-04,Taylor's Bar,Bacardi,0.0,0.0,300,600.0,0.0,0.0,False
2023-12-05,Taylor's Bar,Bacardi,0.0,0.0,300,600.0,0.0,0.0,False
2023-12-06,Taylor's Bar,Bacardi,0.0,0.0,300,600.0,0.0,0.0,False
2023-12-07,Taylor's Bar,Bacardi,0.0,27.28125,360,600.0,0.0,0.0,False
2023-12-08,Taylor's Bar,Bacardi,0.0,36.525,390,600.0,0.0,0.0,False
2023-12-09,Taylor's Bar,Bacardi,0.0,0.0,300,600.0,0.0,0.0,False
2023-12-10,Taylor's Bar,Bacardi,0.0,95.67375,510,600.0,0.0,0.0,False
2023-12-11,Taylor's Bar,Bacardi,599.77,0.0,300,0.2300000000000182,299.77,0.0,False
2023-12-12,Taylor's Bar,Bacardi,571.46,0.0,300,0.0,0.2300000000000182,571.23,True
2023-12-13,Taylor's Bar,Bacardi,0.0,0.0,300,299.77,0.0,0.0,False
2023-12-14,Taylor's Bar,Bacardi,0.0,27.28125,360,300.0,60.0,0.0,False
2023-12-15,Taylor's Bar,Bacardi,0.0,36.525,390,300.0,30.0,0.0,False
2023-12-16,Taylor's Bar,Bacardi,0.0,0.0,300,360.0,0.0,0.0,False
2023-12-17,Taylor's Bar,Bacardi,0.0,95.67375,510,390.0,120.0,0.0,False
2023-12-18,Taylor's Bar,Bacardi,0.0,74.97125,450,390.0,0.0,0.0,False
2023-12-19,Taylor's Bar,Bacardi,0.0,71.4325,450,510.0,0.0,0.0,False
2023-12-20,Taylor's Bar,Bacardi,0.0,0.0,300,510.0,0.0,0.0,False
2023-12-21,Taylor's Bar,Bacardi,0.0,0.0,300,510.0,0.0,0.0,False
2023-12-22,Taylor's Bar,Bacardi,0.0,0.0,300,510.0,0.0,0.0,False
2023-12-23,Taylor's Bar,Bacardi,0.0,0.0,300,510.0,0.0,0.0,False
2023-12-24,Taylor's Bar,Bacardi,0.0,0.0,300,510.0,0.0,0.0,False
2023-12-25,Taylor's Bar,Bacardi,0.0,74.97125,450,510.0,0.0,0.0,False
2023-12-26,Taylor's Bar,Bacardi,0.0,71.4325,450,510.0,0.0,0.0,False
2023-12-27,Taylor's Bar,Bacardi,0.0,0.0,300,510.0,0.0,0.0,False
2023-12-28,Taylor's Bar,Bacardi,0.0,0.0,300,510.0,0.0,0.0,False
2023-12-29,Taylor's Bar,Bacardi,0.0,0.0,300,510.0,0.0,0.0,False
2023-12-30,Taylor's Bar,Bacardi,0.0,0.0,300,510.0,0.0,0.0,False
2023-12-31,Taylor's Bar,Bacardi,0.0,0.0,300,510.0,0.0,0.0,False
2024-01-01,Taylor's Bar,Bacardi,0.0,74.97125,450,510.0,0.0,0.0,False
2023-10-21,Taylor's Bar,Barefoot,0.0,0.0,360,360.0,0.0,0.0,False
2023-10-22,Taylor's Bar,Barefoot,0.0,15.9075,390,360.0,30.0,0.0,False
2023-10-23,Taylor's Bar,Barefoot,0.0,44.07,450,360.0,60.0,0.0,False
2023-10-24,Taylor's Bar,Barefoot,399.39,64.28875,480,0.0,420.0,9.389999999999986,True
2023-10-25,Taylor's Bar,Barefoot,0.0,117.20875000000001,570,60.0,90.0,0.0,False
2023-10-26,Taylor's Bar,Barefoot,0.0,108.815,570,480.0,0.0,0.0,False
2023-10-27,Taylor's Bar,Barefoot,0.0,56.6875,450,570.0,0.0,0.0,False
2023-10-28,Taylor's Bar,Barefoot,0.0,0.0,360,570.0,0.0,0.0,False
2023-10-29,Taylor's Bar,Barefoot,0.0,15.9075,390,570.0,0.0,0.0,False
2023-10-30,Taylor's Bar,Barefoot,0.0,44.07,450,570.0,0.0,0.0,False
2023-10-31,Taylor's Bar,Barefoot,0.0,114.21249999999999,570,570.0,0.0,0.0,False
2023-11-01,Taylor's Bar,Barefoot,152.81,117.20875000000001,570,417.19,152.81,0.0,False
2023-11-02,Taylor's Bar,Barefoot,0.0,82.35374999999999,510,417.19,0.0,0.0,False
2023-11-03,Taylor's Bar,Barefoot,0.0,56.6875,450,570.0,0.0,0.0,False
2023-11-04,Taylor's Bar,Barefoot,0.0,0.0,360,570.0,0.0,0.0,False
2023-11-05,Taylor's Bar,Barefoot,0.0,15.9075,390,570.0,0.0,0.0,False
2023-11-06,Taylor's Bar,Barefoot,0.0,44.07,450,570.0,0.0,0.0,False
2023-11-07,Taylor's Bar,Barefoot,0.0,114.21249999999999,570,570.0,0.0,0.0,False
2023-11-08,Taylor's Bar,Barefoot,0.0,99.59875,540,570.0,0.0,0.0,False
2023-11-09,Taylor's Bar,Barefoot,0.0,82.35374999999999,510,570.0,0.0,0.0,False
2023-11-10,Taylor's Bar,Barefoot,0.0,56.6875,450,570.0,0.0,0.0,False
2023-11-11,Taylor's Bar,Barefoot,0.0,0.0,360,570.0,0.0,0.0,False
2023-11-12,Taylor's Bar,Barefoot,572.78,15.9075,390,0.0,390.0,2.7799999999999727,True
2023-11-13,Taylor's Bar,Barefoot,0.0,44.07,450,0.0,60.0,0.0,False
2023-11-14,Taylor's Bar,Barefoot,592.53,114.21249999999999,570,0.0,510.0,202.52999999999997,True
2023-11-15,Taylor's Bar,Barefoot,588.63,99.59875,540,0.0,30.0,528.63,True
2023-11-16,Taylor's Bar,Barefoot,0.0,13.9425,390,510.0,0.0,0.0,False
2023-11-17,Taylor's Bar,Barefoot,0.0,56.6875,450,540.0,0.0,0.0,False
2023-11-18,Taylor's Bar,Barefoot,529.64,0.0,360,10.360000000000014,349.64,0.0,False
2023-11-19,Taylor's Bar,Barefoot,0.0,87.505,540,10.360000000000014,180.0,0.0,False
2023-11-20,Taylor's Bar,Barefoot,0.0,44.07,450,360.0,0.0,0.0,False
2023-11-21,Taylor's Bar,Barefoot,0.0,188.27875,720,540.0,180.0,0.0,False
2023-11-22,Taylor's Bar,Barefoot,423.94,173.1775,690,116.06,393.94,0.0,False
2023-11-23,Taylor's Bar,Barefoot,0.0,13.9425,390,296.06,0.0,0.0,False
2023-11-24,Taylor's Bar,Barefoot,0.0,56.6875,450,690.0,0.0,0.0,False
2023-11-25,Taylor's Bar,Barefoot,0.0,66.205,480,690.0,0.0,0.0,False
2023-11-26,Taylor's Bar,Barefoot,0.0,71.5975,480,690.0,0.0,0.0,False
2023-11-27,Taylor's Bar,Barefoot,0.0,44.07,450,690.0,0.0,0.0,False
2023-11-28,Taylor's Bar,Barefoot,0.0,123.99,600,690.0,0.0,0.0,False
2023-11-29,Taylor's Bar,Barefoot,0.0,226.17,810,690.0,120.0,0.0,False
2023-11-30,Taylor's Bar,Barefoot,447.22,13.9425,390,242.77999999999997,27.220000000000027,0.0,False
2023-12-01,Taylor's Bar,Barefoot,0.0,0.0,360,362.78,0.0,0.0,False
2023-12-02,Taylor's Bar,Barefoot,0.0,66.205,480,390.0,90.0,0.0,False
2023-12-03,Taylor's Bar,Barefoot,0.0,71.5975,480,390.0,0.0,0.0,False
2023-12-04,Taylor's Bar,Barefoot,0.0,26.1275,390,480.0,0.0,0.0,False
2023-12-05,Taylor's Bar,Barefoot,0.0,123.99,600,480.0,120.0,0.0,False
2023-12-06,Taylor's Bar,Barefoot,0.0,175.31875,690,480.0,90.0,0.0,False
2023-12-07,Taylor's Bar,Barefoot,0.0,69.845,480,600.0,0.0,0.0,False
2023-12-08,Taylor's Bar,Barefoot,249.14,0.0,360,440.86,0.0,0.0,False
2023-12-09,Taylor's Bar,Barefoot,372.79,66.205,480,68.07,411.93,0.0,False
2023-12-10,Taylor's Bar,Barefoot,0.0,71.5975,480,68.07,0.0,0.0,False
2023-12-11,Taylor's Bar,Barefoot,0.0,0.0,360,480.0,0.0,0.0,False
2023-12-12,Taylor's Bar,Barefoot,100.05,123.99,600,379.95,220.05,0.0,False
2023-12-13,Taylor's Bar,Barefoot,0.0,175.31875,690,379.95,90.0,0.0,False
2023-12-14,Taylor's Bar,Barefoot,129.34,55.9025,450,470.65999999999997,0.0,0.0,False
2023-12-15,Taylor's Bar,Barefoot,0.0,31.1425,420,560.66,0.0,0.0,False
2023-12-16,Taylor's Bar,Barefoot,0.0,112.80375000000001,570,560.66,9.340000000000032,0.0,False
2023-12-17,Taylor's Bar,Barefoot,0.0,71.5975,480,560.66,0.0,0.0,False
2023-12-18,Taylor's Bar,Barefoot,0.0,0.0,360,570.0,0.0,0.0,False
2023-12-19,Taylor's Bar,Barefoot,0.0,136.49625,630,570.0,60.0,0.0,False
2023-12-20,Taylor's Bar,Barefoot,0.0,145.6725,630,570.0,0.0,0.0,False
2023-12-21,Taylor's Bar,Barefoot,0.0,72.07000000000001,480,630.0,0.0,0.0,False
2023-12-22,Taylor's Bar,Barefoot,0.0,31.1425,420,630.0,0.0,0.0,False
2023-12-23,Taylor's Bar,Barefoot,0.0,112.80375000000001,570,630.0,0.0,0.0,False
2023-12-24,Taylor's Bar,Barefoot,165.18,71.5975,480,464.82,15.180000000000007,0.0,False
2023-12-25,Taylor's Bar,Barefoot,0.0,0.0,360,464.82,0.0,0.0,False
2023-12-26,Taylor's Bar,Barefoot,0.0,86.57249999999999,510,480.0,30.0,0.0,False
2023-12-27,Taylor's Bar,Barefoot,0.0,145.67249999999999,630,480.0,120.0,0.0,False
2023-12-28,Taylor's Bar,Barefoot,0.0,72.07000000000001,480,510.0,0.0,0.0,False
2023-12-29,Taylor's Bar,Barefoot,0.0,31.1425,420,630.0,0.0,0.0,False
2023-12-30,Taylor's Bar,Barefoot,0.0,112.80375000000001,570,630.0,0.0,0.0,False
2023-12-31,Taylor's Bar,Barefoot,0.0,92.245,540,630.0,0.0,0.0,False
2024-01-01,Taylor's Bar,Barefoot,0.0,0.0,360,630.0,0.0,0.0,False
2023-10-21,Taylor's Bar,Budweiser,0.0,39.63285714285714,480,480.0,0.0,0.0,False
2023-10-22,Taylor's Bar,Budweiser,0.0,0.0,420,480.0,0.0,0.0,False
2023-10-23,Taylor's Bar,Budweiser,0.0,0.0,420,480.0,0.0,0.0,False
2023-10-24,Taylor's Bar,Budweiser,0.0,0.0,420,480.0,0.0,0.0,False
2023-10-25,Taylor's Bar,Budweiser,0.0,0.0,420,480.0,0.0,0.0,False
2023-10-26,Taylor's Bar,Budweiser,0.0,0.0,420,480.0,0.0,0.0,False
2023-10-27,Taylor's Bar,Budweiser,0.0,0.0,420,480.0,0.0,0.0,False
2023-10-28,Taylor's Bar,Budweiser,0.0,0.0,420,480.0,0.0,0.0,False
2023-10-29,Taylor's Bar,Budweiser,0.0,0.0,420,480.0,0.0,0.0,False
2023-10-30,Taylor's Bar,Budweiser,0.0,0.0,420,480.0,0.0,0.0,False
2023-10-31,Taylor's Bar,Budweiser,0.0,0.0,420,480.0,0.0,0.0,False
2023-11-01,Taylor's Bar,Budweiser,145.8,0.0,420,334.2,85.80000000000001,0.0,False
2023-11-02,Taylor's Bar,Budweiser,0.0,20.82857142857143,450,334.2,30.0,0.0,False
2023-11-03,Taylor's Bar,Budweiser,0.0,20.82857142857143,450,420.0,0.0,0.0,False
2023-11-04,Taylor's Bar,Budweiser,0.0,20.82857142857143,450,450.0,0.0,0.0,False
2023-11-05,Taylor's Bar,Budweiser,0.0,20.82857142857143,450,450.0,0.0,0.0,False
2023-11-06,Taylor's Bar,Budweiser,0.0,20.82857142857143,450,450.0,0.0,0.0,False
2023-11-07,Taylor's Bar,Budweiser,0.0,20.82857142857143,450,450.0,0.0,0.0,False
2023-11-08,Taylor's Bar,Budweiser,0.0,20.82857142857143,450,450.0,0.0,0.0,False
2023-11-09,Taylor's Bar,Budweiser,0.0,0.0,420,450.0,0.0,0.0,False
2023-11-10,Taylor's Bar,Budweiser,0.0,0.0,420,450.0,0.0,0.0,False
2023-11-11,Taylor's Bar,Budweiser,0.0,0.0,420,450.0,0.0,0.0,False
2023-11-12,Taylor's Bar,Budweiser,0.0,0.0,420,450.0,0.0,0.0,False
2023-11-13,Taylor's Bar,Budweiser,0.0,0.0,420,450.0,0.0,0.0,False
2023-11-14,Taylor's Bar,Budweiser,0.0,0.0,420,450.0,0.0,0.0,False
2023-11-15,Taylor's Bar,Budweiser,0.0,0.0,420,450.0,0.0,0.0,False
2023-11-16,Taylor's Bar,Budweiser,305.58,0.0,420,144.42000000000002,275.58,0.0,False
2023-11-17,Taylor's Bar,Budweiser,0.0,43.65428571428571,480,144.42000000000002,60.0,0.0,False
2023-11-18,Taylor's Bar,Budweiser,0.0,43.65428571428571,480,420.0,0.0,0.0,False
2023-11-19,Taylor's Bar,Budweiser,0.0,43.65428571428571,480,480.0,0.0,0.0,False
2023-11-20,Taylor's Bar,Budweiser,0.0,43.65428571428571,480,480.0,0.0,0.0,False
2023-11-21,Taylor's Bar,Budweiser,0.0,43.65428571428571,480,480.0,0.0,0.0,False
2023-11-22,Taylor's Bar,Budweiser,107.73,43.65428571428571,480,372.27,107.73000000000002,0.0,False
2023-11-23,Taylor's Bar,Budweiser,0.0,59.044285714285714,510,372.27,30.0,0.0,False
2023-11-24,Taylor's Bar,Budweiser,0.0,15.39,450,480.0,0.0,0.0,False
2023-11-25,Taylor's Bar,Budweiser,0.0,15.39,450,510.0,0.0,0.0,False
2023-11-26,Taylor's Bar,Budweiser,0.0,15.39,450,510.0,0.0,0.0,False
2023-11-27,Taylor's Bar,Budweiser,125.94,15.39,450,384.06,65.94,0.0,False
2023-11-28,Taylor's Bar,Budweiser,0.0,33.38142857142857,480,384.06,30.0,0.0,False
2023-11-29,Taylor's Bar,Budweiser,0.0,33.38142857142857,480,450.0,0.0,0.0,False
2023-11-30,Taylor's Bar,Budweiser,0.0,17.99142857142857,450,480.0,0.0,0.0,False
2023-12-01,Taylor's Bar,Budweiser,0.0,17.99142857142857,450,480.0,0.0,0.0,False
2023-12-02,Taylor's Bar,Budweiser,0.0,17.99142857142857,450,480.0,0.0,0.0,False
2023-12-03,Taylor's Bar,Budweiser,0.0,17.99142857142857,450,480.0,0.0,0.0,False
2023-12-04,Taylor's Bar,Budweiser,0.0,17.99142857142857,450,480.0,0.0,0.0,False
2023-12-05,Taylor's Bar,Budweiser,0.0,0.0,420,480.0,0.0,0.0,False
2023-12-06,Taylor's Bar,Budweiser,0.0,0.0,420,480.0,0.0,0.0,False
2023-12-07,Taylor's Bar,Budweiser,0.0,0.0,420,480.0,0.0,0.0,False
2023-12-08,Taylor's Bar,Budweiser,0.0,0.0,420,480.0,0.0,0.0,False
2023-12-09,Taylor's Bar,Budweiser,0.0,0.0,420,480.0,0.0,0.0,False
2023-12-10,Taylor's Bar,Budweiser,0.0,0.0,420,480.0,0.0,0.0,False
2023-12-11,Taylor's Bar,Budweiser,0.0,0.0,420,480.0,0.0,0.0,False
2023-12-12,Taylor's Bar,Budweiser,0.0,0.0,420,480.0,0.0,0.0,False
2023-12-13,Taylor's Bar,Budweiser,580.68,0.0,420,0.0,420.0,100.67999999999995,True
2023-12-14,Taylor's Bar,Budweiser,0.0,82.9542857142857,570,0.0,150.0,0.0,False
2023-12-15,Taylor's Bar,Budweiser,0.0,82.9542857142857,570,420.0,0.0,0.0,False
2023-12-16,Taylor's Bar,Budweiser,0.0,82.9542857142857,570,570.0,0.0,0.0,False
2023-12-17,Taylor's Bar,Budweiser,0.0,82.9542857142857,570,570.0,0.0,0.0,False
2023-12-18,Taylor's Bar,Budweiser,0.0,82.9542857142857,570,570.0,0.0,0.0,False
2023-12-19,Taylor's Bar,Budweiser,0.0,82.9542857142857,570,570.0,0.0,0.0,False
2023-12-20,Taylor's Bar,Budweiser,0.0,82.9542857142857,570,570.0,0.0,0.0,False
2023-12-21,Taylor's Bar,Budweiser,0.0,0.0,420,570.0,0.0,0.0,False
2023-12-22,Taylor's Bar,Budweiser,0.0,0.0,420,570.0,0.0,0.0,False
2023-12-23,Taylor's Bar,Budweiser,0.0,0.0,420,570.0,0.0,0.0,False
2023-12-24,Taylor's Bar,Budweiser,335.22,0.0,420,234.77999999999997,185.22000000000003,0.0,False
2023-12-25,Taylor's Bar,Budweiser,0.0,47.88857142857143,510,234.77999999999997,90.0,0.0,False
2023-12-26,Taylor's Bar,Budweiser,0.0,47.88857142857143,510,420.0,0.0,0.0,False
2023-12-27,Taylor's Bar,Budweiser,0.0,47.88857142857143,510,510.0,0.0,0.0,False
2023-12-28,Taylor's Bar,Budweiser,0.0,47.88857142857143,510,510.0,0.0,0.0,False
2023-12-29,Taylor's Bar,Budweiser,0.0,47.88857142857143,510,510.0,0.0,0.0,False
2023-12-30,Taylor's Bar,Budweiser,0.0,47.88857142857143,510,510.0,0.0,0.0,False
2023-12-31,Taylor's Bar,Budweiser,0.0,47.88857142857143,510,510.0,0.0,0.0,False
2024-01-01,Taylor's Bar,Budweiser,558.72,0.0,420,0.0,420.0,48.72000000000003,True
2023-10-21,Taylor's Bar,Captain Morgan,317.02,0.0,390,72.98000000000002,317.02,0.0,False
2023-10-22,Taylor's Bar,Captain Morgan,0.0,31.64625,450,72.98000000000002,60.0,0.0,False
2023-10-23,Taylor's Bar,Captain Morgan,0.0,60.54,510,390.0,60.0,0.0,False
2023-10-24,Taylor's Bar,Captain Morgan,0.0,29.52375,450,450.0,0.0,0.0,False
2023-10-25,Taylor's Bar,Captain Morgan,0.0,66.83125,510,510.0,0.0,0.0,False
2023-10-26,Taylor's Bar,Captain Morgan,0.0,45.9825,480,510.0,0.0,0.0,False
2023-10-27,Taylor's Bar,Captain Morgan,580.31,35.22125,450,0.0,450.0,70.30999999999995,True
2023-10-28,Taylor's Bar,Captain Morgan,0.0,39.6275,480,0.0,30.0,0.0,False
2023-10-29,Taylor's Bar,Captain Morgan,524.12,31.64625,450,0.0,420.0,74.12,True
2023-10-30,Taylor's Bar,Captain Morgan,0.0,60.54,510,30.0,60.0,0.0,False
2023-10-31,Taylor's Bar,Captain Morgan,0.0,0.0,390,450.0,0.0,0.0,False
2023-11-01,Taylor's Bar,Captain Morgan,0.0,66.83125,510,510.0,0.0,0.0,False
2023-11-02,Taylor's Bar,Captain Morgan,0.0,45.9825,480,510.0,0.0,0.0,False
2023-11-03,Taylor's Bar,Captain Morgan,0.0,107.75999999999999,600,510.0,90.0,0.0,False
2023-11-04,Taylor's Bar,Captain Morgan,0.0,39.6275,480,510.0,0.0,0.0,False
2023-11-05,Taylor's Bar,Captain Morgan,0.0,97.16125,570,600.0,0.0,0.0,False
2023-11-06,Taylor's Bar,Captain Morgan,100.47,60.54,510,499.53,10.470000000000027,0.0,False
2023-11-07,Taylor's Bar,Captain Morgan,0.0,0.0,390,499.53,0.0,0.0,False
2023-11-08,Taylor's Bar,Captain Morgan,0.0,14.77375,420,510.0,0.0,0.0,False
2023-11-09,Taylor's Bar,Captain Morgan,224.67,45.9825,480,285.33000000000004,194.66999999999996,0.0,False
2023-11-10,Taylor's Bar,Captain Morgan,0.0,87.36375,570,285.33000000000004,90.0,0.0,False
2023-11-11,Taylor's Bar,Captain Morgan,0.0,39.6275,480,480.0,0.0,0.0,False
2023-11-12,Taylor's Bar,Captain Morgan,0.0,97.16125,570,570.0,0.0,0.0,False
2023-11-13,Taylor's Bar,Captain Morgan,0.0,73.09875,540,570.0,0.0,0.0,False
2023-11-14,Taylor's Bar,Captain Morgan,264.32,0.0,390,305.68,84.32,0.0,False
2023-11-15,Taylor's Bar,Captain Morgan,0.0,14.77375,420,305.68,30.0,0.0,False
2023-11-16,Taylor's Bar,Captain Morgan,0.0,74.06625,540,390.0,120.0,0.0,False
2023-11-17,Taylor's Bar,Captain Morgan,269.33,87.36375,570,150.67000000000002,299.33,0.0,False
2023-11-18,Taylor's Bar,Captain Morgan,0.0,39.6275,480,270.67,0.0,0.0,False
2023-11-19,Taylor's Bar,Captain Morgan,0.0,97.16125,570,570.0,0.0,0.0,False
2023-11-20,Taylor's Bar,Captain Morgan,0.0,73.09875,540,570.0,0.0,0.0,False
2023-11-21,Taylor's Bar,Captain Morgan,0.0,33.04,450,570.0,0.0,0.0,False
2023-11-22,Taylor's Bar,Captain Morgan,0.0,14.77375,420,570.0,0.0,0.0,False
2023-11-23,Taylor's Bar,Captain Morgan,0.0,74.06625,540,570.0,0.0,0.0,False
2023-11-24,Taylor's Bar,Captain Morgan,0.0,121.02999999999999,630,570.0,60.0,0.0,False
2023-11-25,Taylor's Bar,Captain Morgan,0.0,39.6275,480,570.0,0.0,0.0,False
2023-11-26,Taylor's Bar,Captain Morgan,0.0,97.16125,570,630.0,0.0,0.0,False
2023-11-27,Taylor's Bar,Captain Morgan,235.81,49.942499999999995,480,394.19,85.81,0.0,False
2023-11-28,Taylor's Bar,Captain Morgan,0.0,33.04,450,394.19,0.0,0.0,False
2023-11-29,Taylor's Bar,Captain Morgan,0.0,0.0,390,480.0,0.0,0.0,False
2023-11-30,Taylor's Bar,Captain Morgan,262.16,74.06625,540,217.83999999999997,322.16,0.0,False
2023-12-01,Taylor's Bar,Captain Morgan,194.96,106.20499999999998,600,22.879999999999967,254.96000000000004,0.0,False
2023-12-02,Taylor's Bar,Captain Morgan,0.0,39.6275,480,345.03999999999996,0.0,0.0,False
2023-12-03,Taylor's Bar,Captain Morgan,0.0,65.515,510,600.0,0.0,0.0,False
2023-12-04,Taylor's Bar,Captain Morgan,0.0,79.41874999999999,540,600.0,0.0,0.0,False
2023-12-05,Taylor's Bar,Captain Morgan,0.0,33.04,450,600.0,0.0,0.0,False
2023-12-06,Taylor's Bar,Captain Morgan,0.0,0.0,390,600.0,0.0,0.0,False
2023-12-07,Taylor's Bar,Captain Morgan,0.0,87.5025,570,600.0,0.0,0.0,False
2023-12-08,Taylor's Bar,Captain Morgan,0.0,130.575,660,600.0,60.0,0.0,False
2023-12-09,Taylor's Bar,Captain Morgan,0.0,39.6275,480,600.0,0.0,0.0,False
2023-12-10,Taylor's Bar,Captain Morgan,0.0,65.515,510,660.0,0.0,0.0,False
2023-12-11,Taylor's Bar,Captain Morgan,0.0,79.41874999999999,540,660.0,0.0,0.0,False
2023-12-12,Taylor's Bar,Captain Morgan,0.0,33.04,450,660.0,0.0,0.0,False
2023-12-13,Taylor's Bar,Captain Morgan,0.0,0.0,390,660.0,0.0,0.0,False
2023-12-14,Taylor's Bar,Captain Morgan,0.0,60.853750000000005,510,660.0,0.0,0.0,False
2023-12-15,Taylor's Bar,Captain Morgan,853.21,130.575,660,0.0,660.0,193.21000000000004,True
2023-12-16,Taylor's Bar,Captain Morgan,0.0,39.6275,480,0.0,0.0,0.0,False
2023-12-17,Taylor's Bar,Captain Morgan,245.92,65.515,510,414.08000000000004,95.91999999999996,0.0,False
2023-12-18,Taylor's Bar,Captain Morgan,0.0,42.035,480,414.08000000000004,0.0,0.0,False
2023-12-19,Taylor's Bar,Captain Morgan,0.0,33.04,450,510.0,0.0,0.0,False
2023-12-20,Taylor's Bar,Captain Morgan,0.0,0.0,390,510.0,0.0,0.0,False
2023-12-21,Taylor's Bar,Captain Morgan,0.0,60.853750000000005,510,510.0,0.0,0.0,False
2023-12-22,Taylor's Bar,Captain Morgan,0.0,237.22625,870,510.0,360.0,0.0,False
2023-12-23,Taylor's Bar,Captain Morgan,0.0,0.0,390,510.0,0.0,0.0,False
2023-12-24,Taylor's Bar,Captain Morgan,0.0,96.255,570,870.0,0.0,0.0,False
2023-12-25,Taylor's Bar,Captain Morgan,0.0,42.035,480,870.0,0.0,0.0,False
2023-12-26,Taylor's Bar,Captain Morgan,304.23,33.04,450,565.77,0.0,0.0,False
2023-12-27,Taylor's Bar,Captain Morgan,0.0,0.0,390,565.77,0.0,0.0,False
2023-12-28,Taylor's Bar,Captain Morgan,0.0,60.853750000000005,510,565.77,0.0,0.0,False
2023-12-29,Taylor's Bar,Captain Morgan,0.0,164.6875,720,565.77,154.23000000000002,0.0,False
2023-12-30,Taylor's Bar,Captain Morgan,0.0,0.0,390,565.77,0.0,0.0,False
2023-12-31,Taylor's Bar,Captain Morgan,0.0,30.74,450,720.0,0.0,0.0,False
2024-01-01,Taylor's Bar,Captain Morgan,440.76,42.035,480,279.24,200.76,0.0,False
2023-10-21,Taylor's Bar,Coors,0.0,0.0,300,300.0,0.0,0.0,False
2023-10-22,Taylor's Bar,Coors,0.0,0.0,300,300.0,0.0,0.0,False
2023-10-23,Taylor's Bar,Coors,0.0,0.0,300,300.0,0.0,0.0,False
2023-10-24,Taylor's Bar,Coors,0.0,0.0,300,300.0,0.0,0.0,False
2023-10-25,Taylor's Bar,Coors,0.0,0.0,300,300.0,0.0,0.0,False
2023-10-26,Taylor's Bar,Coors,0.0,0.0,300,300.0,0.0,0.0,False
2023-10-27,Taylor's Bar,Coors,0.0,0.0,300,300.0,0.0,0.0,False
2023-10-28,Taylor's Bar,Coors,0.0,0.0,300,300.0,0.0,0.0,False
2023-10-29,Taylor's Bar,Coors,0.0,0.0,300,300.0,0.0,0.0,False
2023-10-30,Taylor's Bar,Coors,157.47,0.0,300,142.53,157.47,0.0,False
2023-10-31,Taylor's Bar,Coors,0.0,22.495714285714286,360,142.53,60.0,0.0,False
2023-11-01,Taylor's Bar,Coors,0.0,22.495714285714286,360,300.0,0.0,0.0,False
2023-11-02,Taylor's Bar,Coors,0.0,22.495714285714286,360,360.0,0.0,0.0,False
2023-11-03,Taylor's Bar,Coors,0.0,22.495714285714286,360,360.0,0.0,0.0,False
2023-11-04,Taylor's Bar,Coors,279.63,22.495714285714286,360,80.37,279.63,0.0,False
2023-11-05,Taylor's Bar,Coors,0.0,62.44285714285714,420,80.37,60.0,0.0,False
2023-11-06,Taylor's Bar,Coors,231.91,62.44285714285714,420,128.09,231.91,0.0,False
2023-11-07,Taylor's Bar,Coors,0.0,73.07714285714285,450,188.09,30.0,0.0,False
2023-11-08,Taylor's Bar,Coors,0.0,73.07714285714285,450,420.0,0.0,0.0,False
2023-11-09,Taylor's Bar,Coors,0.0,73.07714285714285,450,450.0,0.0,0.0,False
2023-11-10,Taylor's Bar,Coors,154.9,73.07714285714285,450,295.1,154.89999999999998,0.0,False
2023-11-11,Taylor's Bar,Coors,0.0,95.20571428571428,480,295.1,30.0,0.0,False
2023-11-12,Taylor's Bar,Coors,0.0,55.25857142857143,420,450.0,0.0,0.0,False
2023-11-13,Taylor's Bar,Coors,144.13,55.25857142857143,420,335.87,84.13,0.0,False
2023-11-14,Taylor's Bar,Coors,0.0,42.71857142857142,390,335.87,0.0,0.0,False
2023-11-15,Taylor's Bar,Coors,0.0,42.71857142857142,390,420.0,0.0,0.0,False
2023-11-16,Taylor's Bar,Coors,0.0,42.71857142857142,390,420.0,0.0,0.0,False
2023-11-17,Taylor's Bar,Coors,0.0,42.71857142857142,390,420.0,0.0,0.0,False
2023-11-18,Taylor's Bar,Coors,362.98,20.59,330,57.01999999999998,272.98,0.0,False
2023-11-19,Taylor's Bar,Coors,0.0,72.44428571428571,450,57.01999999999998,120.0,0.0,False
2023-11-20,Taylor's Bar,Coors,0.0,72.44428571428571,450,330.0,0.0,0.0,False
2023-11-21,Taylor's Bar,Coors,0.0,51.854285714285716,420,450.0,0.0,0.0,False
2023-11-22,Taylor's Bar,Coors,0.0,51.854285714285716,420,450.0,0.0,0.0,False
2023-11-23,Taylor's Bar,Coors,0.0,51.854285714285716,420,450.0,0.0,0.0,False
2023-11-24,Taylor's Bar,Coors,150.22,51.854285714285716,420,299.78,120.22000000000003,0.0,False
2023-11-25,Taylor's Bar,Coors,0.0,73.31428571428572,450,299.78,30.0,0.0,False
2023-11-26,Taylor's Bar,Coors,0.0,21.46,360,420.0,0.0,0.0,False
2023-11-27,Taylor's Bar,Coors,0.0,21.46,360,450.0,0.0,0.0,False
2023-11-28,Taylor's Bar,Coors,0.0,21.46,360,450.0,0.0,0.0,False
2023-11-29,Taylor's Bar,Coors,0.0,21.46,360,450.0,0.0,0.0,False
2023-11-30,Taylor's Bar,Coors,0.0,21.46,360,450.0,0.0,0.0,False
2023-12-01,Taylor's Bar,Coors,0.0,21.46,360,450.0,0.0,0.0,False
2023-12-02,Taylor's Bar,Coors,0.0,0.0,300,450.0,0.0,0.0,False
2023-12-03,Taylor's Bar,Coors,0.0,0.0,300,450.0,0.0,0.0,False
2023-12-04,Taylor's Bar,Coors,108.73,0.0,300,341.27,0.0,0.0,False
2023-12-05,Taylor's Bar,Coors,0.0,15.532857142857143,330,341.27,0.0,0.0,False
2023-12-06,Taylor's Bar,Coors,0.0,15.532857142857143,330,341.27,0.0,0.0,False
2023-12-07,Taylor's Bar,Coors,0.0,15.532857142857143,330,341.27,0.0,0.0,False
2023-12-08,Taylor's Bar,Coors,0.0,15.532857142857143,330,341.27,0.0,0.0,False
2023-12-09,Taylor's Bar,Coors,103.94,15.532857142857143,330,237.32999999999998,92.67000000000002,0.0,False
2023-12-10,Taylor's Bar,Coors,178.0,30.381428571428575,360,59.329999999999984,208.0,0.0,False
2023-12-11,Taylor's Bar,Coors,0.0,55.81,420,152.0,60.0,0.0,False
2023-12-12,Taylor's Bar,Coors,0.0,40.277142857142856,390,360.0,0.0,0.0,False
2023-12-13,Taylor's Bar,Coors,0.0,40.277142857142856,390,420.0,0.0,0.0,False
2023-12-14,Taylor's Bar,Coors,128.38,40.277142857142856,390,291.62,98.38,0.0,False
2023-12-15,Taylor's Bar,Coors,0.0,58.61714285714286,420,291.62,30.0,0.0,False
2023-12-16,Taylor's Bar,Coors,0.0,58.61714285714286,420,390.0,0.0,0.0,False
2023-12-17,Taylor's Bar,Coors,0.0,43.76857142857143,390,420.0,0.0,0.0,False
2023-12-18,Taylor's Bar,Coors,0.0,18.34,330,420.0,0.0,0.0,False
2023-12-19,Taylor's Bar,Coors,0.0,18.34,330,420.0,0.0,0.0,False
2023-12-20,Taylor's Bar,Coors,508.66,18.34,330,0.0,330.0,88.66000000000003,True
2023-12-21,Taylor's Bar,Coors,0.0,91.00571428571428,480,0.0,150.0,0.0,False
2023-12-22,Taylor's Bar,Coors,0.0,72.66571428571429,450,330.0,0.0,0.0,False
2023-12-23,Taylor's Bar,Coors,0.0,72.66571428571429,450,480.0,0.0,0.0,False
2023-12-24,Taylor's Bar,Coors,0.0,72.66571428571429,450,480.0,0.0,0.0,False
2023-12-25,Taylor's Bar,Coors,0.0,72.66571428571429,450,480.0,0.0,0.0,False
2023-12-26,Taylor's Bar,Coors,0.0,72.66571428571429,450,480.0,0.0,0.0,False
2023-12-27,Taylor's Bar,Coors,0.0,72.66571428571429,450,480.0,0.0,0.0,False
2023-12-28,Taylor's Bar,Coors,0.0,0.0,300,480.0,0.0,0.0,False
2023-12-29,Taylor's Bar,Coors,0.0,0.0,300,480.0,0.0,0.0,False
2023-12-30,Taylor's Bar,Coors,472.18,0.0,300,7.819999999999993,292.18,0.0,False
2023-12-31,Taylor's Bar,Coors,0.0,67.45428571428572,450,7.819999999999993,150.0,0.0,False
2024-01-01,Taylor's Bar,Coors,0.0,67.45428571428572,450,300.0,0.0,0.0,False
2023-10-21,Taylor's Bar,Grey Goose,0.0,167.65125,750,750.0,0.0,0.0,False
2023-10-22,Taylor's Bar,Grey Goose,419.71,43.7375,510,330.29,179.70999999999998,0.0,False
2023-10-23,Taylor's Bar,Grey Goose,0.0,54.98375,510,330.29,0.0,0.0,False
2023-10-24,Taylor's Bar,Grey Goose,575.9,86.84125,600,0.0,600.0,65.89999999999998,True
2023-10-25,Taylor's Bar,Grey Goose,0.0,161.20499999999998,750,0.0,150.0,0.0,False
2023-10-26,Taylor's Bar,Grey Goose,521.1,85.23875000000001,570,78.89999999999998,341.1,0.0,False
2023-10-27,Taylor's Bar,Grey Goose,0.0,64.61,540,228.89999999999998,0.0,0.0,False
2023-10-28,Taylor's Bar,Grey Goose,0.0,167.65125,750,570.0,180.0,0.0,False
2023-10-29,Taylor's Bar,Grey Goose,483.73,96.20124999999999,600,86.26999999999998,333.73,0.0,False
2023-10-30,Taylor's Bar,Grey Goose,0.0,40.73875,480,266.27,0.0,0.0,False
2023-10-31,Taylor's Bar,Grey Goose,0.0,158.82875,720,600.0,120.0,0.0,False
2023-11-01,Taylor's Bar,Grey Goose,194.6,161.20499999999998,750,405.4,224.60000000000002,0.0,False
2023-11-02,Taylor's Bar,Grey Goose,0.0,137.385,690,525.4,0.0,0.0,False
2023-11-03,Taylor's Bar,Grey Goose,588.84,64.61,540,161.15999999999997,378.84000000000003,0.0,False
2023-11-04,Taylor's Bar,Grey Goose,317.81,107.9325,630,0.0,251.15999999999997,156.65000000000003,True
2023-11-05,Taylor's Bar,Grey Goose,0.0,156.66750000000002,720,378.84000000000003,90.0,0.0,False
2023-11-06,Taylor's Bar,Grey Goose,0.0,40.73875,480,630.0,0.0,0.0,False
2023-11-07,Taylor's Bar,Grey Goose,0.0,104.16999999999999,630,720.0,0.0,0.0,False
2023-11-08,Taylor's Bar,Grey Goose,488.49,185.53,780,231.51,548.49,0.0,False
2023-11-09,Taylor's Bar,Grey Goose,0.0,137.385,690,231.51,0.0,0.0,False
2023-11-10,Taylor's Bar,Grey Goose,0.0,138.215,690,780.0,0.0,0.0,False
2023-11-11,Taylor's Bar,Grey Goose,197.0,106.90625,630,583.0,47.0,0.0,False
2023-11-12,Taylor's Bar,Grey Goose,0.0,156.66750000000002,720,583.0,90.0,0.0,False
2023-11-13,Taylor's Bar,Grey Goose,0.0,40.73875,480,630.0,0.0,0.0,False
2023-11-14,Taylor's Bar,Grey Goose,0.0,104.16999999999999,630,720.0,0.0,0.0,False
2023-11-15,Taylor's Bar,Grey Goose,0.0,188.87375,780,720.0,60.0,0.0,False
2023-11-16,Taylor's Bar,Grey Goose,0.0,137.385,690,720.0,0.0,0.0,False
2023-11-17,Taylor's Bar,Grey Goose,0.0,138.215,690,780.0,0.0,0.0,False
2023-11-18,Taylor's Bar,Grey Goose,0.0,131.53125,690,780.0,0.0,0.0,False
2023-11-19,Taylor's Bar,Grey Goose,0.0,156.66750000000002,720,780.0,0.0,0.0,False
2023-11-20,Taylor's Bar,Grey Goose,0.0,40.73875,480,780.0,0.0,0.0,False
2023-11-21,Taylor's Bar,Grey Goose,0.0,71.9875,570,780.0,0.0,0.0,False
2023-11-22,Taylor's Bar,Grey Goose,0.0,188.87375,780,780.0,0.0,0.0,False
2023-11-23,Taylor's Bar,Grey Goose,0.0,137.385,690,780.0,0.0,0.0,False
2023-11-24,Taylor's Bar,Grey Goose,0.0,138.215,690,780.0,0.0,0.0,False
2023-11-25,Taylor's Bar,Grey Goose,240.77,131.53125,690,539.23,150.76999999999998,0.0,False
2023-11-26,Taylor's Bar,Grey Goose,0.0,112.93,630,539.23,0.0,0.0,False
2023-11-27,Taylor's Bar,Grey Goose,0.0,40.73875,480,690.0,0.0,0.0,False
2023-11-28,Taylor's Bar,Grey Goose,0.0,71.9875,570,690.0,0.0,0.0,False
2023-11-29,Taylor's Bar,Grey Goose,0.0,188.87375,780,690.0,90.0,0.0,False
2023-11-30,Taylor's Bar,Grey Goose,0.0,81.37,570,690.0,0.0,0.0,False
2023-12-01,Taylor's Bar,Grey Goose,0.0,138.215,690,780.0,0.0,0.0,False
2023-12-02,Taylor's Bar,Grey Goose,0.0,161.6275,750,780.0,0.0,0.0,False
2023-12-03,Taylor's Bar,Grey Goose,0.0,112.93,630,780.0,0.0,0.0,False
2023-12-04,Taylor's Bar,Grey Goose,0.0,40.73875,480,780.0,0.0,0.0,False
2023-12-05,Taylor's Bar,Grey Goose,329.64,71.9875,570,450.36,119.63999999999999,0.0,False
2023-12-06,Taylor's Bar,Grey Goose,534.95,125.57375,660,0.0,540.36,84.59000000000003,True
2023-12-07,Taylor's Bar,Grey Goose,373.94,65.1375,540,0.0,0.0,254.3,True
2023-12-08,Taylor's Bar,Grey Goose,0.0,138.215,690,540.36,149.64,0.0,False
2023-12-09,Taylor's Bar,Grey Goose,0.0,161.6275,750,540.36,60.0,0.0,False
2023-12-10,Taylor's Bar,Grey Goose,0.0,112.93,630,690.0,0.0,0.0,False
2023-12-11,Taylor's Bar,Grey Goose,0.0,0.0,420,750.0,0.0,0.0,False
2023-12-12,Taylor's Bar,Grey Goose,369.64,113.1925,630,380.36,249.64,0.0,False
2023-12-13,Taylor's Bar,Grey Goose,0.0,152.255,720,380.36,90.0,0.0,False
2023-12-14,Taylor's Bar,Grey Goose,155.99,111.88,630,474.01,65.99000000000001,0.0,False
2023-12-15,Taylor's Bar,Grey Goose,0.0,73.605,570,564.01,0.0,0.0,False
2023-12-16,Taylor's Bar,Grey Goose,0.0,94.44749999999999,600,630.0,0.0,0.0,False
2023-12-17,Taylor's Bar,Grey Goose,0.0,112.93,630,630.0,0.0,0.0,False
2023-12-18,Taylor's Bar,Grey Goose,0.0,0.0,420,630.0,0.0,0.0,False
2023-12-19,Taylor's Bar,Grey Goose,0.0,159.39749999999998,720,630.0,90.0,0.0,False
2023-12-20,Taylor's Bar,Grey Goose,0.0,152.255,720,630.0,0.0,0.0,False
2023-12-21,Taylor's Bar,Grey Goose,0.0,131.37875000000003,690,720.0,0.0,0.0,False
2023-12-22,Taylor's Bar,Grey Goose,0.0,73.605,570,720.0,0.0,0.0,False
2023-12-23,Taylor's Bar,Grey Goose,0.0,94.44749999999999,600,720.0,0.0,0.0,False
2023-12-24,Taylor's Bar,Grey Goose,0.0,60.46625,540,720.0,0.0,0.0,False
2023-12-25,Taylor's Bar,Grey Goose,0.0,0.0,420,720.0,0.0,0.0,False
2023-12-26,Taylor's Bar,Grey Goose,0.0,87.41,600,720.0,0.0,0.0,False
2023-12-27,Taylor's Bar,Grey Goose,0.0,152.255,720,720.0,0.0,0.0,False
2023-12-28,Taylor's Bar,Grey Goose,0.0,66.24125000000001,540,720.0,0.0,0.0,False
2023-12-29,Taylor's Bar,Grey Goose,0.0,73.605,570,720.0,0.0,0.0,False
2023-12-30,Taylor's Bar,Grey Goose,0.0,94.44749999999999,600,720.0,0.0,0.0,False
2023-12-31,Taylor's Bar,Grey Goose,0.0,0.0,420,720.0,0.0,0.0,False
2024-01-01,Taylor's Bar,Grey Goose,0.0,0.0,420,720.0,0.0,0.0,False
2023-10-21,Taylor's Bar,Heineken,0.0,0.0,270,270.0,0.0,0.0,False
2023-10-22,Taylor's Bar,Heineken,0.0,14.98375,300,270.0,30.0,0.0,False
2023-10-23,Taylor's Bar,Heineken,216.31,61.78875,390,53.69,306.31,0.0,False
2023-10-24,Taylor's Bar,Heineken,0.0,54.11375,390,83.69,0.0,0.0,False
2023-10-25,Taylor's Bar,Heineken,0.0,0.0,270,390.0,0.0,0.0,False
2023-10-26,Taylor's Bar,Heineken,0.0,0.0,270,390.0,0.0,0.0,False
2023-10-27,Taylor's Bar,Heineken,0.0,0.0,270,390.0,0.0,0.0,False
2023-10-28,Taylor's Bar,Heineken,0.0,0.0,270,390.0,0.0,0.0,False
2023-10-29,Taylor's Bar,Heineken,0.0,14.98375,300,390.0,0.0,0.0,False
2023-10-30,Taylor's Bar,Heineken,0.0,88.8275,450,390.0,60.0,0.0,False
2023-10-31,Taylor's Bar,Heineken,0.0,54.11375,390,390.0,0.0,0.0,False
2023-11-01,Taylor's Bar,Heineken,0.0,0.0,270,450.0,0.0,0.0,False
2023-11-02,Taylor's Bar,Heineken,0.0,0.0,270,450.0,0.0,0.0,False
2023-11-03,Taylor's Bar,Heineken,253.33,0.0,270,196.67,73.33000000000001,0.0,False
2023-11-04,Taylor's Bar,Heineken,0.0,0.0,270,196.67,0.0,0.0,False
2023-11-05,Taylor's Bar,Heineken,0.0,0.0,270,270.0,0.0,0.0,False
2023-11-06,Taylor's Bar,Heineken,0.0,88.8275,450,270.0,180.0,0.0,False
2023-11-07,Taylor's Bar,Heineken,0.0,54.11375,390,270.0,0.0,0.0,False
2023-11-08,Taylor's Bar,Heineken,0.0,0.0,270,450.0,0.0,0.0,False
2023-11-09,Taylor's Bar,Heineken,0.0,0.0,270,450.0,0.0,0.0,False
2023-11-10,Taylor's Bar,Heineken,0.0,31.66625,330,450.0,0.0,0.0,False
2023-11-11,Taylor's Bar,Heineken,0.0,0.0,270,450.0,0.0,0.0,False
2023-11-12,Taylor's Bar,Heineken,0.0,0.0,270,450.0,0.0,0.0,False
2023-11-13,Taylor's Bar,Heineken,0.0,88.8275,450,450.0,0.0,0.0,False
2023-11-14,Taylor's Bar,Heineken,0.0,0.0,270,450.0,0.0,0.0,False
2023-11-15,Taylor's Bar,Heineken,0.0,0.0,270,450.0,0.0,0.0,False
2023-11-16,Taylor's Bar,Heineken,0.0,0.0,270,450.0,0.0,0.0,False
2023-11-17,Taylor's Bar,Heineken,0.0,31.66625,330,450.0,0.0,0.0,False
2023-11-18,Taylor's Bar,Heineken,0.0,0.0,270,450.0,0.0,0.0,False
2023-11-19,Taylor's Bar,Heineken,0.0,0.0,270,450.0,0.0,0.0,False
2023-11-20,Taylor's Bar,Heineken,457.3,88.8275,450,0.0,450.0,7.300000000000011,True
2023-11-21,Taylor's Bar,Heineken,0.0,0.0,270,0.0,0.0,0.0,False
2023-11-22,Taylor's Bar,Heineken,0.0,0.0,270,450.0,0.0,0.0,False
2023-11-23,Taylor's Bar,Heineken,0.0,0.0,270,450.0,0.0,0.0,False
2023-11-24,Taylor's Bar,Heineken,0.0,31.66625,330,450.0,0.0,0.0,False
2023-11-25,Taylor's Bar,Heineken,0.0,0.0,270,450.0,0.0,0.0,False
2023-11-26,Taylor's Bar,Heineken,0.0,0.0,270,450.0,0.0,0.0,False
2023-11-27,Taylor's Bar,Heineken,0.0,145.99,570,450.0,120.0,0.0,False
2023-11-28,Taylor's Bar,Heineken,0.0,0.0,270,450.0,0.0,0.0,False
2023-11-29,Taylor's Bar,Heineken,0.0,0.0,270,570.0,0.0,0.0,False
2023-11-30,Taylor's Bar,Heineken,0.0,0.0,270,570.0,0.0,0.0,False
2023-12-01,Taylor's Bar,Heineken,0.0,31.66625,330,570.0,0.0,0.0,False
2023-12-02,Taylor's Bar,Heineken,567.6,0.0,270,2.3999999999999773,267.6,0.0,False
2023-12-03,Taylor's Bar,Heineken,0.0,0.0,270,2.3999999999999773,0.0,0.0,False
2023-12-04,Taylor's Bar,Heineken,0.0,145.99,570,270.0,300.0,0.0,False
2023-12-05,Taylor's Bar,Heineken,0.0,0.0,270,270.0,0.0,0.0,False
2023-12-06,Taylor's Bar,Heineken,0.0,0.0,270,570.0,0.0,0.0,False
2023-12-07,Taylor's Bar,Heineken,0.0,0.0,270,570.0,0.0,0.0,False
2023-12-08,Taylor's Bar,Heineken,0.0,31.66625,330,570.0,0.0,0.0,False
2023-12-09,Taylor's Bar,Heineken,0.0,70.95,420,570.0,0.0,0.0,False
2023-12-10,Taylor's Bar,Heineken,0.0,0.0,270,570.0,0.0,0.0,False
2023-12-11,Taylor's Bar,Heineken,0.0,84.20125,450,570.0,0.0,0.0,False
2023-12-12,Taylor's Bar,Heineken,0.0,0.0,270,570.0,0.0,0.0,False
2023-12-13,Taylor's Bar,Heineken,0.0,0.0,270,570.0,0.0,0.0,False
2023-12-14,Taylor's Bar,Heineken,0.0,0.0,270,570.0,0.0,0.0,False
2023-12-15,Taylor's Bar,Heineken,0.0,31.66625,330,570.0,0.0,0.0,False
2023-12-16,Taylor's Bar,Heineken,0.0,70.95,420,570.0,0.0,0.0,False
2023-12-17,Taylor's Bar,Heineken,0.0,0.0,270,570.0,0.0,0.0,False
2023-12-18,Taylor's Bar,Heineken,0.0,84.20125,450,570.0,0.0,0.0,False
2023-12-19,Taylor's Bar,Heineken,0.0,0.0,270,570.0,0.0,0.0,False
2023-12-20,Taylor's Bar,Heineken,0.0,0.0,270,570.0,0.0,0.0,False
2023-12-21,Taylor's Bar,Heineken,0.0,0.0,270,570.0,0.0,0.0,False
2023-12-22,Taylor's Bar,Heineken,0.0,31.66625,330,570.0,0.0,0.0,False
2023-12-23,Taylor's Bar,Heineken,0.0,70.95,420,570.0,0.0,0.0,False
2023-12-24,Taylor's Bar,Heineken,0.0,0.0,270,570.0,0.0,0.0,False
2023-12-25,Taylor's Bar,Heineken,0.0,57.1625,390,570.0,0.0,0.0,False
2023-12-26,Taylor's Bar,Heineken,0.0,0.0,270,570.0,0.0,0.0,False
2023-12-27,Taylor's Bar,Heineken,0.0,0.0,270,570.0,0.0,0.0,False
2023-12-28,Taylor's Bar,Heineken,0.0,0.0,270,570.0,0.0,0.0,False
2023-12-29,Taylor's Bar,Heineken,0.0,31.66625,330,570.0,0.0,0.0,False
2023-12-30,Taylor's Bar,Heineken,0.0,70.95,420,570.0,0.0,0.0,False
2023-12-31,Taylor's Bar,Heineken,0.0,0.0,270,570.0,0.0,0.0,False
2024-01-01,Taylor's Bar,Heineken,0.0,57.1625,390,570.0,0.0,0.0,False
2023-10-21,Taylor's Bar,Jack Daniels,0.0,81.46428571428571,540,540.0,0.0,0.0,False
2023-10-22,Taylor's Bar,Jack Daniels,0.0,81.46428571428571,540,540.0,0.0,0.0,False
2023-10-23,Taylor's Bar,Jack Daniels,0.0,0.0,390,540.0,0.0,0.0,False
2023-10-24,Taylor's Bar,Jack Daniels,0.0,0.0,390,540.0,0.0,0.0,False
2023-10-25,Taylor's Bar,Jack Daniels,0.0,0.0,390,540.0,0.0,0.0,False
2023-10-26,Taylor's Bar,Jack Daniels,464.93,0.0,390,75.07,314.93,0.0,False
2023-10-27,Taylor's Bar,Jack Daniels,0.0,66.41857142857143,510,75.07,120.0,0.0,False
2023-10-28,Taylor's Bar,Jack Daniels,0.0,66.41857142857143,510,390.0,0.0,0.0,False
2023-10-29,Taylor's Bar,Jack Daniels,0.0,66.41857142857143,510,510.0,0.0,0.0,False
2023-10-30,Taylor's Bar,Jack Daniels,0.0,66.41857142857143,510,510.0,0.0,0.0,False
2023-10-31,Taylor's Bar,Jack Daniels,0.0,66.41857142857143,510,510.0,0.0,0.0,False
2023-11-01,Taylor's Bar,Jack Daniels,0.0,66.41857142857143,510,510.0,0.0,0.0,False
2023-11-02,Taylor's Bar,Jack Daniels,0.0,66.41857142857143,510,510.0,0.0,0.0,False
2023-11-03,Taylor's Bar,Jack Daniels,0.0,0.0,390,510.0,0.0,0.0,False
2023-11-04,Taylor's Bar,Jack Daniels,0.0,0.0,390,510.0,0.0,0.0,False
2023-11-05,Taylor's Bar,Jack Daniels,0.0,0.0,390,510.0,0.0,0.0,False
2023-11-06,Taylor's Bar,Jack Daniels,59.39,0.0,390,450.61,0.0,0.0,False
2023-11-07,Taylor's Bar,Jack Daniels,0.0,8.484285714285715,420,450.61,0.0,0.0,False
2023-11-08,Taylor's Bar,Jack Daniels,0.0,8.484285714285715,420,450.61,0.0,0.0,False
2023-11-09,Taylor's Bar,Jack Daniels,0.0,8.484285714285715,420,450.61,0.0,0.0,False
2023-11-10,Taylor's Bar,Jack Daniels,0.0,8.484285714285715,420,450.61,0.0,0.0,False
2023-11-11,Taylor's Bar,Jack Daniels,0.0,8.484285714285715,420,450.61,0.0,0.0,False
2023-11-12,Taylor's Bar,Jack Daniels,0.0,8.484285714285715,420,450.61,0.0,0.0,False
2023-11-13,Taylor's Bar,Jack Daniels,0.0,8.484285714285715,420,450.61,0.0,0.0,False
2023-11-14,Taylor's Bar,Jack Daniels,0.0,0.0,390,450.61,0.0,0.0,False
2023-11-15,Taylor's Bar,Jack Daniels,0.0,0.0,390,450.61,0.0,0.0,False
2023-11-16,Taylor's Bar,Jack Daniels,0.0,0.0,390,450.61,0.0,0.0,False
2023-11-17,Taylor's Bar,Jack Daniels,0.0,0.0,390,450.61,0.0,0.0,False
2023-11-18,Taylor's Bar,Jack Daniels,0.0,0.0,390,450.61,0.0,0.0,False
2023-11-19,Taylor's Bar,Jack Daniels,0.0,0.0,390,450.61,0.0,0.0,False
2023-11-20,Taylor's Bar,Jack Daniels,0.0,0.0,390,450.61,0.0,0.0,False
2023-11-21,Taylor's Bar,Jack Daniels,0.0,0.0,390,450.61,0.0,0.0,False
2023-11-22,Taylor's Bar,Jack Daniels,0.0,0.0,390,450.61,0.0,0.0,False
2023-11-23,Taylor's Bar,Jack Daniels,0.0,0.0,390,450.61,0.0,0.0,False
2023-11-24,Taylor's Bar,Jack Daniels,0.0,0.0,390,450.61,0.0,0.0,False
2023-11-25,Taylor's Bar,Jack Daniels,0.0,0.0,390,450.61,0.0,0.0,False
2023-11-26,Taylor's Bar,Jack Daniels,0.0,0.0,390,450.61,0.0,0.0,False
2023-11-27,Taylor's Bar,Jack Daniels,0.0,0.0,390,450.61,0.0,0.0,False
2023-11-28,Taylor's Bar,Jack Daniels,520.51,0.0,390,0.0,390.0,69.89999999999998,True
2023-11-29,Taylor's Bar,Jack Daniels,129.79,74.35857142857142,540,0.0,150.0,129.79,True
2023-11-30,Taylor's Bar,Jack Daniels,0.0,92.89999999999999,570,390.0,30.0,0.0,False
2023-12-01,Taylor's Bar,Jack Daniels,421.23,92.89999999999999,570,118.76999999999998,421.23,0.0,False
2023-12-02,Taylor's Bar,Jack Daniels,0.0,153.07571428571427,690,148.76999999999998,120.0,0.0,False
2023-12-03,Taylor's Bar,Jack Daniels,0.0,153.07571428571427,690,570.0,0.0,0.0,False
2023-12-04,Taylor's Bar,Jack Daniels,0.0,153.07571428571427,690,690.0,0.0,0.0,False
2023-12-05,Taylor's Bar,Jack Daniels,0.0,153.07571428571427,690,690.0,0.0,0.0,False
2023-12-06,Taylor's Bar,Jack Daniels,0.0,78.71714285714286,540,690.0,0.0,0.0,False
2023-12-07,Taylor's Bar,Jack Daniels,0.0,60.175714285714285,510,690.0,0.0,0.0,False
2023-12-08,Taylor's Bar,Jack Daniels,0.0,60.175714285714285,510,690.0,0.0,0.0,False
2023-12-09,Taylor's Bar,Jack Daniels,0.0,0.0,390,690.0,0.0,0.0,False
2023-12-10,Taylor's Bar,Jack Daniels,414.88,0.0,390,275.12,114.88,0.0,False
2023-12-11,Taylor's Bar,Jack Daniels,0.0,59.26857142857143,510,275.12,120.0,0.0,False
2023-12-12,Taylor's Bar,Jack Daniels,0.0,59.26857142857143,510,390.0,0.0,0.0,False
2023-12-13,Taylor's Bar,Jack Daniels,0.0,59.26857142857143,510,510.0,0.0,0.0,False
2023-12-14,Taylor's Bar,Jack Daniels,0.0,59.26857142857143,510,510.0,0.0,0.0,False
2023-12-15,Taylor's Bar,Jack Daniels,0.0,59.26857142857143,510,510.0,0.0,0.0,False
2023-12-16,Taylor's Bar,Jack Daniels,0.0,59.26857142857143,510,510.0,0.0,0.0,False
2023-12-17,Taylor's Bar,Jack Daniels,420.44,59.26857142857143,510,89.56,420.44,0.0,False
2023-12-18,Taylor's Bar,Jack Daniels,0.0,60.06285714285714,510,89.56,0.0,0.0,False
2023-12-19,Taylor's Bar,Jack Daniels,0.0,60.06285714285714,510,510.0,0.0,0.0,False
2023-12-20,Taylor's Bar,Jack Daniels,0.0,60.06285714285714,510,510.0,0.0,0.0,False
2023-12-21,Taylor's Bar,Jack Daniels,418.63,60.06285714285714,510,91.37,418.63,0.0,False
2023-12-22,Taylor's Bar,Jack Daniels,0.0,119.86714285714285,630,91.37,120.0,0.0,False
2023-12-23,Taylor's Bar,Jack Daniels,200.43,119.86714285714285,630,309.57,200.43,0.0,False
2023-12-24,Taylor's Bar,Jack Daniels,0.0,148.5,690,429.57,60.0,0.0,False
2023-12-25,Taylor's Bar,Jack Daniels,0.0,88.43714285714285,570,630.0,0.0,0.0,False
2023-12-26,Taylor's Bar,Jack Daniels,439.35,88.43714285714285,570,250.64999999999998,319.35,0.0,False
2023-12-27,Taylor's Bar,Jack Daniels,0.0,151.20142857142855,690,250.64999999999998,120.0,0.0,False
2023-12-28,Taylor's Bar,Jack Daniels,0.0,151.20142857142855,690,570.0,0.0,0.0,False
2023-12-29,Taylor's Bar,Jack Daniels,0.0,91.39714285714285,570,690.0,0.0,0.0,False
2023-12-30,Taylor's Bar,Jack Daniels,0.0,91.39714285714285,570,690.0,0.0,0.0,False
2023-12-31,Taylor's Bar,Jack Daniels,0.0,62.76428571428572,510,690.0,0.0,0.0,False
2024-01-01,Taylor's Bar,Jack Daniels,0.0,62.76428571428572,510,690.0,0.0,0.0,False
2023-10-21,Taylor's Bar,Jameson,0.0,36.67375,420,420.0,0.0,0.0,False
2023-10-22,Taylor's Bar,Jameson,0.0,0.0,360,420.0,0.0,0.0,False
2023-10-23,Taylor's Bar,Jameson,0.0,36.3475,420,420.0,0.0,0.0,False
2023-10-24,Taylor's Bar,Jameson,0.0,117.02375,570,420.0,150.0,0.0,False
2023-10-25,Taylor's Bar,Jameson,141.68,34.09625,420,278.32,0.0,0.0,False
2023-10-26,Taylor's Bar,Jameson,0.0,55.74625,450,428.32,21.680000000000007,0.0,False
2023-10-27,Taylor's Bar,Jameson,0.0,28.91,420,428.32,0.0,0.0,False
2023-10-28,Taylor's Bar,Jameson,681.56,36.67375,420,0.0,420.0,231.55999999999995,True
2023-10-29,Taylor's Bar,Jameson,0.0,0.0,360,0.0,0.0,0.0,False
2023-10-30,Taylor's Bar,Jameson,0.0,36.3475,420,420.0,0.0,0.0,False
2023-10-31,Taylor's Bar,Jameson,516.86,66.8325,480,0.0,480.0,96.86000000000001,True
2023-11-01,Taylor's Bar,Jameson,0.0,51.80625,450,0.0,0.0,0.0,False
2023-11-02,Taylor's Bar,Jameson,0.0,55.74625,450,480.0,0.0,0.0,False
2023-11-03,Taylor's Bar,Jameson,0.0,0.0,360,480.0,0.0,0.0,False
2023-11-04,Taylor's Bar,Jameson,594.96,121.86874999999998,600,0.0,600.0,114.96000000000004,True
2023-11-05,Taylor's Bar,Jameson,205.11,0.0,360,0.0,0.0,205.11,True
2023-11-06,Taylor's Bar,Jameson,0.0,36.3475,420,600.0,0.0,0.0,False
2023-11-07,Taylor's Bar,Jameson,0.0,112.1,570,600.0,0.0,0.0,False
2023-11-08,Taylor's Bar,Jameson,0.0,51.80625,450,600.0,0.0,0.0,False
2023-11-09,Taylor's Bar,Jameson,0.0,55.74625,450,600.0,0.0,0.0,False
2023-11-10,Taylor's Bar,Jameson,264.88,0.0,360,335.12,24.879999999999995,0.0,False
2023-11-11,Taylor's Bar,Jameson,0.0,196.23874999999998,750,335.12,390.0,0.0,False
2023-11-12,Taylor's Bar,Jameson,0.0,25.63875,390,360.0,0.0,0.0,False
2023-11-13,Taylor's Bar,Jameson,0.0,36.3475,420,750.0,0.0,0.0,False
2023-11-14,Taylor's Bar,Jameson,0.0,112.1,570,750.0,0.0,0.0,False
2023-11-15,Taylor's Bar,Jameson,0.0,51.80625,450,750.0,0.0,0.0,False
2023-11-16,Taylor's Bar,Jameson,0.0,55.74625,450,750.0,0.0,0.0,False
2023-11-17,Taylor's Bar,Jameson,0.0,33.11,420,750.0,0.0,0.0,False
2023-11-18,Taylor's Bar,Jameson,0.0,173.63625,690,750.0,0.0,0.0,False
2023-11-19,Taylor's Bar,Jameson,0.0,25.63875,390,750.0,0.0,0.0,False
2023-11-20,Taylor's Bar,Jameson,0.0,36.3475,420,750.0,0.0,0.0,False
2023-11-21,Taylor's Bar,Jameson,517.45,112.1,570,232.54999999999995,337.45000000000005,0.0,False
2023-11-22,Taylor's Bar,Jameson,0.0,51.80625,450,232.54999999999995,0.0,0.0,False
2023-11-23,Taylor's Bar,Jameson,0.0,55.74625,450,570.0,0.0,0.0,False
2023-11-24,Taylor's Bar,Jameson,0.0,33.11,420,570.0,0.0,0.0,False
2023-11-25,Taylor's Bar,Jameson,0.0,173.63625,690,570.0,120.0,0.0,False
2023-11-26,Taylor's Bar,Jameson,0.0,25.63875,390,570.0,0.0,0.0,False
2023-11-27,Taylor's Bar,Jameson,0.0,36.3475,420,690.0,0.0,0.0,False
2023-11-28,Taylor's Bar,Jameson,0.0,176.78125,690,690.0,0.0,0.0,False
2023-11-29,Taylor's Bar,Jameson,0.0,51.80625,450,690.0,0.0,0.0,False
2023-11-30,Taylor's Bar,Jameson,0.0,0.0,360,690.0,0.0,0.0,False
2023-12-01,Taylor's Bar,Jameson,0.0,33.11,420,690.0,0.0,0.0,False
2023-12-02,Taylor's Bar,Jameson,0.0,173.63625,690,690.0,0.0,0.0,False
2023-12-03,Taylor's Bar,Jameson,0.0,25.63875,390,690.0,0.0,0.0,False
2023-12-04,Taylor's Bar,Jameson,0.0,0.0,360,690.0,0.0,0.0,False
2023-12-05,Taylor's Bar,Jameson,511.41,129.28875,600,178.58999999999997,421.41,0.0,False
2023-12-06,Taylor's Bar,Jameson,280.36,51.80625,450,0.0,28.589999999999975,101.77000000000004,True
2023-12-07,Taylor's Bar,Jameson,0.0,0.0,360,421.41,0.0,0.0,False
2023-12-08,Taylor's Bar,Jameson,0.0,33.11,420,450.0,0.0,0.0,False
2023-12-09,Taylor's Bar,Jameson,0.0,173.63625,690,450.0,240.0,0.0,False
2023-12-10,Taylor's Bar,Jameson,0.0,25.63875,390,450.0,0.0,0.0,False
2023-12-11,Taylor's Bar,Jameson,0.0,0.0,360,690.0,0.0,0.0,False
2023-12-12,Taylor's Bar,Jameson,0.0,193.21500000000003,720,690.0,30.0,0.0,False
2023-12-13,Taylor's Bar,Jameson,0.0,52.755,450,690.0,0.0,0.0,False
2023-12-14,Taylor's Bar,Jameson,535.0,0.0,360,185.0,175.0,0.0,False
2023-12-15,Taylor's Bar,Jameson,360.6,33.11,420,0.0,245.0,175.60000000000002,True
2023-12-16,Taylor's Bar,Jameson,261.47,159.565,660,0.0,415.0,86.47000000000003,True
2023-12-17,Taylor's Bar,Jameson,0.0,25.63875,390,245.0,0.0,0.0,False
2023-12-18,Taylor's Bar,Jameson,158.19,0.0,360,501.81,0.0,0.0,False
2023-12-19,Taylor's Bar,Jameson,0.0,193.21500000000003,720,501.81,218.19,0.0,False
2023-12-20,Taylor's Bar,Jameson,0.0,52.755,450,501.81,0.0,0.0,False
2023-12-21,Taylor's Bar,Jameson,0.0,66.875,480,720.0,0.0,0.0,False
2023-12-22,Taylor's Bar,Jameson,0.0,78.185,510,720.0,0.0,0.0,False
2023-12-23,Taylor's Bar,Jameson,0.0,192.24875,720,720.0,0.0,0.0,False
2023-12-24,Taylor's Bar,Jameson,0.0,25.63875,390,720.0,0.0,0.0,False
2023-12-25,Taylor's Bar,Jameson,0.0,19.77375,390,720.0,0.0,0.0,False
2023-12-26,Taylor's Bar,Jameson,0.0,193.215,720,720.0,0.0,0.0,False
2023-12-27,Taylor's Bar,Jameson,0.0,35.045,420,720.0,0.0,0.0,False
2023-12-28,Taylor's Bar,Jameson,0.0,66.875,480,720.0,0.0,0.0,False
2023-12-29,Taylor's Bar,Jameson,0.0,78.185,510,720.0,0.0,0.0,False
2023-12-30,Taylor's Bar,Jameson,0.0,107.05375000000001,570,720.0,0.0,0.0,False
2023-12-31,Taylor's Bar,Jameson,0.0,25.63875,390,720.0,0.0,0.0,False
2024-01-01,Taylor's Bar,Jameson,0.0,19.77375,390,720.0,0.0,0.0,False
2023-10-21,Taylor's Bar,Jim Beam,0.0,15.418571428571429,390,390.0,0.0,0.0,False
2023-10-22,Taylor's Bar,Jim Beam,0.0,15.418571428571429,390,390.0,0.0,0.0,False
2023-10-23,Taylor's Bar,Jim Beam,0.0,15.418571428571429,390,390.0,0.0,0.0,False
2023-10-24,Taylor's Bar,Jim Beam,0.0,15.418571428571429,390,390.0,0.0,0.0,False
2023-10-25,Taylor's Bar,Jim Beam,0.0,15.418571428571429,390,390.0,0.0,0.0,False
2023-10-26,Taylor's Bar,Jim Beam,0.0,15.418571428571429,390,390.0,0.0,0.0,False
2023-10-27,Taylor's Bar,Jim Beam,0.0,15.418571428571429,390,390.0,0.0,0.0,False
2023-10-28,Taylor's Bar,Jim Beam,0.0,0.0,360,390.0,0.0,0.0,False
2023-10-29,Taylor's Bar,Jim Beam,0.0,0.0,360,390.0,0.0,0.0,False
2023-10-30,Taylor's Bar,Jim Beam,0.0,0.0,360,390.0,0.0,0.0,False
2023-10-31,Taylor's Bar,Jim Beam,0.0,0.0,360,390.0,0.0,0.0,False
2023-11-01,Taylor's Bar,Jim Beam,0.0,0.0,360,390.0,0.0,0.0,False
2023-11-02,Taylor's Bar,Jim Beam,409.44,0.0,360,0.0,360.0,19.439999999999998,True
2023-11-03,Taylor's Bar,Jim Beam,0.0,58.49142857142857,480,0.0,120.0,0.0,False
2023-11-04,Taylor's Bar,Jim Beam,0.0,58.49142857142857,480,360.0,0.0,0.0,False
2023-11-05,Taylor's Bar,Jim Beam,0.0,58.49142857142857,480,480.0,0.0,0.0,False
2023-11-06,Taylor's Bar,Jim Beam,0.0,58.49142857142857,480,480.0,0.0,0.0,False
2023-11-07,Taylor's Bar,Jim Beam,502.53,58.49142857142857,480,0.0,480.0,22.529999999999973,True
2023-11-08,Taylor's Bar,Jim Beam,246.41,130.28142857142856,630,0.0,150.0,246.41,True
2023-11-09,Taylor's Bar,Jim Beam,0.0,165.48285714285717,690,480.0,60.0,0.0,False
2023-11-10,Taylor's Bar,Jim Beam,0.0,106.99142857142856,570,630.0,0.0,0.0,False
2023-11-11,Taylor's Bar,Jim Beam,0.0,106.99142857142856,570,690.0,0.0,0.0,False
2023-11-12,Taylor's Bar,Jim Beam,587.72,106.99142857142856,570,102.27999999999997,467.72,0.0,False
2023-11-13,Taylor's Bar,Jim Beam,0.0,190.95142857142855,750,102.27999999999997,180.0,0.0,False
2023-11-14,Taylor's Bar,Jim Beam,0.0,190.95142857142855,750,570.0,0.0,0.0,False
2023-11-15,Taylor's Bar,Jim Beam,0.0,119.16142857142857,600,750.0,0.0,0.0,False
2023-11-16,Taylor's Bar,Jim Beam,187.59,83.96000000000001,540,562.41,0.0,0.0,False
2023-11-17,Taylor's Bar,Jim Beam,0.0,110.75857142857144,570,562.41,7.590000000000032,0.0,False
2023-11-18,Taylor's Bar,Jim Beam,0.0,110.75857142857144,570,562.41,0.0,0.0,False
2023-11-19,Taylor's Bar,Jim Beam,0.0,110.75857142857144,570,570.0,0.0,0.0,False
2023-11-20,Taylor's Bar,Jim Beam,181.11,26.798571428571428,420,388.89,31.110000000000014,0.0,False
2023-11-21,Taylor's Bar,Jim Beam,0.0,52.67142857142858,480,388.89,60.0,0.0,False
2023-11-22,Taylor's Bar,Jim Beam,0.0,52.67142857142858,480,420.0,0.0,0.0,False
2023-11-23,Taylor's Bar,Jim Beam,0.0,52.67142857142858,480,480.0,0.0,0.0,False
2023-11-24,Taylor's Bar,Jim Beam,0.0,25.872857142857146,420,480.0,0.0,0.0,False
2023-11-25,Taylor's Bar,Jim Beam,0.0,25.872857142857146,420,480.0,0.0,0.0,False
2023-11-26,Taylor's Bar,Jim Beam,0.0,25.872857142857146,420,480.0,0.0,0.0,False
2023-11-27,Taylor's Bar,Jim Beam,0.0,25.872857142857146,420,480.0,0.0,0.0,False
2023-11-28,Taylor's Bar,Jim Beam,0.0,0.0,360,480.0,0.0,0.0,False
2023-11-29,Taylor's Bar,Jim Beam,0.0,0.0,360,480.0,0.0,0.0,False
2023-11-30,Taylor's Bar,Jim Beam,0.0,0.0,360,480.0,0.0,0.0,False
2023-12-01,Taylor's Bar,Jim Beam,0.0,0.0,360,480.0,0.0,0.0,False
2023-12-02,Taylor's Bar,Jim Beam,0.0,0.0,360,480.0,0.0,0.0,False
2023-12-03,Taylor's Bar,Jim Beam,952.32,0.0,360,0.0,360.0,472.32000000000005,True
2023-12-04,Taylor's Bar,Jim Beam,542.69,136.0457142857143,630,0.0,270.0,542.69,True
2023-12-05,Taylor's Bar,Jim Beam,0.0,213.57285714285717,780,360.0,150.0,0.0,False
2023-12-06,Taylor's Bar,Jim Beam,0.0,213.57285714285717,780,630.0,0.0,0.0,False
2023-12-07,Taylor's Bar,Jim Beam,0.0,213.57285714285717,780,780.0,0.0,0.0,False
2023-12-08,Taylor's Bar,Jim Beam,532.39,213.57285714285717,780,247.61,532.39,0.0,False
2023-12-09,Taylor's Bar,Jim Beam,0.0,289.62857142857143,930,247.61,150.0,0.0,False
2023-12-10,Taylor's Bar,Jim Beam,0.0,289.62857142857143,930,780.0,0.0,0.0,False
2023-12-11,Taylor's Bar,Jim Beam,0.0,153.58285714285714,660,930.0,0.0,0.0,False
2023-12-12,Taylor's Bar,Jim Beam,341.12,76.05571428571429,510,588.88,0.0,0.0,False
2023-12-13,Taylor's Bar,Jim Beam,522.56,124.78714285714285,600,66.32000000000005,533.68,0.0,False
2023-12-14,Taylor's Bar,Jim Beam,0.0,199.4385714285714,750,66.32000000000005,150.0,0.0,False
2023-12-15,Taylor's Bar,Jim Beam,0.0,199.4385714285714,750,600.0,0.0,0.0,False
2023-12-16,Taylor's Bar,Jim Beam,0.0,123.38285714285713,600,750.0,0.0,0.0,False
2023-12-17,Taylor's Bar,Jim Beam,0.0,123.38285714285713,600,750.0,0.0,0.0,False
2023-12-18,Taylor's Bar,Jim Beam,0.0,123.38285714285713,600,750.0,0.0,0.0,False
2023-12-19,Taylor's Bar,Jim Beam,0.0,123.38285714285713,600,750.0,0.0,0.0,False
2023-12-20,Taylor's Bar,Jim Beam,107.29,74.65142857142857,510,642.71,0.0,0.0,False
2023-12-21,Taylor's Bar,Jim Beam,0.0,15.327142857142858,390,642.71,0.0,0.0,False
2023-12-22,Taylor's Bar,Jim Beam,337.62,15.327142857142858,390,305.09000000000003,84.90999999999997,0.0,False
2023-12-23,Taylor's Bar,Jim Beam,0.0,63.55857142857143,480,305.09000000000003,90.0,0.0,False
2023-12-24,Taylor's Bar,Jim Beam,0.0,63.55857142857143,480,390.0,0.0,0.0,False
2023-12-25,Taylor's Bar,Jim Beam,0.0,63.55857142857143,480,480.0,0.0,0.0,False
2023-12-26,Taylor's Bar,Jim Beam,0.0,63.55857142857143,480,480.0,0.0,0.0,False
2023-12-27,Taylor's Bar,Jim Beam,0.0,63.55857142857143,480,480.0,0.0,0.0,False
2023-12-28,Taylor's Bar,Jim Beam,0.0,48.23142857142857,450,480.0,0.0,0.0,False
2023-12-29,Taylor's Bar,Jim Beam,358.99,48.23142857142857,450,121.00999999999999,328.99,0.0,False
2023-12-30,Taylor's Bar,Jim Beam,0.0,51.284285714285716,450,121.00999999999999,0.0,0.0,False
2023-12-31,Taylor's Bar,Jim Beam,349.75,51.284285714285716,450,100.25,349.75,0.0,False
2024-01-01,Taylor's Bar,Jim Beam,253.33,101.24857142857142,570,0.0,220.25,153.08,True
2023-10-21,Taylor's Bar,Malibu,0.0,119.86142857142856,570,570.0,0.0,0.0,False
2023-10-22,Taylor's Bar,Malibu,0.0,119.86142857142856,570,570.0,0.0,0.0,False
2023-10-23,Taylor's Bar,Malibu,0.0,119.86142857142856,570,570.0,0.0,0.0,False
2023-10-24,Taylor's Bar,Malibu,0.0,119.86142857142856,570,570.0,0.0,0.0,False
2023-10-25,Taylor's Bar,Malibu,0.0,64.34428571428572,450,570.0,0.0,0.0,False
2023-10-26,Taylor's Bar,Malibu,0.0,0.0,330,570.0,0.0,0.0,False
2023-10-27,Taylor's Bar,Malibu,0.0,0.0,330,570.0,0.0,0.0,False
2023-10-28,Taylor's Bar,Malibu,0.0,0.0,330,570.0,0.0,0.0,False
2023-10-29,Taylor's Bar,Malibu,0.0,0.0,330,570.0,0.0,0.0,False
2023-10-30,Taylor's Bar,Malibu,0.0,0.0,330,570.0,0.0,0.0,False
2023-10-31,Taylor's Bar,Malibu,0.0,0.0,330,570.0,0.0,0.0,False
2023-11-01,Taylor's Bar,Malibu,0.0,0.0,330,570.0,0.0,0.0,False
2023-11-02,Taylor's Bar,Malibu,0.0,0.0,330,570.0,0.0,0.0,False
2023-11-03,Taylor's Bar,Malibu,363.96,0.0,330,206.04000000000002,123.95999999999998,0.0,False
2023-11-04,Taylor's Bar,Malibu,0.0,51.99428571428571,450,206.04000000000002,120.0,0.0,False
2023-11-05,Taylor's Bar,Malibu,0.0,51.99428571428571,450,330.0,0.0,0.0,False
2023-11-06,Taylor's Bar,Malibu,0.0,51.99428571428571,450,450.0,0.0,0.0,False
2023-11-07,Taylor's Bar,Malibu,460.29,51.99428571428571,450,0.0,450.0,10.29000000000002,True
2023-11-08,Taylor's Bar,Malibu,229.22,117.75,570,0.0,120.0,229.22,True
2023-11-09,Taylor's Bar,Malibu,0.0,150.49571428571429,630,450.0,60.0,0.0,False
2023-11-10,Taylor's Bar,Malibu,0.0,150.49571428571429,630,570.0,0.0,0.0,False
2023-11-11,Taylor's Bar,Malibu,0.0,98.50142857142858,540,630.0,0.0,0.0,False
2023-11-12,Taylor's Bar,Malibu,0.0,98.50142857142858,540,630.0,0.0,0.0,False
2023-11-13,Taylor's Bar,Malibu,0.0,98.50142857142858,540,630.0,0.0,0.0,False
2023-11-14,Taylor's Bar,Malibu,0.0,98.50142857142858,540,630.0,0.0,0.0,False
2023-11-15,Taylor's Bar,Malibu,0.0,32.745714285714286,390,630.0,0.0,0.0,False
2023-11-16,Taylor's Bar,Malibu,0.0,0.0,330,630.0,0.0,0.0,False
2023-11-17,Taylor's Bar,Malibu,0.0,0.0,330,630.0,0.0,0.0,False
2023-11-18,Taylor's Bar,Malibu,0.0,0.0,330,630.0,0.0,0.0,False
2023-11-19,Taylor's Bar,Malibu,434.3,0.0,330,195.7,134.3,0.0,False
2023-11-20,Taylor's Bar,Malibu,0.0,62.042857142857144,450,195.7,120.0,0.0,False
2023-11-21,Taylor's Bar,Malibu,116.8,62.042857142857144,450,213.2,116.80000000000001,0.0,False
2023-11-22,Taylor's Bar,Malibu,0.0,78.72857142857143,480,333.2,30.0,0.0,False
2023-11-23,Taylor's Bar,Malibu,0.0,78.72857142857143,480,450.0,0.0,0.0,False
2023-11-24,Taylor's Bar,Malibu,0.0,78.72857142857143,480,480.0,0.0,0.0,False
2023-11-25,Taylor's Bar,Malibu,0.0,78.72857142857143,480,480.0,0.0,0.0,False
2023-11-26,Taylor's Bar,Malibu,0.0,78.72857142857143,480,480.0,0.0,0.0,False
2023-11-27,Taylor's Bar,Malibu,0.0,16.685714285714287,360,480.0,0.0,0.0,False
2023-11-28,Taylor's Bar,Malibu,216.72,16.685714285714287,360,263.28,96.72000000000003,0.0,False
2023-11-29,Taylor's Bar,Malibu,0.0,30.96,390,263.28,30.0,0.0,False
2023-11-30,Taylor's Bar,Malibu,0.0,30.96,390,360.0,0.0,0.0,False
2023-12-01,Taylor's Bar,Malibu,0.0,30.96,390,390.0,0.0,0.0,False
2023-12-02,Taylor's Bar,Malibu,0.0,30.96,390,390.0,0.0,0.0,False
2023-12-03,Taylor's Bar,Malibu,0.0,30.96,390,390.0,0.0,0.0,False
2023-12-04,Taylor's Bar,Malibu,0.0,30.96,390,390.0,0.0,0.0,False
2023-12-05,Taylor's Bar,Malibu,0.0,30.96,390,390.0,0.0,0.0,False
2023-12-06,Taylor's Bar,Malibu,0.0,0.0,330,390.0,0.0,0.0,False
2023-12-07,Taylor's Bar,Malibu,332.73,0.0,330,57.26999999999998,272.73,0.0,False
2023-12-08,Taylor's Bar,Malibu,0.0,47.53285714285715,420,57.26999999999998,90.0,0.0,False
2023-12-09,Taylor's Bar,Malibu,163.83,47.53285714285715,420,166.17,163.83000000000004,0.0,False
2023-12-10,Taylor's Bar,Malibu,0.0,70.93714285714286,480,256.16999999999996,60.0,0.0,False
2023-12-11,Taylor's Bar,Malibu,0.0,70.93714285714286,480,420.0,0.0,0.0,False
2023-12-12,Taylor's Bar,Malibu,0.0,70.93714285714286,480,480.0,0.0,0.0,False
2023-12-13,Taylor's Bar,Malibu,517.48,70.93714285714286,480,0.0,480.0,37.48000000000002,True
2023-12-14,Taylor's Bar,Malibu,0.0,144.86285714285717,630,0.0,150.0,0.0,False
2023-12-15,Taylor's Bar,Malibu,0.0,97.33000000000001,540,480.0,0.0,0.0,False
2023-12-16,Taylor's Bar,Malibu,0.0,97.33000000000001,540,630.0,0.0,0.0,False
2023-12-17,Taylor's Bar,Malibu,0.0,73.92571428571429,480,630.0,0.0,0.0,False
2023-12-18,Taylor's Bar,Malibu,0.0,73.92571428571429,480,630.0,0.0,0.0,False
2023-12-19,Taylor's Bar,Malibu,247.42,73.92571428571429,480,382.58000000000004,97.41999999999996,0.0,False
2023-12-20,Taylor's Bar,Malibu,0.0,109.27142857142857,540,382.58000000000004,60.0,0.0,False
2023-12-21,Taylor's Bar,Malibu,301.01,35.34571428571429,390,178.99,151.01,0.0,False
2023-12-22,Taylor's Bar,Malibu,0.0,78.34714285714286,480,238.99,90.0,0.0,False
2023-12-23,Taylor's Bar,Malibu,0.0,78.34714285714286,480,390.0,0.0,0.0,False
2023-12-24,Taylor's Bar,Malibu,0.0,78.34714285714286,480,480.0,0.0,0.0,False
2023-12-25,Taylor's Bar,Malibu,0.0,78.34714285714286,480,480.0,0.0,0.0,False
2023-12-26,Taylor's Bar,Malibu,0.0,78.34714285714286,480,480.0,0.0,0.0,False
2023-12-27,Taylor's Bar,Malibu,383.17,43.00142857142857,420,96.82999999999998,323.17,0.0,False
2023-12-28,Taylor's Bar,Malibu,0.0,97.74000000000001,540,96.82999999999998,120.0,0.0,False
2023-12-29,Taylor's Bar,Malibu,575.17,54.73857142857143,450,0.0,330.0,155.16999999999996,True
2023-12-30,Taylor's Bar,Malibu,0.0,136.90571428571428,600,120.0,150.0,0.0,False
2023-12-31,Taylor's Bar,Malibu,220.2,136.90571428571428,600,229.8,220.2,0.0,False
2024-01-01,Taylor's Bar,Malibu,0.0,168.36285714285714,660,379.8,60.0,0.0,False
2023-10-21,Taylor's Bar,Miller,0.0,0.0,330,330.0,0.0,0.0,False
2023-10-22,Taylor's Bar,Miller,0.0,0.0,330,330.0,0.0,0.0,False
2023-10-23,Taylor's Bar,Miller,0.0,92.4875,510,330.0,180.0,0.0,False
2023-10-24,Taylor's Bar,Miller,0.0,0.0,330,330.0,0.0,0.0,False
2023-10-25,Taylor's Bar,Miller,0.0,125.70750000000001,570,510.0,60.0,0.0,False
2023-10-26,Taylor's Bar,Miller,0.0,0.0,330,510.0,0.0,0.0,False
2023-10-27,Taylor's Bar,Miller,0.0,107.03625,540,570.0,0.0,0.0,False
2023-10-28,Taylor's Bar,Miller,967.73,0.0,330,0.0,330.0,397.73,True
2023-10-29,Taylor's Bar,Miller,270.93,0.0,330,0.0,0.0,270.93,True
2023-10-30,Taylor's Bar,Miller,0.0,92.4875,510,330.0,180.0,0.0,False
2023-10-31,Taylor's Bar,Miller,286.25,0.0,330,43.75,106.25,0.0,False
2023-11-01,Taylor's Bar,Miller,0.0,125.70750000000001,570,223.75,240.0,0.0,False
2023-11-02,Taylor's Bar,Miller,261.61,0.0,330,68.38999999999999,21.610000000000014,0.0,False
2023-11-03,Taylor's Bar,Miller,0.0,107.03625,540,308.39,210.0,0.0,False
2023-11-04,Taylor's Bar,Miller,0.0,120.96625,570,330.0,30.0,0.0,False
2023-11-05,Taylor's Bar,Miller,0.0,33.86625,390,540.0,0.0,0.0,False
2023-11-06,Taylor's Bar,Miller,0.0,92.4875,510,570.0,0.0,0.0,False
2023-11-07,Taylor's Bar,Miller,0.0,35.78125,390,570.0,0.0,0.0,False
2023-11-08,Taylor's Bar,Miller,0.0,125.70750000000001,570,570.0,0.0,0.0,False
2023-11-09,Taylor's Bar,Miller,0.0,32.70125,390,570.0,0.0,0.0,False
2023-11-10,Taylor's Bar,Miller,0.0,34.77375,390,570.0,0.0,0.0,False
2023-11-11,Taylor's Bar,Miller,0.0,120.96625,570,570.0,0.0,0.0,False
2023-11-12,Taylor's Bar,Miller,0.0,33.86625,390,570.0,0.0,0.0,False
2023-11-13,Taylor's Bar,Miller,0.0,92.4875,510,570.0,0.0,0.0,False
2023-11-14,Taylor's Bar,Miller,0.0,35.78125,390,570.0,0.0,0.0,False
2023-11-15,Taylor's Bar,Miller,0.0,86.025,510,570.0,0.0,0.0,False
2023-11-16,Taylor's Bar,Miller,0.0,32.70125,390,570.0,0.0,0.0,False
2023-11-17,Taylor's Bar,Miller,0.0,34.77375,390,570.0,0.0,0.0,False
2023-11-18,Taylor's Bar,Miller,0.0,120.96625,570,570.0,0.0,0.0,False
2023-11-19,Taylor's Bar,Miller,0.0,33.86625,390,570.0,0.0,0.0,False
2023-11-20,Taylor's Bar,Miller,0.0,77.10249999999999,480,570.0,0.0,0.0,False
2023-11-21,Taylor's Bar,Miller,0.0,35.78125,390,570.0,0.0,0.0,False
2023-11-22,Taylor's Bar,Miller,0.0,86.025,510,570.0,0.0,0.0,False
2023-11-23,Taylor's Bar,Miller,0.0,32.70125,390,570.0,0.0,0.0,False
2023-11-24,Taylor's Bar,Miller,0.0,34.77375,390,570.0,0.0,0.0,False
2023-11-25,Taylor's Bar,Miller,0.0,120.96625,570,570.0,0.0,0.0,False
2023-11-26,Taylor's Bar,Miller,0.0,33.86625,390,570.0,0.0,0.0,False
2023-11-27,Taylor's Bar,Miller,0.0,71.84875,480,570.0,0.0,0.0,False
2023-11-28,Taylor's Bar,Miller,0.0,35.78125,390,570.0,0.0,0.0,False
2023-11-29,Taylor's Bar,Miller,0.0,86.025,510,570.0,0.0,0.0,False
2023-11-30,Taylor's Bar,Miller,0.0,32.70125,390,570.0,0.0,0.0,False
2023-12-01,Taylor's Bar,Miller,0.0,34.77375,390,570.0,0.0,0.0,False
2023-12-02,Taylor's Bar,Miller,0.0,120.96625,570,570.0,0.0,0.0,False
2023-12-03,Taylor's Bar,Miller,0.0,33.86625,390,570.0,0.0,0.0,False
2023-12-04,Taylor's Bar,Miller,0.0,71.84875,480,570.0,0.0,0.0,False
2023-12-05,Taylor's Bar,Miller,0.0,35.78125,390,570.0,0.0,0.0,False
2023-12-06,Taylor's Bar,Miller,0.0,86.025,510,570.0,0.0,0.0,False
2023-12-07,Taylor's Bar,Miller,0.0,32.70125,390,570.0,0.0,0.0,False
2023-12-08,Taylor's Bar,Miller,0.0,34.77375,390,570.0,0.0,0.0,False
2023-12-09,Taylor's Bar,Miller,0.0,120.96625,570,570.0,0.0,0.0,False
2023-12-10,Taylor's Bar,Miller,0.0,33.86625,390,570.0,0.0,0.0,False
2023-12-11,Taylor's Bar,Miller,0.0,71.84875,480,570.0,0.0,0.0,False
2023-12-12,Taylor's Bar,Miller,0.0,35.78125,390,570.0,0.0,0.0,False
2023-12-13,Taylor's Bar,Miller,0.0,14.74625,360,570.0,0.0,0.0,False
2023-12-14,Taylor's Bar,Miller,0.0,32.70125,390,570.0,0.0,0.0,False
2023-12-15,Taylor's Bar,Miller,0.0,0.0,330,570.0,0.0,0.0,False
2023-12-16,Taylor's Bar,Miller,0.0,120.96625,570,570.0,0.0,0.0,False
2023-12-17,Taylor's Bar,Miller,0.0,33.86625,390,570.0,0.0,0.0,False
2023-12-18,Taylor's Bar,Miller,0.0,0.0,330,570.0,0.0,0.0,False
2023-12-19,Taylor's Bar,Miller,0.0,35.78125,390,570.0,0.0,0.0,False
2023-12-20,Taylor's Bar,Miller,0.0,0.0,330,570.0,0.0,0.0,False
2023-12-21,Taylor's Bar,Miller,0.0,32.70125,390,570.0,0.0,0.0,False
2023-12-22,Taylor's Bar,Miller,0.0,0.0,330,570.0,0.0,0.0,False
2023-12-23,Taylor's Bar,Miller,0.0,120.96625,570,570.0,0.0,0.0,False
2023-12-24,Taylor's Bar,Miller,0.0,33.86625,390,570.0,0.0,0.0,False
2023-12-25,Taylor's Bar,Miller,0.0,0.0,330,570.0,0.0,0.0,False
2023-12-26,Taylor's Bar,Miller,0.0,35.78125,390,570.0,0.0,0.0,False
2023-12-27,Taylor's Bar,Miller,0.0,0.0,330,570.0,0.0,0.0,False
2023-12-28,Taylor's Bar,Miller,0.0,32.70125,390,570.0,0.0,0.0,False
2023-12-29,Taylor's Bar,Miller,0.0,0.0,330,570.0,0.0,0.0,False
2023-12-30,Taylor's Bar,Miller,0.0,0.0,330,570.0,0.0,0.0,False
2023-12-31,Taylor's Bar,Miller,0.0,0.0,330,570.0,0.0,0.0,False
2024-01-01,Taylor's Bar,Miller,0.0,0.0,330,570.0,0.0,0.0,False
2023-10-21,Taylor's Bar,Smirnoff,0.0,0.0,360,360.0,0.0,0.0,False
2023-10-22,Taylor's Bar,Smirnoff,0.0,0.0,360,360.0,0.0,0.0,False
2023-10-23,Taylor's Bar,Smirnoff,0.0,0.0,360,360.0,0.0,0.0,False
2023-10-24,Taylor's Bar,Smirnoff,0.0,0.0,360,360.0,0.0,0.0,False
2023-10-25,Taylor's Bar,Smirnoff,0.0,0.0,360,360.0,0.0,0.0,False
2023-10-26,Taylor's Bar,Smirnoff,0.0,0.0,360,360.0,0.0,0.0,False
2023-10-27,Taylor's Bar,Smirnoff,0.0,0.0,360,360.0,0.0,0.0,False
2023-10-28,Taylor's Bar,Smirnoff,0.0,0.0,360,360.0,0.0,0.0,False
2023-10-29,Taylor's Bar,Smirnoff,0.0,0.0,360,360.0,0.0,0.0,False
2023-10-30,Taylor's Bar,Smirnoff,0.0,0.0,360,360.0,0.0,0.0,False
2023-10-31,Taylor's Bar,Smirnoff,0.0,0.0,360,360.0,0.0,0.0,False
2023-11-01,Taylor's Bar,Smirnoff,0.0,0.0,360,360.0,0.0,0.0,False
2023-11-02,Taylor's Bar,Smirnoff,495.09,0.0,360,0.0,360.0,135.08999999999997,True
2023-11-03,Taylor's Bar,Smirnoff,0.0,70.72714285714285,510,0.0,150.0,0.0,False
2023-11-04,Taylor's Bar,Smirnoff,0.0,70.72714285714285,510,360.0,0.0,0.0,False
2023-11-05,Taylor's Bar,Smirnoff,0.0,70.72714285714285,510,510.0,0.0,0.0,False
2023-11-06,Taylor's Bar,Smirnoff,0.0,70.72714285714285,510,510.0,0.0,0.0,False
2023-11-07,Taylor's Bar,Smirnoff,0.0,70.72714285714285,510,510.0,0.0,0.0,False
2023-11-08,Taylor's Bar,Smirnoff,0.0,70.72714285714285,510,510.0,0.0,0.0,False
2023-11-09,Taylor's Bar,Smirnoff,544.05,70.72714285714285,510,0.0,510.0,34.049999999999955,True
2023-11-10,Taylor's Bar,Smirnoff,376.37,77.72142857142856,510,0.0,0.0,376.37,True
2023-11-11,Taylor's Bar,Smirnoff,0.0,131.48857142857142,630,510.0,120.0,0.0,False
2023-11-12,Taylor's Bar,Smirnoff,0.0,131.48857142857142,630,510.0,0.0,0.0,False
2023-11-13,Taylor's Bar,Smirnoff,0.0,131.48857142857142,630,630.0,0.0,0.0,False
2023-11-14,Taylor's Bar,Smirnoff,189.0,131.48857142857142,630,441.0,189.0,0.0,False
2023-11-15,Taylor's Bar,Smirnoff,0.0,158.48857142857145,690,441.0,60.0,0.0,False
2023-11-16,Taylor's Bar,Smirnoff,0.0,158.48857142857145,690,630.0,0.0,0.0,False
2023-11-17,Taylor's Bar,Smirnoff,0.0,80.76714285714286,540,690.0,0.0,0.0,False
2023-11-18,Taylor's Bar,Smirnoff,309.16,27.0,420,380.84,39.160000000000025,0.0,False
2023-11-19,Taylor's Bar,Smirnoff,0.0,71.16571428571429,510,380.84,90.0,0.0,False
2023-11-20,Taylor's Bar,Smirnoff,598.15,71.16571428571429,510,0.0,420.0,178.14999999999998,True
2023-11-21,Taylor's Bar,Smirnoff,0.0,156.6157142857143,690,90.0,180.0,0.0,False
2023-11-22,Taylor's Bar,Smirnoff,587.65,129.6157142857143,630,0.0,450.0,77.64999999999998,True
2023-11-23,Taylor's Bar,Smirnoff,0.0,213.56571428571428,780,180.0,150.0,0.0,False
2023-11-24,Taylor's Bar,Smirnoff,0.0,213.56571428571428,780,630.0,0.0,0.0,False
2023-11-25,Taylor's Bar,Smirnoff,0.0,213.56571428571428,780,780.0,0.0,0.0,False
2023-11-26,Taylor's Bar,Smirnoff,497.67,169.4,720,282.33,437.67,0.0,False
2023-11-27,Taylor's Bar,Smirnoff,0.0,240.49571428571429,840,282.33,120.0,0.0,False
2023-11-28,Taylor's Bar,Smirnoff,0.0,155.04571428571427,690,720.0,0.0,0.0,False
2023-11-29,Taylor's Bar,Smirnoff,0.0,155.04571428571427,690,840.0,0.0,0.0,False
2023-11-30,Taylor's Bar,Smirnoff,0.0,71.0957142857143,510,840.0,0.0,0.0,False
2023-12-01,Taylor's Bar,Smirnoff,0.0,71.0957142857143,510,840.0,0.0,0.0,False
2023-12-02,Taylor's Bar,Smirnoff,0.0,71.0957142857143,510,840.0,0.0,0.0,False
2023-12-03,Taylor's Bar,Smirnoff,0.0,71.0957142857143,510,840.0,0.0,0.0,False
2023-12-04,Taylor's Bar,Smirnoff,0.0,0.0,360,840.0,0.0,0.0,False
2023-12-05,Taylor's Bar,Smirnoff,0.0,0.0,360,840.0,0.0,0.0,False
2023-12-06,Taylor's Bar,Smirnoff,0.0,0.0,360,840.0,0.0,0.0,False
2023-12-07,Taylor's Bar,Smirnoff,0.0,0.0,360,840.0,0.0,0.0,False
2023-12-08,Taylor's Bar,Smirnoff,0.0,0.0,360,840.0,0.0,0.0,False
2023-12-09,Taylor's Bar,Smirnoff,376.04,0.0,360,463.96,0.0,0.0,False
2023-12-10,Taylor's Bar,Smirnoff,555.8,53.720000000000006,480,0.0,480.0,91.83999999999997,True
2023-12-11,Taylor's Bar,Smirnoff,0.0,133.11999999999998,630,0.0,150.0,0.0,False
2023-12-12,Taylor's Bar,Smirnoff,0.0,133.11999999999998,630,480.0,0.0,0.0,False
2023-12-13,Taylor's Bar,Smirnoff,214.02,133.11999999999998,630,415.98,214.01999999999998,0.0,False
2023-12-14,Taylor's Bar,Smirnoff,0.0,163.6942857142857,690,415.98,60.0,0.0,False
2023-12-15,Taylor's Bar,Smirnoff,0.0,163.6942857142857,690,630.0,0.0,0.0,False
2023-12-16,Taylor's Bar,Smirnoff,324.01,163.6942857142857,690,365.99,324.01,0.0,False
2023-12-17,Taylor's Bar,Smirnoff,0.0,156.26142857142855,690,365.99,0.0,0.0,False
2023-12-18,Taylor's Bar,Smirnoff,223.77,76.86142857142856,510,466.23,43.76999999999998,0.0,False
2023-12-19,Taylor's Bar,Smirnoff,230.83,108.82857142857142,570,235.4,290.83000000000004,0.0,False
2023-12-20,Taylor's Bar,Smirnoff,251.51,141.80428571428573,660,27.659999999999968,341.51,0.0,False
2023-12-21,Taylor's Bar,Smirnoff,0.0,147.16,660,318.49,0.0,0.0,False
2023-12-22,Taylor's Bar,Smirnoff,0.0,147.16,660,660.0,0.0,0.0,False
2023-12-23,Taylor's Bar,Smirnoff,0.0,147.16,660,660.0,0.0,0.0,False
2023-12-24,Taylor's Bar,Smirnoff,0.0,100.87285714285714,570,660.0,0.0,0.0,False
2023-12-25,Taylor's Bar,Smirnoff,0.0,100.87285714285714,570,660.0,0.0,0.0,False
2023-12-26,Taylor's Bar,Smirnoff,251.18,68.9057142857143,510,408.82,101.18,0.0,False
2023-12-27,Taylor's Bar,Smirnoff,0.0,71.81285714285714,510,408.82,0.0,0.0,False
2023-12-28,Taylor's Bar,Smirnoff,537.42,35.88285714285714,450,0.0,450.0,27.41999999999996,True
2023-12-29,Taylor's Bar,Smirnoff,0.0,112.65714285714284,600,0.0,150.0,0.0,False
2023-12-30,Taylor's Bar,Smirnoff,421.74,112.65714285714284,600,28.25999999999999,421.74,0.0,False
2023-12-31,Taylor's Bar,Smirnoff,0.0,172.90571428571428,720,178.26,120.0,0.0,False
2024-01-01,Taylor's Bar,Smirnoff,0.0,172.90571428571428,720,600.0,0.0,0.0,False
2023-10-21,Taylor's Bar,Sutter Home,0.0,82.55285714285715,480,480.0,0.0,0.0,False
2023-10-22,Taylor's Bar,Sutter Home,0.0,82.55285714285715,480,480.0,0.0,0.0,False
2023-10-23,Taylor's Bar,Sutter Home,0.0,82.55285714285715,480,480.0,0.0,0.0,False
2023-10-24,Taylor's Bar,Sutter Home,0.0,82.55285714285715,480,480.0,0.0,0.0,False
2023-10-25,Taylor's Bar,Sutter Home,0.0,82.55285714285715,480,480.0,0.0,0.0,False
2023-10-26,Taylor's Bar,Sutter Home,0.0,82.55285714285715,480,480.0,0.0,0.0,False
2023-10-27,Taylor's Bar,Sutter Home,0.0,82.55285714285715,480,480.0,0.0,0.0,False
2023-10-28,Taylor's Bar,Sutter Home,0.0,0.0,300,480.0,0.0,0.0,False
2023-10-29,Taylor's Bar,Sutter Home,0.0,0.0,300,480.0,0.0,0.0,False
2023-10-30,Taylor's Bar,Sutter Home,0.0,0.0,300,480.0,0.0,0.0,False
2023-10-31,Taylor's Bar,Sutter Home,0.0,0.0,300,480.0,0.0,0.0,False
2023-11-01,Taylor's Bar,Sutter Home,0.0,0.0,300,480.0,0.0,0.0,False
2023-11-02,Taylor's Bar,Sutter Home,0.0,0.0,300,480.0,0.0,0.0,False
2023-11-03,Taylor's Bar,Sutter Home,182.55,0.0,300,297.45,2.5500000000000114,0.0,False
2023-11-04,Taylor's Bar,Sutter Home,0.0,26.07857142857143,360,297.45,60.0,0.0,False
2023-11-05,Taylor's Bar,Sutter Home,0.0,26.07857142857143,360,300.0,0.0,0.0,False
2023-11-06,Taylor's Bar,Sutter Home,0.0,26.07857142857143,360,360.0,0.0,0.0,False
2023-11-07,Taylor's Bar,Sutter Home,146.4,26.07857142857143,360,213.6,146.4,0.0,False
2023-11-08,Taylor's Bar,Sutter Home,354.76,46.99285714285715,390,0.0,243.6,141.16,True
2023-11-09,Taylor's Bar,Sutter Home,0.0,97.67285714285715,510,146.4,120.0,0.0,False
2023-11-10,Taylor's Bar,Sutter Home,0.0,97.67285714285715,510,390.0,0.0,0.0,False
2023-11-11,Taylor's Bar,Sutter Home,541.66,71.5942857142857,450,0.0,450.0,31.659999999999968,True
2023-11-12,Taylor's Bar,Sutter Home,0.0,148.9742857142857,600,0.0,150.0,0.0,False
2023-11-13,Taylor's Bar,Sutter Home,461.56,148.9742857142857,600,0.0,450.0,11.560000000000002,True
2023-11-14,Taylor's Bar,Sutter Home,0.0,214.91142857142856,720,150.0,120.0,0.0,False
2023-11-15,Taylor's Bar,Sutter Home,0.0,193.99714285714285,690,600.0,0.0,0.0,False
2023-11-16,Taylor's Bar,Sutter Home,569.46,143.31714285714287,600,150.53999999999996,449.46000000000004,0.0,False
2023-11-17,Taylor's Bar,Sutter Home,0.0,224.66857142857143,750,150.53999999999996,150.0,0.0,False
2023-11-18,Taylor's Bar,Sutter Home,0.0,224.66857142857143,750,600.0,0.0,0.0,False
2023-11-19,Taylor's Bar,Sutter Home,0.0,147.28857142857143,600,750.0,0.0,0.0,False
2023-11-20,Taylor's Bar,Sutter Home,0.0,147.28857142857143,600,750.0,0.0,0.0,False
2023-11-21,Taylor's Bar,Sutter Home,0.0,81.35142857142857,450,750.0,0.0,0.0,False
2023-11-22,Taylor's Bar,Sutter Home,0.0,81.35142857142857,450,750.0,0.0,0.0,False
2023-11-23,Taylor's Bar,Sutter Home,0.0,81.35142857142857,450,750.0,0.0,0.0,False
2023-11-24,Taylor's Bar,Sutter Home,0.0,0.0,300,750.0,0.0,0.0,False
2023-11-25,Taylor's Bar,Sutter Home,0.0,0.0,300,750.0,0.0,0.0,False
2023-11-26,Taylor's Bar,Sutter Home,0.0,0.0,300,750.0,0.0,0.0,False
2023-11-27,Taylor's Bar,Sutter Home,0.0,0.0,300,750.0,0.0,0.0,False
2023-11-28,Taylor's Bar,Sutter Home,0.0,0.0,300,750.0,0.0,0.0,False
2023-11-29,Taylor's Bar,Sutter Home,0.0,0.0,300,750.0,0.0,0.0,False
2023-11-30,Taylor's Bar,Sutter Home,0.0,0.0,300,750.0,0.0,0.0,False
2023-12-01,Taylor's Bar,Sutter Home,0.0,0.0,300,750.0,0.0,0.0,False
2023-12-02,Taylor's Bar,Sutter Home,0.0,0.0,300,750.0,0.0,0.0,False
2023-12-03,Taylor's Bar,Sutter Home,0.0,0.0,300,750.0,0.0,0.0,False
2023-12-04,Taylor's Bar,Sutter Home,402.25,0.0,300,347.75,0.0,0.0,False
2023-12-05,Taylor's Bar,Sutter Home,0.0,57.464285714285715,420,347.75,72.25,0.0,False
2023-12-06,Taylor's Bar,Sutter Home,0.0,57.464285714285715,420,347.75,0.0,0.0,False
2023-12-07,Taylor's Bar,Sutter Home,483.36,57.464285714285715,420,0.0,420.0,63.360000000000014,True
2023-12-08,Taylor's Bar,Sutter Home,0.0,126.51571428571428,540,0.0,120.0,0.0,False
2023-12-09,Taylor's Bar,Sutter Home,0.0,126.51571428571428,540,420.0,0.0,0.0,False
2023-12-10,Taylor's Bar,Sutter Home,186.02,126.51571428571428,540,353.98,186.01999999999998,0.0,False
2023-12-11,Taylor's Bar,Sutter Home,0.0,153.09,600,353.98,60.0,0.0,False
2023-12-12,Taylor's Bar,Sutter Home,0.0,95.62571428571428,480,540.0,0.0,0.0,False
2023-12-13,Taylor's Bar,Sutter Home,0.0,95.62571428571428,480,600.0,0.0,0.0,False
2023-12-14,Taylor's Bar,Sutter Home,0.0,95.62571428571428,480,600.0,0.0,0.0,False
2023-12-15,Taylor's Bar,Sutter Home,1126.0,26.574285714285715,360,0.0,360.0,526.0,True
2023-12-16,Taylor's Bar,Sutter Home,98.72,187.43142857142857,690,0.0,330.0,98.72,True
2023-12-17,Taylor's Bar,Sutter Home,0.0,201.53428571428572,690,360.0,0.0,0.0,False
2023-12-18,Taylor's Bar,Sutter Home,0.0,174.96,660,690.0,0.0,0.0,False
2023-12-19,Taylor's Bar,Sutter Home,0.0,174.96,660,690.0,0.0,0.0,False
2023-12-20,Taylor's Bar,Sutter Home,0.0,174.96,660,690.0,0.0,0.0,False
2023-12-21,Taylor's Bar,Sutter Home,0.0,174.96,660,690.0,0.0,0.0,False
2023-12-22,Taylor's Bar,Sutter Home,0.0,174.96,660,690.0,0.0,0.0,False
2023-12-23,Taylor's Bar,Sutter Home,0.0,14.102857142857143,330,690.0,0.0,0.0,False
2023-12-24,Taylor's Bar,Sutter Home,0.0,0.0,300,690.0,0.0,0.0,False
2023-12-25,Taylor's Bar,Sutter Home,0.0,0.0,300,690.0,0.0,0.0,False
2023-12-26,Taylor's Bar,Sutter Home,0.0,0.0,300,690.0,0.0,0.0,False
2023-12-27,Taylor's Bar,Sutter Home,0.0,0.0,300,690.0,0.0,0.0,False
2023-12-28,Taylor's Bar,Sutter Home,0.0,0.0,300,690.0,0.0,0.0,False
2023-12-29,Taylor's Bar,Sutter Home,0.0,0.0,300,690.0,0.0,0.0,False
2023-12-30,Taylor's Bar,Sutter Home,0.0,0.0,300,690.0,0.0,0.0,False
2023-12-31,Taylor's Bar,Sutter Home,0.0,0.0,300,690.0,0.0,0.0,False
2024-01-01,Taylor's Bar,Sutter Home,0.0,0.0,300,690.0,0.0,0.0,False
2023-10-21,Taylor's Bar,Yellow Tail,0.0,0.0,330,330.0,0.0,0.0,False
2023-10-22,Taylor's Bar,Yellow Tail,0.0,0.0,330,330.0,0.0,0.0,False
2023-10-23,Taylor's Bar,Yellow Tail,0.0,0.0,330,330.0,0.0,0.0,False
2023-10-24,Taylor's Bar,Yellow Tail,0.0,0.0,330,330.0,0.0,0.0,False
2023-10-25,Taylor's Bar,Yellow Tail,0.0,0.0,330,330.0,0.0,0.0,False
2023-10-26,Taylor's Bar,Yellow Tail,0.0,0.0,330,330.0,0.0,0.0,False
2023-10-27,Taylor's Bar,Yellow Tail,0.0,0.0,330,330.0,0.0,0.0,False
2023-10-28,Taylor's Bar,Yellow Tail,0.0,0.0,330,330.0,0.0,0.0,False
2023-10-29,Taylor's Bar,Yellow Tail,0.0,0.0,330,330.0,0.0,0.0,False
2023-10-30,Taylor's Bar,Yellow Tail,0.0,0.0,330,330.0,0.0,0.0,False
2023-10-31,Taylor's Bar,Yellow Tail,0.0,0.0,330,330.0,0.0,0.0,False
2023-11-01,Taylor's Bar,Yellow Tail,0.0,0.0,330,330.0,0.0,0.0,False
2023-11-02,Taylor's Bar,Yellow Tail,0.0,0.0,330,330.0,0.0,0.0,False
2023-11-03,Taylor's Bar,Yellow Tail,0.0,0.0,330,330.0,0.0,0.0,False
2023-11-04,Taylor's Bar,Yellow Tail,0.0,0.0,330,330.0,0.0,0.0,False
2023-11-05,Taylor's Bar,Yellow Tail,0.0,0.0,330,330.0,0.0,0.0,False
2023-11-06,Taylor's Bar,Yellow Tail,0.0,0.0,330,330.0,0.0,0.0,False
2023-11-07,Taylor's Bar,Yellow Tail,0.0,0.0,330,330.0,0.0,0.0,False
2023-11-08,Taylor's Bar,Yellow Tail,0.0,0.0,330,330.0,0.0,0.0,False
2023-11-09,Taylor's Bar,Yellow Tail,0.0,0.0,330,330.0,0.0,0.0,False
2023-11-10,Taylor's Bar,Yellow Tail,0.0,0.0,330,330.0,0.0,0.0,False
2023-11-11,Taylor's Bar,Yellow Tail,0.0,0.0,330,330.0,0.0,0.0,False
2023-11-12,Taylor's Bar,Yellow Tail,0.0,0.0,330,330.0,0.0,0.0,False
2023-11-13,Taylor's Bar,Yellow Tail,0.0,0.0,330,330.0,0.0,0.0,False
2023-11-14,Taylor's Bar,Yellow Tail,0.0,0.0,330,330.0,0.0,0.0,False
2023-11-15,Taylor's Bar,Yellow Tail,0.0,0.0,330,330.0,0.0,0.0,False
2023-11-16,Taylor's Bar,Yellow Tail,0.0,0.0,330,330.0,0.0,0.0,False
2023-11-17,Taylor's Bar,Yellow Tail,0.0,0.0,330,330.0,0.0,0.0,False
2023-11-18,Taylor's Bar,Yellow Tail,0.0,0.0,330,330.0,0.0,0.0,False
2023-11-19,Taylor's Bar,Yellow Tail,0.0,0.0,330,330.0,0.0,0.0,False
2023-11-20,Taylor's Bar,Yellow Tail,0.0,0.0,330,330.0,0.0,0.0,False
2023-11-21,Taylor's Bar,Yellow Tail,0.0,0.0,330,330.0,0.0,0.0,False
2023-11-22,Taylor's Bar,Yellow Tail,0.0,0.0,330,330.0,0.0,0.0,False
2023-11-23,Taylor's Bar,Yellow Tail,0.0,0.0,330,330.0,0.0,0.0,False
2023-11-24,Taylor's Bar,Yellow Tail,0.0,0.0,330,330.0,0.0,0.0,False
2023-11-25,Taylor's Bar,Yellow Tail,0.0,0.0,330,330.0,0.0,0.0,False
2023-11-26,Taylor's Bar,Yellow Tail,0.0,0.0,330,330.0,0.0,0.0,False
2023-11-27,Taylor's Bar,Yellow Tail,0.0,0.0,330,330.0,0.0,0.0,False
2023-11-28,Taylor's Bar,Yellow Tail,0.0,0.0,330,330.0,0.0,0.0,False
2023-11-29,Taylor's Bar,Yellow Tail,549.3,0.0,330,0.0,330.0,219.29999999999995,True
2023-11-30,Taylor's Bar,Yellow Tail,0.0,78.47142857142856,480,0.0,150.0,0.0,False
2023-12-01,Taylor's Bar,Yellow Tail,481.4,78.47142857142856,480,0.0,330.0,151.39999999999998,True
2023-12-02,Taylor's Bar,Yellow Tail,217.3,147.2428571428571,630,0.0,300.0,67.30000000000001,True
2023-12-03,Taylor's Bar,Yellow Tail,0.0,178.28571428571425,690,330.0,60.0,0.0,False
2023-12-04,Taylor's Bar,Yellow Tail,0.0,178.28571428571425,690,630.0,0.0,0.0,False
2023-12-05,Taylor's Bar,Yellow Tail,0.0,178.28571428571425,690,690.0,0.0,0.0,False
2023-12-06,Taylor's Bar,Yellow Tail,0.0,178.28571428571425,690,690.0,0.0,0.0,False
2023-12-07,Taylor's Bar,Yellow Tail,0.0,99.81428571428572,540,690.0,0.0,0.0,False
2023-12-08,Taylor's Bar,Yellow Tail,0.0,99.81428571428572,540,690.0,0.0,0.0,False
2023-12-09,Taylor's Bar,Yellow Tail,0.0,31.042857142857144,390,690.0,0.0,0.0,False
2023-12-10,Taylor's Bar,Yellow Tail,0.0,0.0,330,690.0,0.0,0.0,False
2023-12-11,Taylor's Bar,Yellow Tail,366.65,0.0,330,323.35,6.649999999999977,0.0,False
2023-12-12,Taylor's Bar,Yellow Tail,0.0,52.378571428571426,420,323.35,90.0,0.0,False
2023-12-13,Taylor's Bar,Yellow Tail,0.0,52.378571428571426,420,330.0,0.0,0.0,False
2023-12-14,Taylor's Bar,Yellow Tail,0.0,52.378571428571426,420,420.0,0.0,0.0,False
2023-12-15,Taylor's Bar,Yellow Tail,0.0,52.378571428571426,420,420.0,0.0,0.0,False
2023-12-16,Taylor's Bar,Yellow Tail,0.0,52.378571428571426,420,420.0,0.0,0.0,False
2023-12-17,Taylor's Bar,Yellow Tail,522.01,52.378571428571426,420,0.0,420.0,102.00999999999999,True
2023-12-18,Taylor's Bar,Yellow Tail,0.0,126.95142857142856,570,0.0,150.0,0.0,False
2023-12-19,Taylor's Bar,Yellow Tail,0.0,74.57285714285715,480,420.0,0.0,0.0,False
2023-12-20,Taylor's Bar,Yellow Tail,0.0,74.57285714285715,480,570.0,0.0,0.0,False
2023-12-21,Taylor's Bar,Yellow Tail,0.0,74.57285714285715,480,570.0,0.0,0.0,False
2023-12-22,Taylor's Bar,Yellow Tail,221.79,74.57285714285715,480,348.21000000000004,131.78999999999996,0.0,False
2023-12-23,Taylor's Bar,Yellow Tail,284.44,106.25714285714285,540,63.77000000000004,344.44,0.0,False
2023-12-24,Taylor's Bar,Yellow Tail,0.0,146.89142857142858,630,195.56,90.0,0.0,False
2023-12-25,Taylor's Bar,Yellow Tail,0.0,72.31857142857143,480,540.0,0.0,0.0,False
2023-12-26,Taylor's Bar,Yellow Tail,0.0,72.31857142857143,480,630.0,0.0,0.0,False
2023-12-27,Taylor's Bar,Yellow Tail,0.0,72.31857142857143,480,630.0,0.0,0.0,False
2023-12-28,Taylor's Bar,Yellow Tail,0.0,72.31857142857143,480,630.0,0.0,0.0,False
2023-12-29,Taylor's Bar,Yellow Tail,0.0,72.31857142857143,480,630.0,0.0,0.0,False
2023-12-30,Taylor's Bar,Yellow Tail,0.0,40.63428571428572,420,630.0,0.0,0.0,False
2023-12-31,Taylor's Bar,Yellow Tail,0.0,0.0,330,630.0,0.0,0.0,False
2024-01-01,Taylor's Bar,Yellow Tail,0.0,0.0,330,630.0,0.0,0.0,False
2023-10-21,Thomas's Bar,Absolut,0.0,80.58500000000001,540,540.0,0.0,0.0,False
2023-10-22,Thomas's Bar,Absolut,0.0,61.97375,510,540.0,0.0,0.0,False
2023-10-23,Thomas's Bar,Absolut,248.73,29.5675,450,291.27,158.73000000000002,0.0,False
2023-10-24,Thomas's Bar,Absolut,0.0,0.0,390,291.27,0.0,0.0,False
2023-10-25,Thomas's Bar,Absolut,464.48,23.905,420,0.0,420.0,14.480000000000018,True
2023-10-26,Thomas's Bar,Absolut,0.0,14.76125,420,0.0,0.0,0.0,False
2023-10-27,Thomas's Bar,Absolut,164.75,96.105,570,255.25,314.75,0.0,False
2023-10-28,Thomas's Bar,Absolut,0.0,80.58500000000001,540,255.25,0.0,0.0,False
2023-10-29,Thomas's Bar,Absolut,267.39,61.97375,510,302.61,207.39,0.0,False
2023-10-30,Thomas's Bar,Absolut,0.0,60.65875,510,302.61,0.0,0.0,False
2023-10-31,Thomas's Bar,Absolut,0.0,0.0,390,510.0,0.0,0.0,False
2023-11-01,Thomas's Bar,Absolut,0.0,81.965,540,510.0,30.0,0.0,False
2023-11-02,Thomas's Bar,Absolut,0.0,14.76125,420,510.0,0.0,0.0,False
2023-11-03,Thomas's Bar,Absolut,143.27,116.69875,600,396.73,203.26999999999998,0.0,False
2023-11-04,Thomas's Bar,Absolut,0.0,80.58500000000001,540,396.73,0.0,0.0,False
2023-11-05,Thomas's Bar,Absolut,182.15,95.39750000000001,570,417.85,152.14999999999998,0.0,False
2023-11-06,Thomas's Bar,Absolut,0.0,60.65875,510,417.85,0.0,0.0,False
2023-11-07,Thomas's Bar,Absolut,0.0,0.0,390,570.0,0.0,0.0,False
2023-11-08,Thomas's Bar,Absolut,0.0,81.965,540,570.0,0.0,0.0,False
2023-11-09,Thomas's Bar,Absolut,0.0,14.76125,420,570.0,0.0,0.0,False
2023-11-10,Thomas's Bar,Absolut,359.51,134.60750000000002,660,210.49,449.51,0.0,False
2023-11-11,Thomas's Bar,Absolut,0.0,80.58500000000001,540,210.49,0.0,0.0,False
2023-11-12,Thomas's Bar,Absolut,0.0,56.192499999999995,480,660.0,0.0,0.0,False
2023-11-13,Thomas's Bar,Absolut,0.0,60.65875,510,660.0,0.0,0.0,False
2023-11-14,Thomas's Bar,Absolut,0.0,0.0,390,660.0,0.0,0.0,False
2023-11-15,Thomas's Bar,Absolut,0.0,81.965,540,660.0,0.0,0.0,False
2023-11-16,Thomas's Bar,Absolut,0.0,14.76125,420,660.0,0.0,0.0,False
2023-11-17,Thomas's Bar,Absolut,0.0,179.54625,750,660.0,90.0,0.0,False
2023-11-18,Thomas's Bar,Absolut,0.0,80.58500000000001,540,660.0,0.0,0.0,False
2023-11-19,Thomas's Bar,Absolut,0.0,56.192499999999995,480,750.0,0.0,0.0,False
2023-11-20,Thomas's Bar,Absolut,0.0,60.65875,510,750.0,0.0,0.0,False
2023-11-21,Thomas's Bar,Absolut,0.0,0.0,390,750.0,0.0,0.0,False
2023-11-22,Thomas's Bar,Absolut,0.0,81.965,540,750.0,0.0,0.0,False
2023-11-23,Thomas's Bar,Absolut,0.0,0.0,390,750.0,0.0,0.0,False
2023-11-24,Thomas's Bar,Absolut,0.0,179.54625,750,750.0,0.0,0.0,False
2023-11-25,Thomas's Bar,Absolut,0.0,80.58500000000001,540,750.0,0.0,0.0,False
2023-11-26,Thomas's Bar,Absolut,496.83,56.192499999999995,480,253.17000000000002,226.82999999999998,0.0,False
2023-11-27,Thomas's Bar,Absolut,0.0,60.65875,510,253.17000000000002,30.0,0.0,False
2023-11-28,Thomas's Bar,Absolut,0.0,0.0,390,480.0,0.0,0.0,False
2023-11-29,Thomas's Bar,Absolut,0.0,81.965,540,510.0,30.0,0.0,False
2023-11-30,Thomas's Bar,Absolut,0.0,0.0,390,510.0,0.0,0.0,False
2023-12-01,Thomas's Bar,Absolut,0.0,179.54625,750,540.0,210.0,0.0,False
2023-12-02,Thomas's Bar,Absolut,0.0,53.23875,480,540.0,0.0,0.0,False
2023-12-03,Thomas's Bar,Absolut,0.0,118.29625,600,750.0,0.0,0.0,False
2023-12-04,Thomas's Bar,Absolut,0.0,31.09125,450,750.0,0.0,0.0,False
2023-12-05,Thomas's Bar,Absolut,0.0,0.0,390,750.0,0.0,0.0,False
2023-12-06,Thomas's Bar,Absolut,354.39,81.965,540,395.61,144.39,0.0,False
2023-12-07,Thomas's Bar,Absolut,0.0,0.0,390,395.61,0.0,0.0,False
2023-12-08,Thomas's Bar,Absolut,0.0,179.54625000000001,750,540.0,210.0,0.0,False
2023-12-09,Thomas's Bar,Absolut,0.0,53.23875,480,540.0,0.0,0.0,False
2023-12-10,Thomas's Bar,Absolut,473.61,118.29624999999999,600,276.39,323.61,0.0,False
2023-12-11,Thomas's Bar,Absolut,0.0,31.09125,450,276.39,0.0,0.0,False
2023-12-12,Thomas's Bar,Absolut,0.0,0.0,390,600.0,0.0,0.0,False
2023-12-13,Thomas's Bar,Absolut,0.0,126.26375,630,600.0,30.0,0.0,False
2023-12-14,Thomas's Bar,Absolut,0.0,0.0,390,600.0,0.0,0.0,False
2023-12-15,Thomas's Bar,Absolut,0.0,105.12875,600,630.0,0.0,0.0,False
2023-12-16,Thomas's Bar,Absolut,0.0,0.0,390,630.0,0.0,0.0,False
2023-12-17,Thomas's Bar,Absolut,0.0,177.4975,720,630.0,90.0,0.0,False
2023-12-18,Thomas's Bar,Absolut,0.0,31.09125,450,630.0,0.0,0.0,False
2023-12-19,Thomas's Bar,Absolut,0.0,0.0,390,720.0,0.0,0.0,False
2023-12-20,Thomas's Bar,Absolut,0.0,102.35875,570,720.0,0.0,0.0,False
2023-12-21,Thomas's Bar,Absolut,0.0,0.0,390,720.0,0.0,0.0,False
2023-12-22,Thomas's Bar,Absolut,0.0,83.44125,540,720.0,0.0,0.0,False
2023-12-23,Thomas's Bar,Absolut,0.0,0.0,390,720.0,0.0,0.0,False
2023-12-24,Thomas's Bar,Absolut,119.85,177.4975,720,600.15,119.85000000000002,0.0,False
2023-12-25,Thomas's Bar,Absolut,0.0,0.0,390,600.15,0.0,0.0,False
2023-12-26,Thomas's Bar,Absolut,0.0,0.0,390,720.0,0.0,0.0,False
2023-12-27,Thomas's Bar,Absolut,0.0,44.29875,450,720.0,0.0,0.0,False
2023-12-28,Thomas's Bar,Absolut,0.0,0.0,390,720.0,0.0,0.0,False
2023-12-29,Thomas's Bar,Absolut,0.0,62.8475,510,720.0,0.0,0.0,False
2023-12-30,Thomas's Bar,Absolut,0.0,0.0,390,720.0,0.0,0.0,False
2023-12-31,Thomas's Bar,Absolut,0.0,159.055,690,720.0,0.0,0.0,False
2024-01-01,Thomas's Bar,Absolut,128.52,0.0,390,591.48,0.0,0.0,False
2023-10-21,Thomas's Bar,Bacardi,0.0,73.8475,510,510.0,0.0,0.0,False
2023-10-22,Thomas's Bar,Bacardi,0.0,13.16,390,510.0,0.0,0.0,False
2023-10-23,Thomas's Bar,Bacardi,0.0,107.5,570,510.0,60.0,0.0,False
2023-10-24,Thomas's Bar,Bacardi,0.0,0.0,360,510.0,0.0,0.0,False
2023-10-25,Thomas's Bar,Bacardi,0.0,141.77125,660,570.0,90.0,0.0,False
2023-10-26,Thomas's Bar,Bacardi,459.85,165.59125,690,110.14999999999998,489.85,0.0,False
2023-10-27,Thomas's Bar,Bacardi,202.98,91.70500000000001,540,0.0,50.14999999999998,2.8300000000000125,True
2023-10-28,Thomas's Bar,Bacardi,0.0,73.8475,510,489.85,0.0,0.0,False
2023-10-29,Thomas's Bar,Bacardi,0.0,13.16,390,540.0,0.0,0.0,False
2023-10-30,Thomas's Bar,Bacardi,402.49,34.4,420,137.51,282.49,0.0,False
2023-10-31,Thomas's Bar,Bacardi,0.0,0.0,360,137.51,0.0,0.0,False
2023-11-01,Thomas's Bar,Bacardi,0.0,110.3025,570,420.0,150.0,0.0,False
2023-11-02,Thomas's Bar,Bacardi,0.0,223.0725,810,420.0,240.0,0.0,False
2023-11-03,Thomas's Bar,Bacardi,503.07,117.07750000000001,600,66.93,293.07,0.0,False
2023-11-04,Thomas's Bar,Bacardi,174.34,73.8475,510,132.59,84.34000000000003,0.0,False
2023-11-05,Thomas's Bar,Bacardi,0.0,0.0,360,425.65999999999997,0.0,0.0,False
2023-11-06,Thomas's Bar,Bacardi,246.88,84.71125,540,263.12,276.88,0.0,False
2023-11-07,Thomas's Bar,Bacardi,0.0,0.0,360,263.12,0.0,0.0,False
2023-11-08,Thomas's Bar,Bacardi,0.0,110.3025,570,540.0,30.0,0.0,False
2023-11-09,Thomas's Bar,Bacardi,0.0,223.0725,810,540.0,240.0,0.0,False
2023-11-10,Thomas's Bar,Bacardi,0.0,179.96125,720,570.0,0.0,0.0,False
2023-11-11,Thomas's Bar,Bacardi,0.0,95.64,540,810.0,0.0,0.0,False
2023-11-12,Thomas's Bar,Bacardi,0.0,0.0,360,810.0,0.0,0.0,False
2023-11-13,Thomas's Bar,Bacardi,0.0,115.57124999999999,600,810.0,0.0,0.0,False
2023-11-14,Thomas's Bar,Bacardi,362.27,0.0,360,447.73,0.0,0.0,False
2023-11-15,Thomas's Bar,Bacardi,0.0,74.09,510,447.73,62.26999999999998,0.0,False
2023-11-16,Thomas's Bar,Bacardi,0.0,189.58499999999998,750,447.73,240.0,0.0,False
2023-11-17,Thomas's Bar,Bacardi,787.31,179.96125,720,0.0,480.0,277.30999999999995,True
2023-11-18,Thomas's Bar,Bacardi,0.0,54.4025,480,240.0,0.0,0.0,False
2023-11-19,Thomas's Bar,Bacardi,0.0,0.0,360,720.0,0.0,0.0,False
2023-11-20,Thomas's Bar,Bacardi,0.0,115.57124999999999,600,720.0,0.0,0.0,False
2023-11-21,Thomas's Bar,Bacardi,0.0,45.28375,450,720.0,0.0,0.0,False
2023-11-22,Thomas's Bar,Bacardi,131.49,74.09,510,588.51,0.0,0.0,False
2023-11-23,Thomas's Bar,Bacardi,0.0,125.1875,600,588.51,11.490000000000009,0.0,False
2023-11-24,Thomas's Bar,Bacardi,538.15,278.375,930,50.360000000000014,868.15,0.0,False
2023-11-25,Thomas's Bar,Bacardi,0.0,54.4025,480,61.85000000000002,0.0,0.0,False
2023-11-26,Thomas's Bar,Bacardi,0.0,0.0,360,930.0,0.0,0.0,False
2023-11-27,Thomas's Bar,Bacardi,0.0,115.57124999999999,600,930.0,0.0,0.0,False
2023-11-28,Thomas's Bar,Bacardi,0.0,45.28375,450,930.0,0.0,0.0,False
2023-11-29,Thomas's Bar,Bacardi,0.0,48.06375,450,930.0,0.0,0.0,False
2023-11-30,Thomas's Bar,Bacardi,375.19,57.48125,480,554.81,0.0,0.0,False
2023-12-01,Thomas's Bar,Bacardi,0.0,345.64375,1050,554.81,495.19000000000005,0.0,False
2023-12-02,Thomas's Bar,Bacardi,0.0,21.7925,420,554.81,0.0,0.0,False
2023-12-03,Thomas's Bar,Bacardi,0.0,0.0,360,1050.0,0.0,0.0,False
2023-12-04,Thomas's Bar,Bacardi,0.0,81.17125,540,1050.0,0.0,0.0,False
2023-12-05,Thomas's Bar,Bacardi,0.0,45.28375,450,1050.0,0.0,0.0,False
2023-12-06,Thomas's Bar,Bacardi,0.0,48.06375,450,1050.0,0.0,0.0,False
2023-12-07,Thomas's Bar,Bacardi,0.0,104.38,570,1050.0,0.0,0.0,False
2023-12-08,Thomas's Bar,Bacardi,0.0,301.96625,960,1050.0,0.0,0.0,False
2023-12-09,Thomas's Bar,Bacardi,0.0,21.7925,420,1050.0,0.0,0.0,False
2023-12-10,Thomas's Bar,Bacardi,563.21,0.0,360,486.78999999999996,0.0,0.0,False
2023-12-11,Thomas's Bar,Bacardi,0.0,81.17125,540,486.78999999999996,53.210000000000036,0.0,False
2023-12-12,Thomas's Bar,Bacardi,0.0,45.28375,450,486.78999999999996,0.0,0.0,False
2023-12-13,Thomas's Bar,Bacardi,0.0,16.43625,390,540.0,0.0,0.0,False
2023-12-14,Thomas's Bar,Bacardi,0.0,104.38,570,540.0,30.0,0.0,False
2023-12-15,Thomas's Bar,Bacardi,0.0,301.96625,960,540.0,390.0,0.0,False
2023-12-16,Thomas's Bar,Bacardi,0.0,21.7925,420,570.0,0.0,0.0,False
2023-12-17,Thomas's Bar,Bacardi,119.71,70.40125,510,840.29,0.0,0.0,False
2023-12-18,Thomas's Bar,Bacardi,0.0,81.17125,540,840.29,0.0,0.0,False
2023-12-19,Thomas's Bar,Bacardi,0.0,45.28375,450,840.29,0.0,0.0,False
2023-12-20,Thomas's Bar,Bacardi,0.0,16.43625,390,840.29,0.0,0.0,False
2023-12-21,Thomas's Bar,Bacardi,0.0,104.38,570,840.29,0.0,0.0,False
2023-12-22,Thomas's Bar,Bacardi,298.07,253.93874999999997,870,542.22,327.78,0.0,False
2023-12-23,Thomas's Bar,Bacardi,0.0,21.7925,420,542.22,0.0,0.0,False
2023-12-24,Thomas's Bar,Bacardi,0.0,85.36500000000001,540,870.0,0.0,0.0,False
2023-12-25,Thomas's Bar,Bacardi,0.0,81.17125,540,870.0,0.0,0.0,False
2023-12-26,Thomas's Bar,Bacardi,0.0,45.28375,450,870.0,0.0,0.0,False
2023-12-27,Thomas's Bar,Bacardi,0.0,16.43625,390,870.0,0.0,0.0,False
2023-12-28,Thomas's Bar,Bacardi,0.0,46.89875,450,870.0,0.0,0.0,False
2023-12-29,Thomas's Bar,Bacardi,0.0,265.825,900,870.0,30.0,0.0,False
2023-12-30,Thomas's Bar,Bacardi,0.0,21.7925,420,870.0,0.0,0.0,False
2023-12-31,Thomas's Bar,Bacardi,0.0,85.36500000000001,540,900.0,0.0,0.0,False
2024-01-01,Thomas's Bar,Bacardi,572.6,30.86,420,327.4,92.60000000000002,0.0,False
2023-10-21,Thomas's Bar,Barefoot,347.61,49.89714285714285,450,102.38999999999999,347.61,0.0,False
2023-10-22,Thomas's Bar,Barefoot,0.0,99.55571428571429,540,102.38999999999999,90.0,0.0,False
2023-10-23,Thomas's Bar,Barefoot,0.0,99.55571428571429,540,450.0,0.0,0.0,False
2023-10-24,Thomas's Bar,Barefoot,0.0,99.55571428571429,540,540.0,0.0,0.0,False
2023-10-25,Thomas's Bar,Barefoot,142.84,99.55571428571429,540,397.15999999999997,142.84000000000003,0.0,False
2023-10-26,Thomas's Bar,Barefoot,0.0,119.96142857142857,600,397.15999999999997,60.0,0.0,False
2023-10-27,Thomas's Bar,Barefoot,0.0,70.06428571428572,510,540.0,0.0,0.0,False
2023-10-28,Thomas's Bar,Barefoot,0.0,70.06428571428572,510,600.0,0.0,0.0,False
2023-10-29,Thomas's Bar,Barefoot,163.09,20.405714285714286,390,436.90999999999997,0.0,0.0,False
2023-10-30,Thomas's Bar,Barefoot,0.0,43.70428571428572,450,436.90999999999997,13.090000000000032,0.0,False
2023-10-31,Thomas's Bar,Barefoot,0.0,43.70428571428572,450,436.90999999999997,0.0,0.0,False
2023-11-01,Thomas's Bar,Barefoot,0.0,43.70428571428572,450,450.0,0.0,0.0,False
2023-11-02,Thomas's Bar,Barefoot,0.0,23.298571428571428,390,450.0,0.0,0.0,False
2023-11-03,Thomas's Bar,Barefoot,0.0,23.298571428571428,390,450.0,0.0,0.0,False
2023-11-04,Thomas's Bar,Barefoot,0.0,23.298571428571428,390,450.0,0.0,0.0,False
2023-11-05,Thomas's Bar,Barefoot,0.0,23.298571428571428,390,450.0,0.0,0.0,False
2023-11-06,Thomas's Bar,Barefoot,0.0,0.0,360,450.0,0.0,0.0,False
2023-11-07,Thomas's Bar,Barefoot,0.0,0.0,360,450.0,0.0,0.0,False
2023-11-08,Thomas's Bar,Barefoot,340.8,0.0,360,109.19999999999999,250.8,0.0,False
2023-11-09,Thomas's Bar,Barefoot,0.0,48.68571428571429,450,109.19999999999999,90.0,0.0,False
2023-11-10,Thomas's Bar,Barefoot,245.15,48.68571428571429,450,114.85,245.15,0.0,False
2023-11-11,Thomas's Bar,Barefoot,0.0,83.70714285714287,510,204.85,60.0,0.0,False
2023-11-12,Thomas's Bar,Barefoot,0.0,83.70714285714287,510,450.0,0.0,0.0,False
2023-11-13,Thomas's Bar,Barefoot,0.0,83.70714285714287,510,510.0,0.0,0.0,False
2023-11-14,Thomas's Bar,Barefoot,0.0,83.70714285714287,510,510.0,0.0,0.0,False
2023-11-15,Thomas's Bar,Barefoot,0.0,83.70714285714287,510,510.0,0.0,0.0,False
2023-11-16,Thomas's Bar,Barefoot,0.0,35.02142857142857,420,510.0,0.0,0.0,False
2023-11-17,Thomas's Bar,Barefoot,127.78,35.02142857142857,420,382.22,37.77999999999997,0.0,False
2023-11-18,Thomas's Bar,Barefoot,0.0,18.254285714285714,390,382.22,0.0,0.0,False
2023-11-19,Thomas's Bar,Barefoot,0.0,18.254285714285714,390,420.0,0.0,0.0,False
2023-11-20,Thomas's Bar,Barefoot,0.0,18.254285714285714,390,420.0,0.0,0.0,False
2023-11-21,Thomas's Bar,Barefoot,442.83,18.254285714285714,390,0.0,390.0,22.829999999999984,True
2023-11-22,Thomas's Bar,Barefoot,0.0,81.51571428571428,510,0.0,120.0,0.0,False
2023-11-23,Thomas's Bar,Barefoot,0.0,81.51571428571428,510,390.0,0.0,0.0,False
2023-11-24,Thomas's Bar,Barefoot,151.99,81.51571428571428,510,358.01,151.99,0.0,False
2023-11-25,Thomas's Bar,Barefoot,0.0,84.9742857142857,540,358.01,30.0,0.0,False
2023-11-26,Thomas's Bar,Barefoot,0.0,84.9742857142857,540,510.0,0.0,0.0,False
2023-11-27,Thomas's Bar,Barefoot,0.0,84.9742857142857,540,540.0,0.0,0.0,False
2023-11-28,Thomas's Bar,Barefoot,0.0,84.9742857142857,540,540.0,0.0,0.0,False
2023-11-29,Thomas's Bar,Barefoot,0.0,21.712857142857143,390,540.0,0.0,0.0,False
2023-11-30,Thomas's Bar,Barefoot,483.27,21.712857142857143,390,56.73000000000002,333.27,0.0,False
2023-12-01,Thomas's Bar,Barefoot,0.0,90.75142857142858,540,56.73000000000002,150.0,0.0,False
2023-12-02,Thomas's Bar,Barefoot,0.0,69.03857142857143,480,390.0,0.0,0.0,False
2023-12-03,Thomas's Bar,Barefoot,0.0,69.03857142857143,480,540.0,0.0,0.0,False
2023-12-04,Thomas's Bar,Barefoot,0.0,69.03857142857143,480,540.0,0.0,0.0,False
2023-12-05,Thomas's Bar,Barefoot,0.0,69.03857142857143,480,540.0,0.0,0.0,False
2023-12-06,Thomas's Bar,Barefoot,370.12,69.03857142857143,480,169.88,310.12,0.0,False
2023-12-07,Thomas's Bar,Barefoot,0.0,121.91285714285713,600,169.88,120.0,0.0,False
2023-12-08,Thomas's Bar,Barefoot,0.0,52.87428571428571,450,480.0,0.0,0.0,False
2023-12-09,Thomas's Bar,Barefoot,0.0,52.87428571428571,450,600.0,0.0,0.0,False
2023-12-10,Thomas's Bar,Barefoot,0.0,52.87428571428571,450,600.0,0.0,0.0,False
2023-12-11,Thomas's Bar,Barefoot,0.0,52.87428571428571,450,600.0,0.0,0.0,False
2023-12-12,Thomas's Bar,Barefoot,255.23,52.87428571428571,450,344.77,105.23000000000002,0.0,False
2023-12-13,Thomas's Bar,Barefoot,0.0,89.33571428571429,540,344.77,90.0,0.0,False
2023-12-14,Thomas's Bar,Barefoot,0.0,36.46142857142857,420,450.0,0.0,0.0,False
2023-12-15,Thomas's Bar,Barefoot,499.21,36.46142857142857,420,40.79000000000002,379.21,0.0,False
2023-12-16,Thomas's Bar,Barefoot,0.0,107.77714285714285,570,40.79000000000002,150.0,0.0,False
2023-12-17,Thomas's Bar,Barefoot,0.0,107.77714285714285,570,420.0,0.0,0.0,False
2023-12-18,Thomas's Bar,Barefoot,405.34,107.77714285714285,570,164.66000000000003,405.34,0.0,False
2023-12-19,Thomas's Bar,Barefoot,0.0,165.68285714285713,690,164.66000000000003,120.0,0.0,False
2023-12-20,Thomas's Bar,Barefoot,0.0,129.22142857142856,600,570.0,0.0,0.0,False
2023-12-21,Thomas's Bar,Barefoot,0.0,129.22142857142856,600,690.0,0.0,0.0,False
2023-12-22,Thomas's Bar,Barefoot,0.0,129.22142857142856,600,690.0,0.0,0.0,False
2023-12-23,Thomas's Bar,Barefoot,0.0,57.90571428571428,480,690.0,0.0,0.0,False
2023-12-24,Thomas's Bar,Barefoot,360.34,57.90571428571428,480,329.66,150.33999999999997,0.0,False
2023-12-25,Thomas's Bar,Barefoot,0.0,109.38285714285713,570,329.66,90.0,0.0,False
2023-12-26,Thomas's Bar,Barefoot,0.0,51.47714285714285,450,480.0,0.0,0.0,False
2023-12-27,Thomas's Bar,Barefoot,0.0,51.47714285714285,450,570.0,0.0,0.0,False
2023-12-28,Thomas's Bar,Barefoot,0.0,51.47714285714285,450,570.0,0.0,0.0,False
2023-12-29,Thomas's Bar,Barefoot,387.91,51.47714285714285,450,182.08999999999997,267.91,0.0,False
2023-12-30,Thomas's Bar,Barefoot,0.0,106.89285714285714,570,182.08999999999997,120.0,0.0,False
2023-12-31,Thomas's Bar,Barefoot,0.0,106.89285714285714,570,450.0,0.0,0.0,False
2024-01-01,Thomas's Bar,Barefoot,0.0,55.41571428571429,480,570.0,0.0,0.0,False
2023-10-21,Thomas's Bar,Budweiser,0.0,0.0,330,330.0,0.0,0.0,False
2023-10-22,Thomas's Bar,Budweiser,0.0,0.0,330,330.0,0.0,0.0,False
2023-10-23,Thomas's Bar,Budweiser,282.98,0.0,330,47.01999999999998,282.98,0.0,False
2023-10-24,Thomas's Bar,Budweiser,0.0,40.425714285714285,420,47.01999999999998,90.0,0.0,False
2023-10-25,Thomas's Bar,Budweiser,0.0,40.425714285714285,420,330.0,0.0,0.0,False
2023-10-26,Thomas's Bar,Budweiser,0.0,40.425714285714285,420,420.0,0.0,0.0,False
2023-10-27,Thomas's Bar,Budweiser,0.0,40.425714285714285,420,420.0,0.0,0.0,False
2023-10-28,Thomas's Bar,Budweiser,387.63,40.425714285714285,420,32.370000000000005,387.63,0.0,False
2023-10-29,Thomas's Bar,Budweiser,0.0,95.80142857142857,510,32.370000000000005,90.0,0.0,False
2023-10-30,Thomas's Bar,Budweiser,0.0,95.80142857142857,510,420.0,0.0,0.0,False
2023-10-31,Thomas's Bar,Budweiser,0.0,55.37571428571429,450,510.0,0.0,0.0,False
2023-11-01,Thomas's Bar,Budweiser,0.0,55.37571428571429,450,510.0,0.0,0.0,False
2023-11-02,Thomas's Bar,Budweiser,0.0,55.37571428571429,450,510.0,0.0,0.0,False
2023-11-03,Thomas's Bar,Budweiser,0.0,55.37571428571429,450,510.0,0.0,0.0,False
2023-11-04,Thomas's Bar,Budweiser,0.0,55.37571428571429,450,510.0,0.0,0.0,False
2023-11-05,Thomas's Bar,Budweiser,0.0,0.0,330,510.0,0.0,0.0,False
2023-11-06,Thomas's Bar,Budweiser,0.0,0.0,330,510.0,0.0,0.0,False
2023-11-07,Thomas's Bar,Budweiser,0.0,0.0,330,510.0,0.0,0.0,False
2023-11-08,Thomas's Bar,Budweiser,0.0,0.0,330,510.0,0.0,0.0,False
2023-11-09,Thomas's Bar,Budweiser,0.0,0.0,330,510.0,0.0,0.0,False
2023-11-10,Thomas's Bar,Budweiser,361.69,0.0,330,148.31,181.69,0.0,False
2023-11-11,Thomas's Bar,Budweiser,225.5,51.67,420,0.0,238.31,77.19,True
2023-11-12,Thomas's Bar,Budweiser,0.0,83.88428571428572,480,181.69,60.0,0.0,False
2023-11-13,Thomas's Bar,Budweiser,0.0,83.88428571428572,480,420.0,0.0,0.0,False
2023-11-14,Thomas's Bar,Budweiser,0.0,83.88428571428572,480,480.0,0.0,0.0,False
2023-11-15,Thomas's Bar,Budweiser,0.0,83.88428571428572,480,480.0,0.0,0.0,False
2023-11-16,Thomas's Bar,Budweiser,0.0,83.88428571428572,480,480.0,0.0,0.0,False
2023-11-17,Thomas's Bar,Budweiser,0.0,83.88428571428572,480,480.0,0.0,0.0,False
2023-11-18,Thomas's Bar,Budweiser,0.0,32.214285714285715,390,480.0,0.0,0.0,False
2023-11-19,Thomas's Bar,Budweiser,0.0,0.0,330,480.0,0.0,0.0,False
2023-11-20,Thomas's Bar,Budweiser,396.9,0.0,330,83.10000000000002,246.89999999999998,0.0,False
2023-11-21,Thomas's Bar,Budweiser,0.0,56.699999999999996,450,83.10000000000002,120.0,0.0,False
2023-11-22,Thomas's Bar,Budweiser,0.0,56.699999999999996,450,330.0,0.0,0.0,False
2023-11-23,Thomas's Bar,Budweiser,0.0,56.699999999999996,450,450.0,0.0,0.0,False
2023-11-24,Thomas's Bar,Budweiser,0.0,56.699999999999996,450,450.0,0.0,0.0,False
2023-11-25,Thomas's Bar,Budweiser,0.0,56.699999999999996,450,450.0,0.0,0.0,False
2023-11-26,Thomas's Bar,Budweiser,0.0,56.699999999999996,450,450.0,0.0,0.0,False
2023-11-27,Thomas's Bar,Budweiser,0.0,56.699999999999996,450,450.0,0.0,0.0,False
2023-11-28,Thomas's Bar,Budweiser,0.0,0.0,330,450.0,0.0,0.0,False
2023-11-29,Thomas's Bar,Budweiser,506.03,0.0,330,0.0,330.0,56.02999999999997,True
2023-11-30,Thomas's Bar,Budweiser,0.0,72.28999999999999,480,0.0,150.0,0.0,False
2023-12-01,Thomas's Bar,Budweiser,0.0,72.28999999999999,480,330.0,0.0,0.0,False
2023-12-02,Thomas's Bar,Budweiser,0.0,72.28999999999999,480,480.0,0.0,0.0,False
2023-12-03,Thomas's Bar,Budweiser,0.0,72.28999999999999,480,480.0,0.0,0.0,False
2023-12-04,Thomas's Bar,Budweiser,0.0,72.28999999999999,480,480.0,0.0,0.0,False
2023-12-05,Thomas's Bar,Budweiser,377.7,72.28999999999999,480,102.30000000000001,377.7,0.0,False
2023-12-06,Thomas's Bar,Budweiser,428.03,126.24714285714286,570,0.0,192.3,325.72999999999996,True
2023-12-07,Thomas's Bar,Budweiser,0.0,115.10428571428572,570,377.7,0.0,0.0,False
2023-12-08,Thomas's Bar,Budweiser,0.0,115.10428571428572,570,570.0,0.0,0.0,False
2023-12-09,Thomas's Bar,Budweiser,0.0,115.10428571428572,570,570.0,0.0,0.0,False
2023-12-10,Thomas's Bar,Budweiser,0.0,115.10428571428572,570,570.0,0.0,0.0,False
2023-12-11,Thomas's Bar,Budweiser,0.0,115.10428571428572,570,570.0,0.0,0.0,False
2023-12-12,Thomas's Bar,Budweiser,144.48,115.10428571428572,570,425.52,144.48000000000002,0.0,False
2023-12-13,Thomas's Bar,Budweiser,215.83,81.78714285714285,480,209.68999999999997,125.83000000000004,0.0,False
2023-12-14,Thomas's Bar,Budweiser,262.68,51.472857142857144,420,91.48999999999995,202.68,0.0,False
2023-12-15,Thomas's Bar,Budweiser,0.0,88.99857142857142,510,217.32,90.0,0.0,False
2023-12-16,Thomas's Bar,Budweiser,416.43,88.99857142857142,510,3.569999999999993,416.43,0.0,False
2023-12-17,Thomas's Bar,Budweiser,0.0,148.48857142857145,630,93.57,120.0,0.0,False
2023-12-18,Thomas's Bar,Budweiser,0.0,148.48857142857145,630,510.0,0.0,0.0,False
2023-12-19,Thomas's Bar,Budweiser,0.0,148.48857142857145,630,630.0,0.0,0.0,False
2023-12-20,Thomas's Bar,Budweiser,0.0,127.84857142857143,570,630.0,0.0,0.0,False
2023-12-21,Thomas's Bar,Budweiser,0.0,97.01571428571428,510,630.0,0.0,0.0,False
2023-12-22,Thomas's Bar,Budweiser,351.11,59.49,450,278.89,171.11,0.0,False
2023-12-23,Thomas's Bar,Budweiser,0.0,109.64857142857143,540,278.89,90.0,0.0,False
2023-12-24,Thomas's Bar,Budweiser,0.0,50.15857142857143,420,450.0,0.0,0.0,False
2023-12-25,Thomas's Bar,Budweiser,0.0,50.15857142857143,420,540.0,0.0,0.0,False
2023-12-26,Thomas's Bar,Budweiser,0.0,50.15857142857143,420,540.0,0.0,0.0,False
2023-12-27,Thomas's Bar,Budweiser,0.0,50.15857142857143,420,540.0,0.0,0.0,False
2023-12-28,Thomas's Bar,Budweiser,0.0,50.15857142857143,420,540.0,0.0,0.0,False
2023-12-29,Thomas's Bar,Budweiser,0.0,50.15857142857143,420,540.0,0.0,0.0,False
2023-12-30,Thomas's Bar,Budweiser,0.0,0.0,330,540.0,0.0,0.0,False
2023-12-31,Thomas's Bar,Budweiser,0.0,0.0,330,540.0,0.0,0.0,False
2024-01-01,Thomas's Bar,Budweiser,0.0,0.0,330,540.0,0.0,0.0,False
2023-10-21,Thomas's Bar,Captain Morgan,0.0,87.9557142857143,510,510.0,0.0,0.0,False
2023-10-22,Thomas's Bar,Captain Morgan,0.0,87.9557142857143,510,510.0,0.0,0.0,False
2023-10-23,Thomas's Bar,Captain Morgan,0.0,31.91857142857143,390,510.0,0.0,0.0,False
2023-10-24,Thomas's Bar,Captain Morgan,0.0,0.0,330,510.0,0.0,0.0,False
2023-10-25,Thomas's Bar,Captain Morgan,0.0,0.0,330,510.0,0.0,0.0,False
2023-10-26,Thomas's Bar,Captain Morgan,0.0,0.0,330,510.0,0.0,0.0,False
2023-10-27,Thomas's Bar,Captain Morgan,0.0,0.0,330,510.0,0.0,0.0,False
2023-10-28,Thomas's Bar,Captain Morgan,0.0,0.0,330,510.0,0.0,0.0,False
2023-10-29,Thomas's Bar,Captain Morgan,0.0,0.0,330,510.0,0.0,0.0,False
2023-10-30,Thomas's Bar,Captain Morgan,0.0,0.0,330,510.0,0.0,0.0,False
2023-10-31,Thomas's Bar,Captain Morgan,0.0,0.0,330,510.0,0.0,0.0,False
2023-11-01,Thomas's Bar,Captain Morgan,0.0,0.0,330,510.0,0.0,0.0,False
2023-11-02,Thomas's Bar,Captain Morgan,541.31,0.0,330,0.0,330.0,31.309999999999945,True
2023-11-03,Thomas's Bar,Captain Morgan,0.0,77.33,480,0.0,150.0,0.0,False
2023-11-04,Thomas's Bar,Captain Morgan,0.0,77.33,480,330.0,0.0,0.0,False
2023-11-05,Thomas's Bar,Captain Morgan,277.77,77.33,480,202.23000000000002,277.77,0.0,False
2023-11-06,Thomas's Bar,Captain Morgan,0.0,117.01142857142857,570,202.23000000000002,90.0,0.0,False
2023-11-07,Thomas's Bar,Captain Morgan,579.86,117.01142857142857,570,0.0,480.0,99.86000000000001,True
2023-11-08,Thomas's Bar,Captain Morgan,0.0,199.84857142857143,720,90.0,150.0,0.0,False
2023-11-09,Thomas's Bar,Captain Morgan,0.0,199.84857142857143,720,570.0,0.0,0.0,False
2023-11-10,Thomas's Bar,Captain Morgan,0.0,122.51857142857143,570,720.0,0.0,0.0,False
2023-11-11,Thomas's Bar,Captain Morgan,122.8,122.51857142857143,570,597.2,0.0,0.0,False
2023-11-12,Thomas's Bar,Captain Morgan,0.0,140.06142857142856,600,597.2,2.7999999999999545,0.0,False
2023-11-13,Thomas's Bar,Captain Morgan,0.0,100.38,540,597.2,0.0,0.0,False
2023-11-14,Thomas's Bar,Captain Morgan,0.0,100.38,540,600.0,0.0,0.0,False
2023-11-15,Thomas's Bar,Captain Morgan,0.0,17.54285714285714,360,600.0,0.0,0.0,False
2023-11-16,Thomas's Bar,Captain Morgan,269.57,17.54285714285714,360,330.43,29.569999999999993,0.0,False
2023-11-17,Thomas's Bar,Captain Morgan,0.0,56.05285714285714,450,330.43,90.0,0.0,False
2023-11-18,Thomas's Bar,Captain Morgan,0.0,56.05285714285714,450,360.0,0.0,0.0,False
2023-11-19,Thomas's Bar,Captain Morgan,169.56,38.51,420,280.44,139.56,0.0,False
2023-11-20,Thomas's Bar,Captain Morgan,0.0,62.73285714285714,450,280.44,30.0,0.0,False
2023-11-21,Thomas's Bar,Captain Morgan,0.0,62.73285714285714,450,420.0,0.0,0.0,False
2023-11-22,Thomas's Bar,Captain Morgan,0.0,62.73285714285714,450,450.0,0.0,0.0,False
2023-11-23,Thomas's Bar,Captain Morgan,0.0,62.73285714285714,450,450.0,0.0,0.0,False
2023-11-24,Thomas's Bar,Captain Morgan,0.0,24.222857142857144,390,450.0,0.0,0.0,False
2023-11-25,Thomas's Bar,Captain Morgan,156.29,24.222857142857144,390,293.71000000000004,96.28999999999996,0.0,False
2023-11-26,Thomas's Bar,Captain Morgan,0.0,46.550000000000004,420,293.71000000000004,30.0,0.0,False
2023-11-27,Thomas's Bar,Captain Morgan,0.0,22.327142857142857,390,390.0,0.0,0.0,False
2023-11-28,Thomas's Bar,Captain Morgan,0.0,22.327142857142857,390,420.0,0.0,0.0,False
2023-11-29,Thomas's Bar,Captain Morgan,0.0,22.327142857142857,390,420.0,0.0,0.0,False
2023-11-30,Thomas's Bar,Captain Morgan,0.0,22.327142857142857,390,420.0,0.0,0.0,False
2023-12-01,Thomas's Bar,Captain Morgan,0.0,22.327142857142857,390,420.0,0.0,0.0,False
2023-12-02,Thomas's Bar,Captain Morgan,0.0,22.327142857142857,390,420.0,0.0,0.0,False
2023-12-03,Thomas's Bar,Captain Morgan,0.0,0.0,330,420.0,0.0,0.0,False
2023-12-04,Thomas's Bar,Captain Morgan,274.57,0.0,330,145.43,184.57,0.0,False
2023-12-05,Thomas's Bar,Captain Morgan,0.0,39.22428571428571,420,145.43,90.0,0.0,False
2023-12-06,Thomas's Bar,Captain Morgan,300.55,39.22428571428571,420,29.44999999999999,300.55,0.0,False
2023-12-07,Thomas's Bar,Captain Morgan,0.0,82.16,510,119.44999999999999,90.0,0.0,False
2023-12-08,Thomas's Bar,Captain Morgan,0.0,82.16,510,420.0,0.0,0.0,False
2023-12-09,Thomas's Bar,Captain Morgan,0.0,82.16,510,510.0,0.0,0.0,False
2023-12-10,Thomas's Bar,Captain Morgan,0.0,82.16,510,510.0,0.0,0.0,False
2023-12-11,Thomas's Bar,Captain Morgan,590.28,82.16,510,0.0,510.0,80.27999999999997,True
2023-12-12,Thomas's Bar,Captain Morgan,0.0,127.26142857142857,600,0.0,90.0,0.0,False
2023-12-13,Thomas's Bar,Captain Morgan,536.8,127.26142857142857,600,0.0,510.0,26.799999999999955,True
2023-12-14,Thomas's Bar,Captain Morgan,0.0,161.01142857142855,660,90.0,60.0,0.0,False
2023-12-15,Thomas's Bar,Captain Morgan,237.35,161.01142857142855,660,362.65,237.35000000000002,0.0,False
2023-12-16,Thomas's Bar,Captain Morgan,0.0,194.9185714285714,720,422.65,60.0,0.0,False
2023-12-17,Thomas's Bar,Captain Morgan,0.0,194.9185714285714,720,660.0,0.0,0.0,False
2023-12-18,Thomas's Bar,Captain Morgan,0.0,194.9185714285714,720,720.0,0.0,0.0,False
2023-12-19,Thomas's Bar,Captain Morgan,123.94,110.59285714285714,540,596.06,0.0,0.0,False
2023-12-20,Thomas's Bar,Captain Morgan,0.0,128.29857142857142,600,596.06,3.9400000000000546,0.0,False
2023-12-21,Thomas's Bar,Captain Morgan,0.0,51.61285714285714,420,596.06,0.0,0.0,False
2023-12-22,Thomas's Bar,Captain Morgan,0.0,51.61285714285714,420,600.0,0.0,0.0,False
2023-12-23,Thomas's Bar,Captain Morgan,0.0,17.705714285714286,360,600.0,0.0,0.0,False
2023-12-24,Thomas's Bar,Captain Morgan,0.0,17.705714285714286,360,600.0,0.0,0.0,False
2023-12-25,Thomas's Bar,Captain Morgan,0.0,17.705714285714286,360,600.0,0.0,0.0,False
2023-12-26,Thomas's Bar,Captain Morgan,0.0,17.705714285714286,360,600.0,0.0,0.0,False
2023-12-27,Thomas's Bar,Captain Morgan,0.0,0.0,330,600.0,0.0,0.0,False
2023-12-28,Thomas's Bar,Captain Morgan,0.0,0.0,330,600.0,0.0,0.0,False
2023-12-29,Thomas's Bar,Captain Morgan,0.0,0.0,330,600.0,0.0,0.0,False
2023-12-30,Thomas's Bar,Captain Morgan,0.0,0.0,330,600.0,0.0,0.0,False
2023-12-31,Thomas's Bar,Captain Morgan,0.0,0.0,330,600.0,0.0,0.0,False
2024-01-01,Thomas's Bar,Captain Morgan,0.0,0.0,330,600.0,0.0,0.0,False
2023-10-21,Thomas's Bar,Coors,0.0,0.0,300,300.0,0.0,0.0,False
2023-10-22,Thomas's Bar,Coors,0.0,0.0,300,300.0,0.0,0.0,False
2023-10-23,Thomas's Bar,Coors,0.0,0.0,300,300.0,0.0,0.0,False
2023-10-24,Thomas's Bar,Coors,0.0,0.0,300,300.0,0.0,0.0,False
2023-10-25,Thomas's Bar,Coors,0.0,0.0,300,300.0,0.0,0.0,False
2023-10-26,Thomas's Bar,Coors,0.0,0.0,300,300.0,0.0,0.0,False
2023-10-27,Thomas's Bar,Coors,0.0,0.0,300,300.0,0.0,0.0,False
2023-10-28,Thomas's Bar,Coors,0.0,0.0,300,300.0,0.0,0.0,False
2023-10-29,Thomas's Bar,Coors,0.0,0.0,300,300.0,0.0,0.0,False
2023-10-30,Thomas's Bar,Coors,0.0,0.0,300,300.0,0.0,0.0,False
2023-10-31,Thomas's Bar,Coors,0.0,0.0,300,300.0,0.0,0.0,False
2023-11-01,Thomas's Bar,Coors,0.0,0.0,300,300.0,0.0,0.0,False
2023-11-02,Thomas's Bar,Coors,0.0,0.0,300,300.0,0.0,0.0,False
2023-11-03,Thomas's Bar,Coors,412.43,0.0,300,0.0,300.0,112.43,True
2023-11-04,Thomas's Bar,Coors,0.0,58.91857142857143,420,0.0,120.0,0.0,False
2023-11-05,Thomas's Bar,Coors,0.0,58.91857142857143,420,300.0,0.0,0.0,False
2023-11-06,Thomas's Bar,Coors,0.0,58.91857142857143,420,420.0,0.0,0.0,False
2023-11-07,Thomas's Bar,Coors,0.0,58.91857142857143,420,420.0,0.0,0.0,False
2023-11-08,Thomas's Bar,Coors,0.0,58.91857142857143,420,420.0,0.0,0.0,False
2023-11-09,Thomas's Bar,Coors,0.0,58.91857142857143,420,420.0,0.0,0.0,False
2023-11-10,Thomas's Bar,Coors,0.0,58.91857142857143,420,420.0,0.0,0.0,False
2023-11-11,Thomas's Bar,Coors,0.0,0.0,300,420.0,0.0,0.0,False
2023-11-12,Thomas's Bar,Coors,0.0,0.0,300,420.0,0.0,0.0,False
2023-11-13,Thomas's Bar,Coors,0.0,0.0,300,420.0,0.0,0.0,False
2023-11-14,Thomas's Bar,Coors,209.04,0.0,300,210.96,89.03999999999999,0.0,False
2023-11-15,Thomas's Bar,Coors,447.52,29.86285714285714,360,0.0,270.96000000000004,236.55999999999997,True
2023-11-16,Thomas's Bar,Coors,0.0,93.7942857142857,480,89.03999999999999,120.0,0.0,False
2023-11-17,Thomas's Bar,Coors,0.0,93.7942857142857,480,360.0,0.0,0.0,False
2023-11-18,Thomas's Bar,Coors,0.0,93.7942857142857,480,480.0,0.0,0.0,False
2023-11-19,Thomas's Bar,Coors,0.0,93.7942857142857,480,480.0,0.0,0.0,False
2023-11-20,Thomas's Bar,Coors,0.0,93.7942857142857,480,480.0,0.0,0.0,False
2023-11-21,Thomas's Bar,Coors,0.0,93.7942857142857,480,480.0,0.0,0.0,False
2023-11-22,Thomas's Bar,Coors,511.68,63.93142857142857,420,0.0,420.0,31.680000000000007,True
2023-11-23,Thomas's Bar,Coors,0.0,73.09714285714286,450,0.0,30.0,0.0,False
2023-11-24,Thomas's Bar,Coors,0.0,73.09714285714286,450,420.0,0.0,0.0,False
2023-11-25,Thomas's Bar,Coors,0.0,73.09714285714286,450,450.0,0.0,0.0,False
2023-11-26,Thomas's Bar,Coors,0.0,73.09714285714286,450,450.0,0.0,0.0,False
2023-11-27,Thomas's Bar,Coors,0.0,73.09714285714286,450,450.0,0.0,0.0,False
2023-11-28,Thomas's Bar,Coors,0.0,73.09714285714286,450,450.0,0.0,0.0,False
2023-11-29,Thomas's Bar,Coors,0.0,73.09714285714286,450,450.0,0.0,0.0,False
2023-11-30,Thomas's Bar,Coors,0.0,0.0,300,450.0,0.0,0.0,False
2023-12-01,Thomas's Bar,Coors,0.0,0.0,300,450.0,0.0,0.0,False
2023-12-02,Thomas's Bar,Coors,0.0,0.0,300,450.0,0.0,0.0,False
2023-12-03,Thomas's Bar,Coors,0.0,0.0,300,450.0,0.0,0.0,False
2023-12-04,Thomas's Bar,Coors,0.0,0.0,300,450.0,0.0,0.0,False
2023-12-05,Thomas's Bar,Coors,0.0,0.0,300,450.0,0.0,0.0,False
2023-12-06,Thomas's Bar,Coors,0.0,0.0,300,450.0,0.0,0.0,False
2023-12-07,Thomas's Bar,Coors,0.0,0.0,300,450.0,0.0,0.0,False
2023-12-08,Thomas's Bar,Coors,0.0,0.0,300,450.0,0.0,0.0,False
2023-12-09,Thomas's Bar,Coors,0.0,0.0,300,450.0,0.0,0.0,False
2023-12-10,Thomas's Bar,Coors,0.0,0.0,300,450.0,0.0,0.0,False
2023-12-11,Thomas's Bar,Coors,0.0,0.0,300,450.0,0.0,0.0,False
2023-12-12,Thomas's Bar,Coors,0.0,0.0,300,450.0,0.0,0.0,False
2023-12-13,Thomas's Bar,Coors,0.0,0.0,300,450.0,0.0,0.0,False
2023-12-14,Thomas's Bar,Coors,0.0,0.0,300,450.0,0.0,0.0,False
2023-12-15,Thomas's Bar,Coors,0.0,0.0,300,450.0,0.0,0.0,False
2023-12-16,Thomas's Bar,Coors,0.0,0.0,300,450.0,0.0,0.0,False
2023-12-17,Thomas's Bar,Coors,0.0,0.0,300,450.0,0.0,0.0,False
2023-12-18,Thomas's Bar,Coors,0.0,0.0,300,450.0,0.0,0.0,False
2023-12-19,Thomas's Bar,Coors,0.0,0.0,300,450.0,0.0,0.0,False
2023-12-20,Thomas's Bar,Coors,0.0,0.0,300,450.0,0.0,0.0,False
2023-12-21,Thomas's Bar,Coors,0.0,0.0,300,450.0,0.0,0.0,False
2023-12-22,Thomas's Bar,Coors,0.0,0.0,300,450.0,0.0,0.0,False
2023-12-23,Thomas's Bar,Coors,0.0,0.0,300,450.0,0.0,0.0,False
2023-12-24,Thomas's Bar,Coors,0.0,0.0,300,450.0,0.0,0.0,False
2023-12-25,Thomas's Bar,Coors,0.0,0.0,300,450.0,0.0,0.0,False
2023-12-26,Thomas's Bar,Coors,0.0,0.0,300,450.0,0.0,0.0,False
2023-12-27,Thomas's Bar,Coors,0.0,0.0,300,450.0,0.0,0.0,False
2023-12-28,Thomas's Bar,Coors,533.72,0.0,300,0.0,300.0,83.72000000000003,True
2023-12-29,Thomas's Bar,Coors,0.0,76.24571428571429,450,0.0,150.0,0.0,False
2023-12-30,Thomas's Bar,Coors,0.0,76.24571428571429,450,300.0,0.0,0.0,False
2023-12-31,Thomas's Bar,Coors,0.0,76.24571428571429,450,450.0,0.0,0.0,False
2024-01-01,Thomas's Bar,Coors,0.0,76.24571428571429,450,450.0,0.0,0.0,False
2023-10-21,Thomas's Bar,Grey Goose,551.63,0.0,390,0.0,390.0,161.63,True
2023-10-22,Thomas's Bar,Grey Goose,284.25,125.08500000000001,660,0.0,270.0,284.25,True
2023-10-23,Thomas's Bar,Grey Goose,0.0,15.35,420,390.0,0.0,0.0,False
2023-10-24,Thomas's Bar,Grey Goose,0.0,94.9075,600,660.0,0.0,0.0,False
2023-10-25,Thomas's Bar,Grey Goose,0.0,191.41875000000002,780,660.0,120.0,0.0,False
2023-10-26,Thomas's Bar,Grey Goose,0.0,49.51,510,660.0,0.0,0.0,False
2023-10-27,Thomas's Bar,Grey Goose,0.0,0.0,390,780.0,0.0,0.0,False
2023-10-28,Thomas's Bar,Grey Goose,275.94,68.95375,540,504.06,35.94,0.0,False
2023-10-29,Thomas's Bar,Grey Goose,0.0,160.61625,720,504.06,180.0,0.0,False
2023-10-30,Thomas's Bar,Grey Goose,0.0,15.35,420,540.0,0.0,0.0,False
2023-10-31,Thomas's Bar,Grey Goose,0.0,94.9075,600,720.0,0.0,0.0,False
2023-11-01,Thomas's Bar,Grey Goose,0.0,191.41875000000002,780,720.0,60.0,0.0,False
2023-11-02,Thomas's Bar,Grey Goose,0.0,49.51,510,720.0,0.0,0.0,False
2023-11-03,Thomas's Bar,Grey Goose,0.0,0.0,390,780.0,0.0,0.0,False
2023-11-04,Thomas's Bar,Grey Goose,436.48,103.44624999999999,600,343.52,256.48,0.0,False
2023-11-05,Thomas's Bar,Grey Goose,0.0,160.61625,720,343.52,120.0,0.0,False
2023-11-06,Thomas's Bar,Grey Goose,187.06,15.35,420,412.94,0.0,0.0,False
2023-11-07,Thomas's Bar,Grey Goose,0.0,94.9075,600,532.94,67.05999999999995,0.0,False
2023-11-08,Thomas's Bar,Grey Goose,0.0,124.82375,660,532.94,60.0,0.0,False
2023-11-09,Thomas's Bar,Grey Goose,0.0,49.51,510,600.0,0.0,0.0,False
2023-11-10,Thomas's Bar,Grey Goose,0.0,0.0,390,660.0,0.0,0.0,False
2023-11-11,Thomas's Bar,Grey Goose,0.0,158.00625000000002,720,660.0,60.0,0.0,False
2023-11-12,Thomas's Bar,Grey Goose,0.0,160.61625,720,660.0,0.0,0.0,False
2023-11-13,Thomas's Bar,Grey Goose,133.53,23.3825,450,586.47,0.0,0.0,False
2023-11-14,Thomas's Bar,Grey Goose,0.0,94.9075,600,586.47,13.529999999999973,0.0,False
2023-11-15,Thomas's Bar,Grey Goose,0.0,63.5525,540,586.47,0.0,0.0,False
2023-11-16,Thomas's Bar,Grey Goose,383.19,49.51,510,216.81,293.19,0.0,False
2023-11-17,Thomas's Bar,Grey Goose,0.0,0.0,390,216.81,0.0,0.0,False
2023-11-18,Thomas's Bar,Grey Goose,0.0,158.00625,720,510.0,210.0,0.0,False
2023-11-19,Thomas's Bar,Grey Goose,237.31,160.61625,720,272.69,237.31,0.0,False
2023-11-20,Thomas's Bar,Grey Goose,0.0,40.073750000000004,480,482.69,0.0,0.0,False
2023-11-21,Thomas's Bar,Grey Goose,0.0,94.9075,600,720.0,0.0,0.0,False
2023-11-22,Thomas's Bar,Grey Goose,0.0,63.5525,540,720.0,0.0,0.0,False
2023-11-23,Thomas's Bar,Grey Goose,0.0,97.40875,600,720.0,0.0,0.0,False
2023-11-24,Thomas's Bar,Grey Goose,0.0,0.0,390,720.0,0.0,0.0,False
2023-11-25,Thomas's Bar,Grey Goose,186.29,158.00625000000002,720,533.71,186.28999999999996,0.0,False
2023-11-26,Thomas's Bar,Grey Goose,0.0,190.28,780,533.71,60.0,0.0,False
2023-11-27,Thomas's Bar,Grey Goose,0.0,40.073750000000004,480,720.0,0.0,0.0,False
2023-11-28,Thomas's Bar,Grey Goose,358.29,94.9075,600,421.71,178.29000000000002,0.0,False
2023-11-29,Thomas's Bar,Grey Goose,0.0,63.5525,540,421.71,0.0,0.0,False
2023-11-30,Thomas's Bar,Grey Goose,0.0,97.40875,600,600.0,0.0,0.0,False
2023-12-01,Thomas's Bar,Grey Goose,439.55,0.0,390,160.45,229.55,0.0,False
2023-12-02,Thomas's Bar,Grey Goose,113.86,181.2925,750,46.58999999999999,473.86,0.0,False
2023-12-03,Thomas's Bar,Grey Goose,557.46,134.65875,660,0.0,186.14,281.32000000000005,True
2023-12-04,Thomas's Bar,Grey Goose,0.0,40.073750000000004,480,473.86,0.0,0.0,False
2023-12-05,Thomas's Bar,Grey Goose,0.0,139.69375,690,660.0,30.0,0.0,False
2023-12-06,Thomas's Bar,Grey Goose,0.0,63.5525,540,660.0,0.0,0.0,False
2023-12-07,Thomas's Bar,Grey Goose,598.95,97.40875,600,91.04999999999995,508.95000000000005,0.0,False
2023-12-08,Thomas's Bar,Grey Goose,0.0,54.94375,510,91.04999999999995,0.0,0.0,False
2023-12-09,Thomas's Bar,Grey Goose,276.47,195.52500000000003,780,323.53,456.47,0.0,False
2023-12-10,Thomas's Bar,Grey Goose,0.0,134.8775,660,323.53,0.0,0.0,False
2023-12-11,Thomas's Bar,Grey Goose,0.0,40.073750000000004,480,780.0,0.0,0.0,False
2023-12-12,Thomas's Bar,Grey Goose,0.0,116.20875000000001,630,780.0,0.0,0.0,False
2023-12-13,Thomas's Bar,Grey Goose,0.0,0.0,390,780.0,0.0,0.0,False
2023-12-14,Thomas's Bar,Grey Goose,0.0,122.76750000000001,660,780.0,0.0,0.0,False
2023-12-15,Thomas's Bar,Grey Goose,211.27,54.94375,510,568.73,0.0,0.0,False
2023-12-16,Thomas's Bar,Grey Goose,0.0,230.08375,870,568.73,301.27,0.0,False
2023-12-17,Thomas's Bar,Grey Goose,0.0,134.8775,660,568.73,0.0,0.0,False
2023-12-18,Thomas's Bar,Grey Goose,391.2,40.073750000000004,480,478.8,1.1999999999999886,0.0,False
2023-12-19,Thomas's Bar,Grey Goose,0.0,44.78625,480,478.8,0.0,0.0,False
2023-12-20,Thomas's Bar,Grey Goose,366.02,0.0,390,113.98000000000002,276.02,0.0,False
2023-12-21,Thomas's Bar,Grey Goose,0.0,122.76750000000001,660,113.98000000000002,270.0,0.0,False
2023-12-22,Thomas's Bar,Grey Goose,0.0,81.3525,570,390.0,0.0,0.0,False
2023-12-23,Thomas's Bar,Grey Goose,395.97,161.13,720,264.03,455.97,0.0,False
2023-12-24,Thomas's Bar,Grey Goose,0.0,99.34625,600,264.03,0.0,0.0,False
2023-12-25,Thomas's Bar,Grey Goose,0.0,88.97375,570,720.0,0.0,0.0,False
2023-12-26,Thomas's Bar,Grey Goose,573.73,44.78625,480,146.26999999999998,333.73,0.0,False
2023-12-27,Thomas's Bar,Grey Goose,529.16,45.7525,480,0.0,146.26999999999998,382.89,True
2023-12-28,Thomas's Bar,Grey Goose,0.0,122.76750000000001,660,333.73,180.0,0.0,False
2023-12-29,Thomas's Bar,Grey Goose,0.0,81.3525,570,480.0,0.0,0.0,False
2023-12-30,Thomas's Bar,Grey Goose,0.0,176.13375000000002,750,660.0,90.0,0.0,False
2023-12-31,Thomas's Bar,Grey Goose,0.0,99.34625,600,660.0,0.0,0.0,False
2024-01-01,Thomas's Bar,Grey Goose,0.0,88.97375,570,750.0,0.0,0.0,False
2023-10-21,Thomas's Bar,Heineken,427.95,91.36,480,52.05000000000001,427.95,0.0,False
2023-10-22,Thomas's Bar,Heineken,0.0,152.49571428571429,600,52.05000000000001,120.0,0.0,False
2023-10-23,Thomas's Bar,Heineken,0.0,113.10857142857142,540,480.0,0.0,0.0,False
2023-10-24,Thomas's Bar,Heineken,0.0,61.135714285714286,420,600.0,0.0,0.0,False
2023-10-25,Thomas's Bar,Heineken,0.0,61.135714285714286,420,600.0,0.0,0.0,False
2023-10-26,Thomas's Bar,Heineken,0.0,61.135714285714286,420,600.0,0.0,0.0,False
2023-10-27,Thomas's Bar,Heineken,300.39,61.135714285714286,420,299.61,120.38999999999999,0.0,False
2023-10-28,Thomas's Bar,Heineken,0.0,104.04857142857142,510,299.61,90.0,0.0,False
2023-10-29,Thomas's Bar,Heineken,0.0,42.91285714285714,390,420.0,0.0,0.0,False
2023-10-30,Thomas's Bar,Heineken,0.0,42.91285714285714,390,510.0,0.0,0.0,False
2023-10-31,Thomas's Bar,Heineken,0.0,42.91285714285714,390,510.0,0.0,0.0,False
2023-11-01,Thomas's Bar,Heineken,0.0,42.91285714285714,390,510.0,0.0,0.0,False
2023-11-02,Thomas's Bar,Heineken,0.0,42.91285714285714,390,510.0,0.0,0.0,False
2023-11-03,Thomas's Bar,Heineken,0.0,42.91285714285714,390,510.0,0.0,0.0,False
2023-11-04,Thomas's Bar,Heineken,0.0,0.0,300,510.0,0.0,0.0,False
2023-11-05,Thomas's Bar,Heineken,0.0,0.0,300,510.0,0.0,0.0,False
2023-11-06,Thomas's Bar,Heineken,0.0,0.0,300,510.0,0.0,0.0,False
2023-11-07,Thomas's Bar,Heineken,0.0,0.0,300,510.0,0.0,0.0,False
2023-11-08,Thomas's Bar,Heineken,0.0,0.0,300,510.0,0.0,0.0,False
2023-11-09,Thomas's Bar,Heineken,0.0,0.0,300,510.0,0.0,0.0,False
2023-11-10,Thomas's Bar,Heineken,0.0,0.0,300,510.0,0.0,0.0,False
2023-11-11,Thomas's Bar,Heineken,0.0,0.0,300,510.0,0.0,0.0,False
2023-11-12,Thomas's Bar,Heineken,0.0,0.0,300,510.0,0.0,0.0,False
2023-11-13,Thomas's Bar,Heineken,0.0,0.0,300,510.0,0.0,0.0,False
2023-11-14,Thomas's Bar,Heineken,0.0,0.0,300,510.0,0.0,0.0,False
2023-11-15,Thomas's Bar,Heineken,0.0,0.0,300,510.0,0.0,0.0,False
2023-11-16,Thomas's Bar,Heineken,0.0,0.0,300,510.0,0.0,0.0,False
2023-11-17,Thomas's Bar,Heineken,0.0,0.0,300,510.0,0.0,0.0,False
2023-11-18,Thomas's Bar,Heineken,0.0,0.0,300,510.0,0.0,0.0,False
2023-11-19,Thomas's Bar,Heineken,0.0,0.0,300,510.0,0.0,0.0,False
2023-11-20,Thomas's Bar,Heineken,0.0,0.0,300,510.0,0.0,0.0,False
2023-11-21,Thomas's Bar,Heineken,0.0,0.0,300,510.0,0.0,0.0,False
2023-11-22,Thomas's Bar,Heineken,0.0,0.0,300,510.0,0.0,0.0,False
2023-11-23,Thomas's Bar,Heineken,0.0,0.0,300,510.0,0.0,0.0,False
2023-11-24,Thomas's Bar,Heineken,0.0,0.0,300,510.0,0.0,0.0,False
2023-11-25,Thomas's Bar,Heineken,0.0,0.0,300,510.0,0.0,0.0,False
2023-11-26,Thomas's Bar,Heineken,0.0,0.0,300,510.0,0.0,0.0,False
2023-11-27,Thomas's Bar,Heineken,0.0,0.0,300,510.0,0.0,0.0,False
2023-11-28,Thomas's Bar,Heineken,393.47,0.0,300,116.52999999999997,183.47000000000003,0.0,False
2023-11-29,Thomas's Bar,Heineken,0.0,56.21,420,116.52999999999997,120.0,0.0,False
2023-11-30,Thomas's Bar,Heineken,0.0,56.21,420,300.0,0.0,0.0,False
2023-12-01,Thomas's Bar,Heineken,0.0,56.21,420,420.0,0.0,0.0,False
2023-12-02,Thomas's Bar,Heineken,0.0,56.21,420,420.0,0.0,0.0,False
2023-12-03,Thomas's Bar,Heineken,0.0,56.21,420,420.0,0.0,0.0,False
2023-12-04,Thomas's Bar,Heineken,0.0,56.21,420,420.0,0.0,0.0,False
2023-12-05,Thomas's Bar,Heineken,0.0,56.21,420,420.0,0.0,0.0,False
2023-12-06,Thomas's Bar,Heineken,0.0,0.0,300,420.0,0.0,0.0,False
2023-12-07,Thomas's Bar,Heineken,0.0,0.0,300,420.0,0.0,0.0,False
2023-12-08,Thomas's Bar,Heineken,0.0,0.0,300,420.0,0.0,0.0,False
2023-12-09,Thomas's Bar,Heineken,0.0,0.0,300,420.0,0.0,0.0,False
2023-12-10,Thomas's Bar,Heineken,0.0,0.0,300,420.0,0.0,0.0,False
2023-12-11,Thomas's Bar,Heineken,0.0,0.0,300,420.0,0.0,0.0,False
2023-12-12,Thomas's Bar,Heineken,0.0,0.0,300,420.0,0.0,0.0,False
2023-12-13,Thomas's Bar,Heineken,0.0,0.0,300,420.0,0.0,0.0,False
2023-12-14,Thomas's Bar,Heineken,0.0,0.0,300,420.0,0.0,0.0,False
2023-12-15,Thomas's Bar,Heineken,0.0,0.0,300,420.0,0.0,0.0,False
2023-12-16,Thomas's Bar,Heineken,0.0,0.0,300,420.0,0.0,0.0,False
2023-12-17,Thomas's Bar,Heineken,0.0,0.0,300,420.0,0.0,0.0,False
2023-12-18,Thomas's Bar,Heineken,0.0,0.0,300,420.0,0.0,0.0,False
2023-12-19,Thomas's Bar,Heineken,0.0,0.0,300,420.0,0.0,0.0,False
2023-12-20,Thomas's Bar,Heineken,0.0,0.0,300,420.0,0.0,0.0,False
2023-12-21,Thomas's Bar,Heineken,0.0,0.0,300,420.0,0.0,0.0,False
2023-12-22,Thomas's Bar,Heineken,0.0,0.0,300,420.0,0.0,0.0,False
2023-12-23,Thomas's Bar,Heineken,0.0,0.0,300,420.0,0.0,0.0,False
2023-12-24,Thomas's Bar,Heineken,0.0,0.0,300,420.0,0.0,0.0,False
2023-12-25,Thomas's Bar,Heineken,0.0,0.0,300,420.0,0.0,0.0,False
2023-12-26,Thomas's Bar,Heineken,574.57,0.0,300,0.0,300.0,154.57000000000005,True
2023-12-27,Thomas's Bar,Heineken,0.0,82.08142857142857,480,0.0,180.0,0.0,False
2023-12-28,Thomas's Bar,Heineken,0.0,82.08142857142857,480,300.0,0.0,0.0,False
2023-12-29,Thomas's Bar,Heineken,0.0,82.08142857142857,480,480.0,0.0,0.0,False
2023-12-30,Thomas's Bar,Heineken,364.12,82.08142857142857,480,115.88,364.12,0.0,False
2023-12-31,Thomas's Bar,Heineken,0.0,134.09857142857143,570,115.88,90.0,0.0,False
2024-01-01,Thomas's Bar,Heineken,0.0,134.09857142857143,570,480.0,0.0,0.0,False
2023-10-21,Thomas's Bar,Jack Daniels,0.0,22.7125,480,480.0,0.0,0.0,False
2023-10-22,Thomas's Bar,Jack Daniels,0.0,0.0,420,480.0,0.0,0.0,False
2023-10-23,Thomas's Bar,Jack Daniels,0.0,135.21125,690,480.0,210.0,0.0,False
2023-10-24,Thomas's Bar,Jack Daniels,0.0,25.13875,480,480.0,0.0,0.0,False
2023-10-25,Thomas's Bar,Jack Daniels,0.0,129.3175,690,690.0,0.0,0.0,False
2023-10-26,Thomas's Bar,Jack Daniels,444.75,146.36875,720,245.25,474.75,0.0,False
2023-10-27,Thomas's Bar,Jack Daniels,200.04,138.14749999999998,720,45.21000000000001,200.03999999999996,0.0,False
2023-10-28,Thomas's Bar,Jack Daniels,0.0,22.7125,480,519.96,0.0,0.0,False
2023-10-29,Thomas's Bar,Jack Daniels,0.0,0.0,420,720.0,0.0,0.0,False
2023-10-30,Thomas's Bar,Jack Daniels,0.0,135.21125,690,720.0,0.0,0.0,False
2023-10-31,Thomas's Bar,Jack Daniels,0.0,25.13875,480,720.0,0.0,0.0,False
2023-11-01,Thomas's Bar,Jack Daniels,0.0,129.3175,690,720.0,0.0,0.0,False
2023-11-02,Thomas's Bar,Jack Daniels,0.0,201.96249999999998,840,720.0,120.0,0.0,False
2023-11-03,Thomas's Bar,Jack Daniels,0.0,163.15249999999997,750,720.0,0.0,0.0,False
2023-11-04,Thomas's Bar,Jack Daniels,0.0,22.7125,480,840.0,0.0,0.0,False
2023-11-05,Thomas's Bar,Jack Daniels,0.0,0.0,420,840.0,0.0,0.0,False
2023-11-06,Thomas's Bar,Jack Daniels,0.0,135.21125,690,840.0,0.0,0.0,False
2023-11-07,Thomas's Bar,Jack Daniels,0.0,25.13875,480,840.0,0.0,0.0,False
2023-11-08,Thomas's Bar,Jack Daniels,0.0,129.3175,690,840.0,0.0,0.0,False
2023-11-09,Thomas's Bar,Jack Daniels,0.0,201.96249999999998,840,840.0,0.0,0.0,False
2023-11-10,Thomas's Bar,Jack Daniels,0.0,163.15249999999997,750,840.0,0.0,0.0,False
2023-11-11,Thomas's Bar,Jack Daniels,0.0,0.0,420,840.0,0.0,0.0,False
2023-11-12,Thomas's Bar,Jack Daniels,0.0,0.0,420,840.0,0.0,0.0,False
2023-11-13,Thomas's Bar,Jack Daniels,0.0,135.21125,690,840.0,0.0,0.0,False
2023-11-14,Thomas's Bar,Jack Daniels,162.11,25.13875,480,677.89,0.0,0.0,False
2023-11-15,Thomas's Bar,Jack Daniels,0.0,129.3175,690,677.89,12.110000000000014,0.0,False
2023-11-16,Thomas's Bar,Jack Daniels,0.0,129.0625,690,677.89,0.0,0.0,False
2023-11-17,Thomas's Bar,Jack Daniels,0.0,163.15249999999997,750,690.0,60.0,0.0,False
2023-11-18,Thomas's Bar,Jack Daniels,0.0,0.0,420,690.0,0.0,0.0,False
2023-11-19,Thomas's Bar,Jack Daniels,0.0,0.0,420,750.0,0.0,0.0,False
2023-11-20,Thomas's Bar,Jack Daniels,213.85,68.6,570,536.15,33.85000000000002,0.0,False
2023-11-21,Thomas's Bar,Jack Daniels,465.7,20.26375,480,70.44999999999999,375.7,0.0,False
2023-11-22,Thomas's Bar,Jack Daniels,0.0,54.7,540,104.30000000000001,60.0,0.0,False
2023-11-23,Thomas's Bar,Jack Daniels,0.0,129.0625,690,480.0,150.0,0.0,False
2023-11-24,Thomas's Bar,Jack Daniels,0.0,99.91874999999999,630,540.0,0.0,0.0,False
2023-11-25,Thomas's Bar,Jack Daniels,0.0,0.0,420,690.0,0.0,0.0,False
2023-11-26,Thomas's Bar,Jack Daniels,0.0,0.0,420,690.0,0.0,0.0,False
2023-11-27,Thomas's Bar,Jack Daniels,0.0,95.33125,630,690.0,0.0,0.0,False
2023-11-28,Thomas's Bar,Jack Daniels,0.0,78.47625,600,690.0,0.0,0.0,False
2023-11-29,Thomas's Bar,Jack Daniels,0.0,0.0,420,690.0,0.0,0.0,False
2023-11-30,Thomas's Bar,Jack Daniels,0.0,70.3025,570,690.0,0.0,0.0,False
2023-12-01,Thomas's Bar,Jack Daniels,0.0,99.91874999999999,630,690.0,0.0,0.0,False
2023-12-02,Thomas's Bar,Jack Daniels,0.0,0.0,420,690.0,0.0,0.0,False
2023-12-03,Thomas's Bar,Jack Daniels,0.0,0.0,420,690.0,0.0,0.0,False
2023-12-04,Thomas's Bar,Jack Daniels,0.0,95.33125,630,690.0,0.0,0.0,False
2023-12-05,Thomas's Bar,Jack Daniels,142.66,78.47625,600,547.34,52.65999999999997,0.0,False
2023-12-06,Thomas's Bar,Jack Daniels,0.0,0.0,420,547.34,0.0,0.0,False
2023-12-07,Thomas's Bar,Jack Daniels,498.85,70.3025,570,101.14999999999998,468.85,0.0,False
2023-12-08,Thomas's Bar,Jack Daniels,0.0,25.005,480,101.14999999999998,0.0,0.0,False
2023-12-09,Thomas's Bar,Jack Daniels,0.0,0.0,420,570.0,0.0,0.0,False
2023-12-10,Thomas's Bar,Jack Daniels,0.0,0.0,420,570.0,0.0,0.0,False
2023-12-11,Thomas's Bar,Jack Daniels,0.0,26.73125,480,570.0,0.0,0.0,False
2023-12-12,Thomas's Bar,Jack Daniels,564.5,96.30874999999999,630,5.5,624.5,0.0,False
2023-12-13,Thomas's Bar,Jack Daniels,0.0,0.0,420,5.5,0.0,0.0,False
2023-12-14,Thomas's Bar,Jack Daniels,0.0,132.65875,690,630.0,60.0,0.0,False
2023-12-15,Thomas's Bar,Jack Daniels,0.0,25.005,480,630.0,0.0,0.0,False
2023-12-16,Thomas's Bar,Jack Daniels,0.0,0.0,420,690.0,0.0,0.0,False
2023-12-17,Thomas's Bar,Jack Daniels,0.0,0.0,420,690.0,0.0,0.0,False
2023-12-18,Thomas's Bar,Jack Daniels,0.0,26.73125,480,690.0,0.0,0.0,False
2023-12-19,Thomas's Bar,Jack Daniels,0.0,166.87124999999997,750,690.0,60.0,0.0,False
2023-12-20,Thomas's Bar,Jack Daniels,0.0,0.0,420,690.0,0.0,0.0,False
2023-12-21,Thomas's Bar,Jack Daniels,179.69,117.95,660,570.31,89.69000000000005,0.0,False
2023-12-22,Thomas's Bar,Jack Daniels,0.0,25.005,480,570.31,0.0,0.0,False
2023-12-23,Thomas's Bar,Jack Daniels,0.0,0.0,420,660.0,0.0,0.0,False
2023-12-24,Thomas's Bar,Jack Daniels,0.0,0.0,420,660.0,0.0,0.0,False
2023-12-25,Thomas's Bar,Jack Daniels,0.0,26.73125,480,660.0,0.0,0.0,False
2023-12-26,Thomas's Bar,Jack Daniels,359.85,166.87124999999997,750,300.15,449.85,0.0,False
2023-12-27,Thomas's Bar,Jack Daniels,0.0,0.0,420,300.15,0.0,0.0,False
2023-12-28,Thomas's Bar,Jack Daniels,0.0,84.8175,600,750.0,0.0,0.0,False
2023-12-29,Thomas's Bar,Jack Daniels,0.0,0.0,420,750.0,0.0,0.0,False
2023-12-30,Thomas's Bar,Jack Daniels,276.22,0.0,420,473.78,0.0,0.0,False
2023-12-31,Thomas's Bar,Jack Daniels,0.0,0.0,420,473.78,0.0,0.0,False
2024-01-01,Thomas's Bar,Jack Daniels,0.0,26.73125,480,473.78,6.220000000000027,0.0,False
2023-10-21,Thomas's Bar,Jameson,0.0,0.0,330,330.0,0.0,0.0,False
2023-10-22,Thomas's Bar,Jameson,0.0,0.0,330,330.0,0.0,0.0,False
2023-10-23,Thomas's Bar,Jameson,0.0,0.0,330,330.0,0.0,0.0,False
2023-10-24,Thomas's Bar,Jameson,0.0,0.0,330,330.0,0.0,0.0,False
2023-10-25,Thomas's Bar,Jameson,0.0,0.0,330,330.0,0.0,0.0,False
2023-10-26,Thomas's Bar,Jameson,0.0,0.0,330,330.0,0.0,0.0,False
2023-10-27,Thomas's Bar,Jameson,0.0,0.0,330,330.0,0.0,0.0,False
2023-10-28,Thomas's Bar,Jameson,0.0,0.0,330,330.0,0.0,0.0,False
2023-10-29,Thomas's Bar,Jameson,0.0,0.0,330,330.0,0.0,0.0,False
2023-10-30,Thomas's Bar,Jameson,0.0,0.0,330,330.0,0.0,0.0,False
2023-10-31,Thomas's Bar,Jameson,0.0,0.0,330,330.0,0.0,0.0,False
2023-11-01,Thomas's Bar,Jameson,0.0,0.0,330,330.0,0.0,0.0,False
2023-11-02,Thomas's Bar,Jameson,0.0,0.0,330,330.0,0.0,0.0,False
2023-11-03,Thomas's Bar,Jameson,0.0,0.0,330,330.0,0.0,0.0,False
2023-11-04,Thomas's Bar,Jameson,0.0,0.0,330,330.0,0.0,0.0,False
2023-11-05,Thomas's Bar,Jameson,0.0,0.0,330,330.0,0.0,0.0,False
2023-11-06,Thomas's Bar,Jameson,0.0,0.0,330,330.0,0.0,0.0,False
2023-11-07,Thomas's Bar,Jameson,0.0,0.0,330,330.0,0.0,0.0,False
2023-11-08,Thomas's Bar,Jameson,0.0,0.0,330,330.0,0.0,0.0,False
2023-11-09,Thomas's Bar,Jameson,0.0,0.0,330,330.0,0.0,0.0,False
2023-11-10,Thomas's Bar,Jameson,0.0,0.0,330,330.0,0.0,0.0,False
2023-11-11,Thomas's Bar,Jameson,0.0,0.0,330,330.0,0.0,0.0,False
2023-11-12,Thomas's Bar,Jameson,0.0,0.0,330,330.0,0.0,0.0,False
2023-11-13,Thomas's Bar,Jameson,0.0,0.0,330,330.0,0.0,0.0,False
2023-11-14,Thomas's Bar,Jameson,0.0,0.0,330,330.0,0.0,0.0,False
2023-11-15,Thomas's Bar,Jameson,0.0,0.0,330,330.0,0.0,0.0,False
2023-11-16,Thomas's Bar,Jameson,0.0,0.0,330,330.0,0.0,0.0,False
2023-11-17,Thomas's Bar,Jameson,0.0,0.0,330,330.0,0.0,0.0,False
2023-11-18,Thomas's Bar,Jameson,0.0,0.0,330,330.0,0.0,0.0,False
2023-11-19,Thomas's Bar,Jameson,0.0,0.0,330,330.0,0.0,0.0,False
2023-11-20,Thomas's Bar,Jameson,0.0,0.0,330,330.0,0.0,0.0,False
2023-11-21,Thomas's Bar,Jameson,0.0,0.0,330,330.0,0.0,0.0,False
2023-11-22,Thomas's Bar,Jameson,0.0,0.0,330,330.0,0.0,0.0,False
2023-11-23,Thomas's Bar,Jameson,0.0,0.0,330,330.0,0.0,0.0,False
2023-11-24,Thomas's Bar,Jameson,0.0,0.0,330,330.0,0.0,0.0,False
2023-11-25,Thomas's Bar,Jameson,0.0,0.0,330,330.0,0.0,0.0,False
2023-11-26,Thomas's Bar,Jameson,0.0,0.0,330,330.0,0.0,0.0,False
2023-11-27,Thomas's Bar,Jameson,0.0,0.0,330,330.0,0.0,0.0,False
2023-11-28,Thomas's Bar,Jameson,0.0,0.0,330,330.0,0.0,0.0,False
2023-11-29,Thomas's Bar,Jameson,0.0,0.0,330,330.0,0.0,0.0,False
2023-11-30,Thomas's Bar,Jameson,0.0,0.0,330,330.0,0.0,0.0,False
2023-12-01,Thomas's Bar,Jameson,0.0,0.0,330,330.0,0.0,0.0,False
2023-12-02,Thomas's Bar,Jameson,0.0,0.0,330,330.0,0.0,0.0,False
2023-12-03,Thomas's Bar,Jameson,0.0,0.0,330,330.0,0.0,0.0,False
2023-12-04,Thomas's Bar,Jameson,0.0,0.0,330,330.0,0.0,0.0,False
2023-12-05,Thomas's Bar,Jameson,0.0,0.0,330,330.0,0.0,0.0,False
2023-12-06,Thomas's Bar,Jameson,0.0,0.0,330,330.0,0.0,0.0,False
2023-12-07,Thomas's Bar,Jameson,0.0,0.0,330,330.0,0.0,0.0,False
2023-12-08,Thomas's Bar,Jameson,0.0,0.0,330,330.0,0.0,0.0,False
2023-12-09,Thomas's Bar,Jameson,0.0,0.0,330,330.0,0.0,0.0,False
2023-12-10,Thomas's Bar,Jameson,0.0,0.0,330,330.0,0.0,0.0,False
2023-12-11,Thomas's Bar,Jameson,0.0,0.0,330,330.0,0.0,0.0,False
2023-12-12,Thomas's Bar,Jameson,0.0,0.0,330,330.0,0.0,0.0,False
2023-12-13,Thomas's Bar,Jameson,0.0,0.0,330,330.0,0.0,0.0,False
2023-12-14,Thomas's Bar,Jameson,0.0,0.0,330,330.0,0.0,0.0,False
2023-12-15,Thomas's Bar,Jameson,0.0,0.0,330,330.0,0.0,0.0,False
2023-12-16,Thomas's Bar,Jameson,0.0,0.0,330,330.0,0.0,0.0,False
2023-12-17,Thomas's Bar,Jameson,0.0,0.0,330,330.0,0.0,0.0,False
2023-12-18,Thomas's Bar,Jameson,0.0,0.0,330,330.0,0.0,0.0,False
2023-12-19,Thomas's Bar,Jameson,0.0,0.0,330,330.0,0.0,0.0,False
2023-12-20,Thomas's Bar,Jameson,0.0,0.0,330,330.0,0.0,0.0,False
2023-12-21,Thomas's Bar,Jameson,0.0,0.0,330,330.0,0.0,0.0,False
2023-12-22,Thomas's Bar,Jameson,0.0,0.0,330,330.0,0.0,0.0,False
2023-12-23,Thomas's Bar,Jameson,0.0,0.0,330,330.0,0.0,0.0,False
2023-12-24,Thomas's Bar,Jameson,0.0,0.0,330,330.0,0.0,0.0,False
2023-12-25,Thomas's Bar,Jameson,0.0,0.0,330,330.0,0.0,0.0,False
2023-12-26,Thomas's Bar,Jameson,0.0,0.0,330,330.0,0.0,0.0,False
2023-12-27,Thomas's Bar,Jameson,0.0,0.0,330,330.0,0.0,0.0,False
2023-12-28,Thomas's Bar,Jameson,0.0,0.0,330,330.0,0.0,0.0,False
2023-12-29,Thomas's Bar,Jameson,532.17,0.0,330,0.0,330.0,202.16999999999996,True
2023-12-30,Thomas's Bar,Jameson,0.0,76.02428571428571,480,0.0,150.0,0.0,False
2023-12-31,Thomas's Bar,Jameson,359.46,76.02428571428571,480,0.0,330.0,29.45999999999998,True
2024-01-01,Thomas's Bar,Jameson,0.0,127.37571428571427,570,150.0,90.0,0.0,False
2023-10-21,Thomas's Bar,Jim Beam,0.0,156.53250000000003,750,750.0,0.0,0.0,False
2023-10-22,Thomas's Bar,Jim Beam,480.66,119.26125,660,269.34,390.66,0.0,False
2023-10-23,Thomas's Bar,Jim Beam,0.0,71.42,570,269.34,0.0,0.0,False
2023-10-24,Thomas's Bar,Jim Beam,501.29,59.416250000000005,540,158.70999999999998,381.29,0.0,False
2023-10-25,Thomas's Bar,Jim Beam,0.0,39.26125,510,158.70999999999998,0.0,0.0,False
2023-10-26,Thomas's Bar,Jim Beam,0.0,0.0,420,540.0,0.0,0.0,False
2023-10-27,Thomas's Bar,Jim Beam,0.0,45.77375,510,540.0,0.0,0.0,False
2023-10-28,Thomas's Bar,Jim Beam,31.25,156.53250000000003,750,508.75,241.25,0.0,False
2023-10-29,Thomas's Bar,Jim Beam,0.0,179.34375,780,508.75,30.0,0.0,False
2023-10-30,Thomas's Bar,Jim Beam,0.0,71.42,570,750.0,0.0,0.0,False
2023-10-31,Thomas's Bar,Jim Beam,0.0,122.0775,660,780.0,0.0,0.0,False
2023-11-01,Thomas's Bar,Jim Beam,0.0,39.26125,510,780.0,0.0,0.0,False
2023-11-02,Thomas's Bar,Jim Beam,0.0,0.0,420,780.0,0.0,0.0,False
2023-11-03,Thomas's Bar,Jim Beam,0.0,45.77375,510,780.0,0.0,0.0,False
2023-11-04,Thomas's Bar,Jim Beam,0.0,134.74125,690,780.0,0.0,0.0,False
2023-11-05,Thomas's Bar,Jim Beam,0.0,179.34375,780,780.0,0.0,0.0,False
2023-11-06,Thomas's Bar,Jim Beam,0.0,71.42,570,780.0,0.0,0.0,False
2023-11-07,Thomas's Bar,Jim Beam,0.0,102.575,630,780.0,0.0,0.0,False
2023-11-08,Thomas's Bar,Jim Beam,0.0,39.26125,510,780.0,0.0,0.0,False
2023-11-09,Thomas's Bar,Jim Beam,0.0,0.0,420,780.0,0.0,0.0,False
2023-11-10,Thomas's Bar,Jim Beam,0.0,45.77375,510,780.0,0.0,0.0,False
2023-11-11,Thomas's Bar,Jim Beam,0.0,134.74125,690,780.0,0.0,0.0,False
2023-11-12,Thomas's Bar,Jim Beam,0.0,179.34375,780,780.0,0.0,0.0,False
2023-11-13,Thomas's Bar,Jim Beam,0.0,71.42,570,780.0,0.0,0.0,False
2023-11-14,Thomas's Bar,Jim Beam,0.0,102.575,630,780.0,0.0,0.0,False
2023-11-15,Thomas's Bar,Jim Beam,0.0,39.26125,510,780.0,0.0,0.0,False
2023-11-16,Thomas's Bar,Jim Beam,0.0,0.0,420,780.0,0.0,0.0,False
2023-11-17,Thomas's Bar,Jim Beam,0.0,45.77375,510,780.0,0.0,0.0,False
2023-11-18,Thomas's Bar,Jim Beam,0.0,77.3525,570,780.0,0.0,0.0,False
2023-11-19,Thomas's Bar,Jim Beam,564.43,127.09625,690,215.57000000000005,474.42999999999995,0.0,False
2023-11-20,Thomas's Bar,Jim Beam,0.0,71.42,570,215.57000000000005,0.0,0.0,False
2023-11-21,Thomas's Bar,Jim Beam,0.0,102.575,630,690.0,0.0,0.0,False
2023-11-22,Thomas's Bar,Jim Beam,0.0,39.26125,510,690.0,0.0,0.0,False
2023-11-23,Thomas's Bar,Jim Beam,0.0,0.0,420,690.0,0.0,0.0,False
2023-11-24,Thomas's Bar,Jim Beam,513.11,45.77375,510,176.89,333.11,0.0,False
2023-11-25,Thomas's Bar,Jim Beam,0.0,77.3525,570,176.89,60.0,0.0,False
2023-11-26,Thomas's Bar,Jim Beam,222.72,197.64999999999998,810,287.28,462.72,0.0,False
2023-11-27,Thomas's Bar,Jim Beam,0.0,40.905,510,347.28,0.0,0.0,False
2023-11-28,Thomas's Bar,Jim Beam,468.55,102.575,630,341.45,288.55,0.0,False
2023-11-29,Thomas's Bar,Jim Beam,0.0,39.26125,510,341.45,0.0,0.0,False
2023-11-30,Thomas's Bar,Jim Beam,0.0,0.0,420,630.0,0.0,0.0,False
2023-12-01,Thomas's Bar,Jim Beam,0.0,109.9125,630,630.0,0.0,0.0,False
2023-12-02,Thomas's Bar,Jim Beam,0.0,77.3525,570,630.0,0.0,0.0,False
2023-12-03,Thomas's Bar,Jim Beam,172.85,225.49,870,457.15,412.85,0.0,False
2023-12-04,Thomas's Bar,Jim Beam,309.37,0.0,420,147.77999999999997,0.0,0.0,False
2023-12-05,Thomas's Bar,Jim Beam,0.0,161.14375,750,560.63,189.37,0.0,False
2023-12-06,Thomas's Bar,Jim Beam,0.0,39.26125,510,560.63,0.0,0.0,False
2023-12-07,Thomas's Bar,Jim Beam,0.0,0.0,420,750.0,0.0,0.0,False
2023-12-08,Thomas's Bar,Jim Beam,0.0,109.9125,630,750.0,0.0,0.0,False
2023-12-09,Thomas's Bar,Jim Beam,0.0,77.3525,570,750.0,0.0,0.0,False
2023-12-10,Thomas's Bar,Jim Beam,154.29,180.0825,780,595.71,184.28999999999996,0.0,False
2023-12-11,Thomas's Bar,Jim Beam,0.0,38.67125,510,595.71,0.0,0.0,False
2023-12-12,Thomas's Bar,Jim Beam,0.0,121.23,660,780.0,0.0,0.0,False
2023-12-13,Thomas's Bar,Jim Beam,0.0,0.0,420,780.0,0.0,0.0,False
2023-12-14,Thomas's Bar,Jim Beam,0.0,0.0,420,780.0,0.0,0.0,False
2023-12-15,Thomas's Bar,Jim Beam,0.0,64.13875,540,780.0,0.0,0.0,False
2023-12-16,Thomas's Bar,Jim Beam,121.82,3.90625,420,658.1800000000001,0.0,0.0,False
2023-12-17,Thomas's Bar,Jim Beam,172.52,199.36875,810,485.6600000000001,324.3399999999999,0.0,False
2023-12-18,Thomas's Bar,Jim Beam,0.0,38.67125,510,485.6600000000001,0.0,0.0,False
2023-12-19,Thomas's Bar,Jim Beam,0.0,121.23,660,810.0,0.0,0.0,False
2023-12-20,Thomas's Bar,Jim Beam,229.8,0.0,420,580.2,0.0,0.0,False
2023-12-21,Thomas's Bar,Jim Beam,0.0,0.0,420,580.2,0.0,0.0,False
2023-12-22,Thomas's Bar,Jim Beam,0.0,64.13875,540,580.2,0.0,0.0,False
2023-12-23,Thomas's Bar,Jim Beam,0.0,19.13375,450,580.2,0.0,0.0,False
2023-12-24,Thomas's Bar,Jim Beam,0.0,160.85125,750,580.2,169.79999999999995,0.0,False
2023-12-25,Thomas's Bar,Jim Beam,0.0,38.67125,510,580.2,0.0,0.0,False
2023-12-26,Thomas's Bar,Jim Beam,0.0,58.56875,540,750.0,0.0,0.0,False
2023-12-27,Thomas's Bar,Jim Beam,0.0,28.725,480,750.0,0.0,0.0,False
2023-12-28,Thomas's Bar,Jim Beam,225.64,0.0,420,524.36,0.0,0.0,False
2023-12-29,Thomas's Bar,Jim Beam,0.0,64.13875,540,524.36,15.639999999999986,0.0,False
2023-12-30,Thomas's Bar,Jim Beam,0.0,15.2275,450,524.36,0.0,0.0,False
2023-12-31,Thomas's Bar,Jim Beam,0.0,160.85125,750,540.0,210.0,0.0,False
2024-01-01,Thomas's Bar,Jim Beam,0.0,38.67125,510,540.0,0.0,0.0,False
2023-10-21,Thomas's Bar,Malibu,203.76,50.40857142857143,480,276.24,203.76,0.0,False
2023-10-22,Thomas's Bar,Malibu,0.0,79.51714285714286,540,276.24,60.0,0.0,False
2023-10-23,Thomas's Bar,Malibu,0.0,79.51714285714286,540,480.0,0.0,0.0,False
2023-10-24,Thomas's Bar,Malibu,536.8,79.51714285714286,540,3.2000000000000455,536.8,0.0,False
2023-10-25,Thomas's Bar,Malibu,0.0,156.20285714285714,690,3.2000000000000455,150.0,0.0,False
2023-10-26,Thomas's Bar,Malibu,0.0,156.20285714285714,690,540.0,0.0,0.0,False
2023-10-27,Thomas's Bar,Malibu,0.0,105.7942857142857,600,690.0,0.0,0.0,False
2023-10-28,Thomas's Bar,Malibu,0.0,105.7942857142857,600,690.0,0.0,0.0,False
2023-10-29,Thomas's Bar,Malibu,0.0,76.68571428571428,540,690.0,0.0,0.0,False
2023-10-30,Thomas's Bar,Malibu,0.0,76.68571428571428,540,690.0,0.0,0.0,False
2023-10-31,Thomas's Bar,Malibu,0.0,76.68571428571428,540,690.0,0.0,0.0,False
2023-11-01,Thomas's Bar,Malibu,0.0,0.0,390,690.0,0.0,0.0,False
2023-11-02,Thomas's Bar,Malibu,0.0,0.0,390,690.0,0.0,0.0,False
2023-11-03,Thomas's Bar,Malibu,0.0,0.0,390,690.0,0.0,0.0,False
2023-11-04,Thomas's Bar,Malibu,0.0,0.0,390,690.0,0.0,0.0,False
2023-11-05,Thomas's Bar,Malibu,0.0,0.0,390,690.0,0.0,0.0,False
2023-11-06,Thomas's Bar,Malibu,0.0,0.0,390,690.0,0.0,0.0,False
2023-11-07,Thomas's Bar,Malibu,0.0,0.0,390,690.0,0.0,0.0,False
2023-11-08,Thomas's Bar,Malibu,0.0,0.0,390,690.0,0.0,0.0,False
2023-11-09,Thomas's Bar,Malibu,188.35,0.0,390,501.65,0.0,0.0,False
2023-11-10,Thomas's Bar,Malibu,0.0,26.907142857142855,450,501.65,0.0,0.0,False
2023-11-11,Thomas's Bar,Malibu,0.0,26.907142857142855,450,501.65,0.0,0.0,False
2023-11-12,Thomas's Bar,Malibu,191.86,26.907142857142855,450,309.78999999999996,140.21000000000004,0.0,False
2023-11-13,Thomas's Bar,Malibu,116.61,54.31571428571429,480,193.17999999999995,146.61,0.0,False
2023-11-14,Thomas's Bar,Malibu,0.0,70.97428571428573,540,333.39,60.0,0.0,False
2023-11-15,Thomas's Bar,Malibu,312.85,70.97428571428573,540,167.14999999999998,312.85,0.0,False
2023-11-16,Thomas's Bar,Malibu,0.0,115.66714285714286,630,227.14999999999998,90.0,0.0,False
2023-11-17,Thomas's Bar,Malibu,0.0,88.76,570,540.0,0.0,0.0,False
2023-11-18,Thomas's Bar,Malibu,0.0,88.76,570,630.0,0.0,0.0,False
2023-11-19,Thomas's Bar,Malibu,0.0,88.76,570,630.0,0.0,0.0,False
2023-11-20,Thomas's Bar,Malibu,261.37,61.35142857142858,510,368.63,141.37,0.0,False
2023-11-21,Thomas's Bar,Malibu,0.0,82.03142857142858,540,368.63,30.0,0.0,False
2023-11-22,Thomas's Bar,Malibu,0.0,82.03142857142858,540,510.0,0.0,0.0,False
2023-11-23,Thomas's Bar,Malibu,0.0,37.33857142857143,450,540.0,0.0,0.0,False
2023-11-24,Thomas's Bar,Malibu,0.0,37.33857142857143,450,540.0,0.0,0.0,False
2023-11-25,Thomas's Bar,Malibu,0.0,37.33857142857143,450,540.0,0.0,0.0,False
2023-11-26,Thomas's Bar,Malibu,109.8,37.33857142857143,450,430.2,19.80000000000001,0.0,False
2023-11-27,Thomas's Bar,Malibu,514.35,53.02428571428572,480,0.0,460.2,84.15000000000003,True
2023-11-28,Thomas's Bar,Malibu,0.0,89.16428571428571,570,19.80000000000001,90.0,0.0,False
2023-11-29,Thomas's Bar,Malibu,0.0,89.16428571428571,570,480.0,0.0,0.0,False
2023-11-30,Thomas's Bar,Malibu,0.0,89.16428571428571,570,570.0,0.0,0.0,False
2023-12-01,Thomas's Bar,Malibu,0.0,89.16428571428571,570,570.0,0.0,0.0,False
2023-12-02,Thomas's Bar,Malibu,0.0,89.16428571428571,570,570.0,0.0,0.0,False
2023-12-03,Thomas's Bar,Malibu,0.0,89.16428571428571,570,570.0,0.0,0.0,False
2023-12-04,Thomas's Bar,Malibu,0.0,73.47857142857143,540,570.0,0.0,0.0,False
2023-12-05,Thomas's Bar,Malibu,0.0,0.0,390,570.0,0.0,0.0,False
2023-12-06,Thomas's Bar,Malibu,0.0,0.0,390,570.0,0.0,0.0,False
2023-12-07,Thomas's Bar,Malibu,0.0,0.0,390,570.0,0.0,0.0,False
2023-12-08,Thomas's Bar,Malibu,0.0,0.0,390,570.0,0.0,0.0,False
2023-12-09,Thomas's Bar,Malibu,0.0,0.0,390,570.0,0.0,0.0,False
2023-12-10,Thomas's Bar,Malibu,0.0,0.0,390,570.0,0.0,0.0,False
2023-12-11,Thomas's Bar,Malibu,0.0,0.0,390,570.0,0.0,0.0,False
2023-12-12,Thomas's Bar,Malibu,0.0,0.0,390,570.0,0.0,0.0,False
2023-12-13,Thomas's Bar,Malibu,0.0,0.0,390,570.0,0.0,0.0,False
2023-12-14,Thomas's Bar,Malibu,0.0,0.0,390,570.0,0.0,0.0,False
2023-12-15,Thomas's Bar,Malibu,0.0,0.0,390,570.0,0.0,0.0,False
2023-12-16,Thomas's Bar,Malibu,0.0,0.0,390,570.0,0.0,0.0,False
2023-12-17,Thomas's Bar,Malibu,0.0,0.0,390,570.0,0.0,0.0,False
2023-12-18,Thomas's Bar,Malibu,0.0,0.0,390,570.0,0.0,0.0,False
2023-12-19,Thomas's Bar,Malibu,0.0,0.0,390,570.0,0.0,0.0,False
2023-12-20,Thomas's Bar,Malibu,0.0,0.0,390,570.0,0.0,0.0,False
2023-12-21,Thomas's Bar,Malibu,362.14,0.0,390,207.86,182.14,0.0,False
2023-12-22,Thomas's Bar,Malibu,0.0,51.73428571428571,480,207.86,90.0,0.0,False
2023-12-23,Thomas's Bar,Malibu,0.0,51.73428571428571,480,390.0,0.0,0.0,False
2023-12-24,Thomas's Bar,Malibu,0.0,51.73428571428571,480,480.0,0.0,0.0,False
2023-12-25,Thomas's Bar,Malibu,0.0,51.73428571428571,480,480.0,0.0,0.0,False
2023-12-26,Thomas's Bar,Malibu,0.0,51.73428571428571,480,480.0,0.0,0.0,False
2023-12-27,Thomas's Bar,Malibu,0.0,51.73428571428571,480,480.0,0.0,0.0,False
2023-12-28,Thomas's Bar,Malibu,236.94,51.73428571428571,480,243.06,236.94,0.0,False
2023-12-29,Thomas's Bar,Malibu,0.0,33.848571428571425,450,243.06,0.0,0.0,False
2023-12-30,Thomas's Bar,Malibu,429.13,33.848571428571425,450,50.870000000000005,399.13,0.0,False
2023-12-31,Thomas's Bar,Malibu,0.0,95.15285714285713,570,50.870000000000005,120.0,0.0,False
2024-01-01,Thomas's Bar,Malibu,0.0,95.15285714285713,570,450.0,0.0,0.0,False
2023-10-21,Thomas's Bar,Miller,0.0,0.0,450,450.0,0.0,0.0,False
2023-10-22,Thomas's Bar,Miller,0.0,0.0,450,450.0,0.0,0.0,False
2023-10-23,Thomas's Bar,Miller,0.0,0.0,450,450.0,0.0,0.0,False
2023-10-24,Thomas's Bar,Miller,0.0,0.0,450,450.0,0.0,0.0,False
2023-10-25,Thomas's Bar,Miller,0.0,0.0,450,450.0,0.0,0.0,False
2023-10-26,Thomas's Bar,Miller,385.32,0.0,450,64.68,385.32,0.0,False
2023-10-27,Thomas's Bar,Miller,0.0,55.04571428571428,570,64.68,120.0,0.0,False
2023-10-28,Thomas's Bar,Miller,0.0,55.04571428571428,570,450.0,0.0,0.0,False
2023-10-29,Thomas's Bar,Miller,0.0,55.04571428571428,570,570.0,0.0,0.0,False
2023-10-30,Thomas's Bar,Miller,0.0,55.04571428571428,570,570.0,0.0,0.0,False
2023-10-31,Thomas's Bar,Miller,0.0,55.04571428571428,570,570.0,0.0,0.0,False
2023-11-01,Thomas's Bar,Miller,0.0,55.04571428571428,570,570.0,0.0,0.0,False
2023-11-02,Thomas's Bar,Miller,519.32,55.04571428571428,570,50.67999999999995,519.32,0.0,False
2023-11-03,Thomas's Bar,Miller,0.0,74.18857142857144,600,50.67999999999995,30.0,0.0,False
2023-11-04,Thomas's Bar,Miller,0.0,74.18857142857144,600,570.0,0.0,0.0,False
2023-11-05,Thomas's Bar,Miller,0.0,74.18857142857144,600,600.0,0.0,0.0,False
2023-11-06,Thomas's Bar,Miller,0.0,74.18857142857144,600,600.0,0.0,0.0,False
2023-11-07,Thomas's Bar,Miller,265.01,74.18857142857144,600,334.99,265.01,0.0,False
2023-11-08,Thomas's Bar,Miller,0.0,112.04714285714286,660,334.99,60.0,0.0,False
2023-11-09,Thomas's Bar,Miller,0.0,112.04714285714286,660,600.0,0.0,0.0,False
2023-11-10,Thomas's Bar,Miller,0.0,37.85857142857143,510,660.0,0.0,0.0,False
2023-11-11,Thomas's Bar,Miller,0.0,37.85857142857143,510,660.0,0.0,0.0,False
2023-11-12,Thomas's Bar,Miller,0.0,37.85857142857143,510,660.0,0.0,0.0,False
2023-11-13,Thomas's Bar,Miller,0.0,37.85857142857143,510,660.0,0.0,0.0,False
2023-11-14,Thomas's Bar,Miller,0.0,37.85857142857143,510,660.0,0.0,0.0,False
2023-11-15,Thomas's Bar,Miller,0.0,0.0,450,660.0,0.0,0.0,False
2023-11-16,Thomas's Bar,Miller,0.0,0.0,450,660.0,0.0,0.0,False
2023-11-17,Thomas's Bar,Miller,0.0,0.0,450,660.0,0.0,0.0,False
2023-11-18,Thomas's Bar,Miller,0.0,0.0,450,660.0,0.0,0.0,False
2023-11-19,Thomas's Bar,Miller,0.0,0.0,450,660.0,0.0,0.0,False
2023-11-20,Thomas's Bar,Miller,0.0,0.0,450,660.0,0.0,0.0,False
2023-11-21,Thomas's Bar,Miller,0.0,0.0,450,660.0,0.0,0.0,False
2023-11-22,Thomas's Bar,Miller,0.0,0.0,450,660.0,0.0,0.0,False
2023-11-23,Thomas's Bar,Miller,0.0,0.0,450,660.0,0.0,0.0,False
2023-11-24,Thomas's Bar,Miller,226.55,0.0,450,433.45,16.55000000000001,0.0,False
2023-11-25,Thomas's Bar,Miller,0.0,32.364285714285714,510,433.45,60.0,0.0,False
2023-11-26,Thomas's Bar,Miller,0.0,32.364285714285714,510,450.0,0.0,0.0,False
2023-11-27,Thomas's Bar,Miller,486.78,32.364285714285714,510,23.220000000000027,486.78,0.0,False
2023-11-28,Thomas's Bar,Miller,0.0,101.9042857142857,660,23.220000000000027,150.0,0.0,False
2023-11-29,Thomas's Bar,Miller,0.0,101.9042857142857,660,510.0,0.0,0.0,False
2023-11-30,Thomas's Bar,Miller,0.0,101.9042857142857,660,660.0,0.0,0.0,False
2023-12-01,Thomas's Bar,Miller,0.0,101.9042857142857,660,660.0,0.0,0.0,False
2023-12-02,Thomas's Bar,Miller,0.0,69.53999999999999,570,660.0,0.0,0.0,False
2023-12-03,Thomas's Bar,Miller,0.0,69.53999999999999,570,660.0,0.0,0.0,False
2023-12-04,Thomas's Bar,Miller,0.0,69.53999999999999,570,660.0,0.0,0.0,False
2023-12-05,Thomas's Bar,Miller,0.0,0.0,450,660.0,0.0,0.0,False
2023-12-06,Thomas's Bar,Miller,0.0,0.0,450,660.0,0.0,0.0,False
2023-12-07,Thomas's Bar,Miller,0.0,0.0,450,660.0,0.0,0.0,False
2023-12-08,Thomas's Bar,Miller,0.0,0.0,450,660.0,0.0,0.0,False
2023-12-09,Thomas's Bar,Miller,0.0,0.0,450,660.0,0.0,0.0,False
2023-12-10,Thomas's Bar,Miller,0.0,0.0,450,660.0,0.0,0.0,False
2023-12-11,Thomas's Bar,Miller,596.0,0.0,450,64.0,386.0,0.0,False
2023-12-12,Thomas's Bar,Miller,0.0,85.14285714285714,630,64.0,180.0,0.0,False
2023-12-13,Thomas's Bar,Miller,0.0,85.14285714285714,630,450.0,0.0,0.0,False
2023-12-14,Thomas's Bar,Miller,0.0,85.14285714285714,630,630.0,0.0,0.0,False
2023-12-15,Thomas's Bar,Miller,0.0,85.14285714285714,630,630.0,0.0,0.0,False
2023-12-16,Thomas's Bar,Miller,0.0,85.14285714285714,630,630.0,0.0,0.0,False
2023-12-17,Thomas's Bar,Miller,0.0,85.14285714285714,630,630.0,0.0,0.0,False
2023-12-18,Thomas's Bar,Miller,0.0,85.14285714285714,630,630.0,0.0,0.0,False
2023-12-19,Thomas's Bar,Miller,0.0,0.0,450,630.0,0.0,0.0,False
2023-12-20,Thomas's Bar,Miller,0.0,0.0,450,630.0,0.0,0.0,False
2023-12-21,Thomas's Bar,Miller,549.24,0.0,450,80.75999999999999,369.24,0.0,False
2023-12-22,Thomas's Bar,Miller,0.0,78.46285714285715,600,80.75999999999999,150.0,0.0,False
2023-12-23,Thomas's Bar,Miller,0.0,78.46285714285715,600,450.0,0.0,0.0,False
2023-12-24,Thomas's Bar,Miller,0.0,78.46285714285715,600,600.0,0.0,0.0,False
2023-12-25,Thomas's Bar,Miller,0.0,78.46285714285715,600,600.0,0.0,0.0,False
2023-12-26,Thomas's Bar,Miller,0.0,78.46285714285715,600,600.0,0.0,0.0,False
2023-12-27,Thomas's Bar,Miller,0.0,78.46285714285715,600,600.0,0.0,0.0,False
2023-12-28,Thomas's Bar,Miller,0.0,78.46285714285715,600,600.0,0.0,0.0,False
2023-12-29,Thomas's Bar,Miller,0.0,0.0,450,600.0,0.0,0.0,False
2023-12-30,Thomas's Bar,Miller,0.0,0.0,450,600.0,0.0,0.0,False
2023-12-31,Thomas's Bar,Miller,0.0,0.0,450,600.0,0.0,0.0,False
2024-01-01,Thomas's Bar,Miller,0.0,0.0,450,600.0,0.0,0.0,False
2023-10-21,Thomas's Bar,Smirnoff,0.0,141.045,630,630.0,0.0,0.0,False
2023-10-22,Thomas's Bar,Smirnoff,0.0,66.47875,480,630.0,0.0,0.0,False
2023-10-23,Thomas's Bar,Smirnoff,0.0,0.0,330,630.0,0.0,0.0,False
2023-10-24,Thomas's Bar,Smirnoff,0.0,35.2275,420,630.0,0.0,0.0,False
2023-10-25,Thomas's Bar,Smirnoff,0.0,85.39,510,630.0,0.0,0.0,False
2023-10-26,Thomas's Bar,Smirnoff,475.98,95.57125,540,154.01999999999998,385.98,0.0,False
2023-10-27,Thomas's Bar,Smirnoff,0.0,84.95375,510,154.01999999999998,0.0,0.0,False
2023-10-28,Thomas's Bar,Smirnoff,0.0,125.71875,600,540.0,60.0,0.0,False
2023-10-29,Thomas's Bar,Smirnoff,0.0,66.47875,480,540.0,0.0,0.0,False
2023-10-30,Thomas's Bar,Smirnoff,511.44,0.0,330,88.56,241.44,0.0,False
2023-10-31,Thomas's Bar,Smirnoff,0.0,0.0,330,88.56,0.0,0.0,False
2023-11-01,Thomas's Bar,Smirnoff,464.65,85.39,510,0.0,510.0,134.64999999999998,True
2023-11-02,Thomas's Bar,Smirnoff,0.0,155.06875000000002,660,0.0,150.0,0.0,False
2023-11-03,Thomas's Bar,Smirnoff,0.0,84.95375,510,510.0,0.0,0.0,False
2023-11-04,Thomas's Bar,Smirnoff,0.0,125.71875,600,660.0,0.0,0.0,False
2023-11-05,Thomas's Bar,Smirnoff,0.0,66.47875,480,660.0,0.0,0.0,False
2023-11-06,Thomas's Bar,Smirnoff,0.0,63.93,480,660.0,0.0,0.0,False
2023-11-07,Thomas's Bar,Smirnoff,0.0,0.0,330,660.0,0.0,0.0,False
2023-11-08,Thomas's Bar,Smirnoff,0.0,143.47125,630,660.0,0.0,0.0,False
2023-11-09,Thomas's Bar,Smirnoff,0.0,122.39250000000001,570,660.0,0.0,0.0,False
2023-11-10,Thomas's Bar,Smirnoff,0.0,84.95375,510,660.0,0.0,0.0,False
2023-11-11,Thomas's Bar,Smirnoff,0.0,52.8375,450,660.0,0.0,0.0,False
2023-11-12,Thomas's Bar,Smirnoff,0.0,66.47875,480,660.0,0.0,0.0,False
2023-11-13,Thomas's Bar,Smirnoff,0.0,63.93,480,660.0,0.0,0.0,False
2023-11-14,Thomas's Bar,Smirnoff,0.0,0.0,330,660.0,0.0,0.0,False
2023-11-15,Thomas's Bar,Smirnoff,226.62,143.47125,630,433.38,196.62,0.0,False
2023-11-16,Thomas's Bar,Smirnoff,0.0,122.39250000000001,570,433.38,0.0,0.0,False
2023-11-17,Thomas's Bar,Smirnoff,0.0,31.36375,390,630.0,0.0,0.0,False
2023-11-18,Thomas's Bar,Smirnoff,591.32,52.8375,450,38.67999999999995,411.32000000000005,0.0,False
2023-11-19,Thomas's Bar,Smirnoff,0.0,0.0,330,38.67999999999995,0.0,0.0,False
2023-11-20,Thomas's Bar,Smirnoff,0.0,63.93,480,450.0,30.0,0.0,False
2023-11-21,Thomas's Bar,Smirnoff,0.0,0.0,330,450.0,0.0,0.0,False
2023-11-22,Thomas's Bar,Smirnoff,0.0,140.195,630,480.0,150.0,0.0,False
2023-11-23,Thomas's Bar,Smirnoff,0.0,122.39250000000001,570,480.0,0.0,0.0,False
2023-11-24,Thomas's Bar,Smirnoff,0.0,31.36375,390,630.0,0.0,0.0,False
2023-11-25,Thomas's Bar,Smirnoff,0.0,126.7525,600,630.0,0.0,0.0,False
2023-11-26,Thomas's Bar,Smirnoff,0.0,0.0,330,630.0,0.0,0.0,False
2023-11-27,Thomas's Bar,Smirnoff,402.43,63.93,480,227.57,252.43,0.0,False
2023-11-28,Thomas's Bar,Smirnoff,0.0,0.0,330,227.57,0.0,0.0,False
2023-11-29,Thomas's Bar,Smirnoff,0.0,86.40875,510,480.0,30.0,0.0,False
2023-11-30,Thomas's Bar,Smirnoff,468.1,107.55000000000001,540,11.899999999999977,498.1,0.0,False
2023-12-01,Thomas's Bar,Smirnoff,0.0,31.36375,390,41.89999999999998,0.0,0.0,False
2023-12-02,Thomas's Bar,Smirnoff,0.0,126.7525,600,540.0,60.0,0.0,False
2023-12-03,Thomas's Bar,Smirnoff,0.0,0.0,330,540.0,0.0,0.0,False
2023-12-04,Thomas's Bar,Smirnoff,0.0,114.23375,570,600.0,0.0,0.0,False
2023-12-05,Thomas's Bar,Smirnoff,127.74,0.0,330,472.26,0.0,0.0,False
2023-12-06,Thomas's Bar,Smirnoff,0.0,86.40875,510,472.26,37.74000000000001,0.0,False
2023-12-07,Thomas's Bar,Smirnoff,0.0,118.01,570,472.26,60.0,0.0,False
2023-12-08,Thomas's Bar,Smirnoff,214.11,0.0,330,295.89,0.0,0.0,False
2023-12-09,Thomas's Bar,Smirnoff,0.0,73.915,480,355.89,124.11000000000001,0.0,False
2023-12-10,Thomas's Bar,Smirnoff,0.0,0.0,330,355.89,0.0,0.0,False
2023-12-11,Thomas's Bar,Smirnoff,0.0,114.23375,570,480.0,90.0,0.0,False
2023-12-12,Thomas's Bar,Smirnoff,0.0,15.9675,360,480.0,0.0,0.0,False
2023-12-13,Thomas's Bar,Smirnoff,596.89,86.40875,510,0.0,510.0,26.889999999999986,True
2023-12-14,Thomas's Bar,Smirnoff,0.0,118.01,570,0.0,60.0,0.0,False
2023-12-15,Thomas's Bar,Smirnoff,0.0,26.76375,390,510.0,0.0,0.0,False
2023-12-16,Thomas's Bar,Smirnoff,487.82,73.915,480,82.18,397.82,0.0,False
2023-12-17,Thomas's Bar,Smirnoff,0.0,0.0,330,82.18,0.0,0.0,False
2023-12-18,Thomas's Bar,Smirnoff,0.0,114.23375,570,480.0,90.0,0.0,False
2023-12-19,Thomas's Bar,Smirnoff,281.1,15.9675,360,198.89999999999998,71.10000000000002,0.0,False
2023-12-20,Thomas's Bar,Smirnoff,0.0,161.01999999999998,660,288.9,300.0,0.0,False
2023-12-21,Thomas's Bar,Smirnoff,0.0,118.01,570,360.0,0.0,0.0,False
2023-12-22,Thomas's Bar,Smirnoff,0.0,26.76375,390,660.0,0.0,0.0,False
2023-12-23,Thomas's Bar,Smirnoff,0.0,134.8925,600,660.0,0.0,0.0,False
2023-12-24,Thomas's Bar,Smirnoff,0.0,0.0,330,660.0,0.0,0.0,False
2023-12-25,Thomas's Bar,Smirnoff,0.0,114.23375,570,660.0,0.0,0.0,False
2023-12-26,Thomas's Bar,Smirnoff,0.0,51.105000000000004,450,660.0,0.0,0.0,False
2023-12-27,Thomas's Bar,Smirnoff,0.0,161.01999999999998,660,660.0,0.0,0.0,False
2023-12-28,Thomas's Bar,Smirnoff,0.0,58.5125,450,660.0,0.0,0.0,False
2023-12-29,Thomas's Bar,Smirnoff,0.0,26.76375,390,660.0,0.0,0.0,False
2023-12-30,Thomas's Bar,Smirnoff,0.0,134.8925,600,660.0,0.0,0.0,False
2023-12-31,Thomas's Bar,Smirnoff,474.32,0.0,330,185.68,144.32,0.0,False
2024-01-01,Thomas's Bar,Smirnoff,0.0,50.30375,450,185.68,120.0,0.0,False
2023-10-21,Thomas's Bar,Sutter Home,0.0,44.84428571428572,390,390.0,0.0,0.0,False
2023-10-22,Thomas's Bar,Sutter Home,0.0,44.84428571428572,390,390.0,0.0,0.0,False
2023-10-23,Thomas's Bar,Sutter Home,0.0,44.84428571428572,390,390.0,0.0,0.0,False
2023-10-24,Thomas's Bar,Sutter Home,0.0,44.84428571428572,390,390.0,0.0,0.0,False
2023-10-25,Thomas's Bar,Sutter Home,0.0,44.84428571428572,390,390.0,0.0,0.0,False
2023-10-26,Thomas's Bar,Sutter Home,0.0,44.84428571428572,390,390.0,0.0,0.0,False
2023-10-27,Thomas's Bar,Sutter Home,0.0,44.84428571428572,390,390.0,0.0,0.0,False
2023-10-28,Thomas's Bar,Sutter Home,0.0,0.0,300,390.0,0.0,0.0,False
2023-10-29,Thomas's Bar,Sutter Home,0.0,0.0,300,390.0,0.0,0.0,False
2023-10-30,Thomas's Bar,Sutter Home,0.0,0.0,300,390.0,0.0,0.0,False
2023-10-31,Thomas's Bar,Sutter Home,0.0,0.0,300,390.0,0.0,0.0,False
2023-11-01,Thomas's Bar,Sutter Home,212.46,0.0,300,177.54,122.46000000000001,0.0,False
2023-11-02,Thomas's Bar,Sutter Home,0.0,30.351428571428574,360,177.54,60.0,0.0,False
2023-11-03,Thomas's Bar,Sutter Home,0.0,30.351428571428574,360,300.0,0.0,0.0,False
2023-11-04,Thomas's Bar,Sutter Home,0.0,30.351428571428574,360,360.0,0.0,0.0,False
2023-11-05,Thomas's Bar,Sutter Home,525.32,30.351428571428574,360,0.0,360.0,165.32000000000005,True
2023-11-06,Thomas's Bar,Sutter Home,0.0,105.39714285714287,510,0.0,150.0,0.0,False
2023-11-07,Thomas's Bar,Sutter Home,0.0,105.39714285714287,510,360.0,0.0,0.0,False
2023-11-08,Thomas's Bar,Sutter Home,0.0,105.39714285714287,510,510.0,0.0,0.0,False
2023-11-09,Thomas's Bar,Sutter Home,0.0,75.0457142857143,450,510.0,0.0,0.0,False
2023-11-10,Thomas's Bar,Sutter Home,0.0,75.0457142857143,450,510.0,0.0,0.0,False
2023-11-11,Thomas's Bar,Sutter Home,0.0,75.0457142857143,450,510.0,0.0,0.0,False
2023-11-12,Thomas's Bar,Sutter Home,0.0,75.0457142857143,450,510.0,0.0,0.0,False
2023-11-13,Thomas's Bar,Sutter Home,0.0,0.0,300,510.0,0.0,0.0,False
2023-11-14,Thomas's Bar,Sutter Home,0.0,0.0,300,510.0,0.0,0.0,False
2023-11-15,Thomas's Bar,Sutter Home,0.0,0.0,300,510.0,0.0,0.0,False
2023-11-16,Thomas's Bar,Sutter Home,0.0,0.0,300,510.0,0.0,0.0,False
2023-11-17,Thomas's Bar,Sutter Home,0.0,0.0,300,510.0,0.0,0.0,False
2023-11-18,Thomas's Bar,Sutter Home,474.0,0.0,300,36.0,264.0,0.0,False
2023-11-19,Thomas's Bar,Sutter Home,0.0,67.71428571428571,420,36.0,120.0,0.0,False
2023-11-20,Thomas's Bar,Sutter Home,467.74,67.71428571428571,420,0.0,300.0,167.74,True
2023-11-21,Thomas's Bar,Sutter Home,0.0,134.53428571428572,570,120.0,150.0,0.0,False
2023-11-22,Thomas's Bar,Sutter Home,0.0,134.53428571428572,570,420.0,0.0,0.0,False
2023-11-23,Thomas's Bar,Sutter Home,0.0,134.53428571428572,570,570.0,0.0,0.0,False
2023-11-24,Thomas's Bar,Sutter Home,0.0,134.53428571428572,570,570.0,0.0,0.0,False
2023-11-25,Thomas's Bar,Sutter Home,0.0,134.53428571428572,570,570.0,0.0,0.0,False
2023-11-26,Thomas's Bar,Sutter Home,0.0,66.82000000000001,420,570.0,0.0,0.0,False
2023-11-27,Thomas's Bar,Sutter Home,0.0,66.82000000000001,420,570.0,0.0,0.0,False
2023-11-28,Thomas's Bar,Sutter Home,0.0,0.0,300,570.0,0.0,0.0,False
2023-11-29,Thomas's Bar,Sutter Home,0.0,0.0,300,570.0,0.0,0.0,False
2023-11-30,Thomas's Bar,Sutter Home,0.0,0.0,300,570.0,0.0,0.0,False
2023-12-01,Thomas's Bar,Sutter Home,0.0,0.0,300,570.0,0.0,0.0,False
2023-12-02,Thomas's Bar,Sutter Home,0.0,0.0,300,570.0,0.0,0.0,False
2023-12-03,Thomas's Bar,Sutter Home,314.47,0.0,300,255.52999999999997,44.47000000000003,0.0,False
2023-12-04,Thomas's Bar,Sutter Home,0.0,44.924285714285716,390,255.52999999999997,90.0,0.0,False
2023-12-05,Thomas's Bar,Sutter Home,0.0,44.924285714285716,390,300.0,0.0,0.0,False
2023-12-06,Thomas's Bar,Sutter Home,0.0,44.924285714285716,390,390.0,0.0,0.0,False
2023-12-07,Thomas's Bar,Sutter Home,13.73,44.924285714285716,390,376.27,13.730000000000018,0.0,False
2023-12-08,Thomas's Bar,Sutter Home,0.0,46.88571428571429,390,376.27,0.0,0.0,False
2023-12-09,Thomas's Bar,Sutter Home,0.0,46.88571428571429,390,390.0,0.0,0.0,False
2023-12-10,Thomas's Bar,Sutter Home,0.0,46.88571428571429,390,390.0,0.0,0.0,False
2023-12-11,Thomas's Bar,Sutter Home,0.0,1.9614285714285715,300,390.0,0.0,0.0,False
2023-12-12,Thomas's Bar,Sutter Home,0.0,1.9614285714285715,300,390.0,0.0,0.0,False
2023-12-13,Thomas's Bar,Sutter Home,0.0,1.9614285714285715,300,390.0,0.0,0.0,False
2023-12-14,Thomas's Bar,Sutter Home,0.0,1.9614285714285715,300,390.0,0.0,0.0,False
2023-12-15,Thomas's Bar,Sutter Home,0.0,0.0,300,390.0,0.0,0.0,False
2023-12-16,Thomas's Bar,Sutter Home,0.0,0.0,300,390.0,0.0,0.0,False
2023-12-17,Thomas's Bar,Sutter Home,0.0,0.0,300,390.0,0.0,0.0,False
2023-12-18,Thomas's Bar,Sutter Home,0.0,0.0,300,390.0,0.0,0.0,False
2023-12-19,Thomas's Bar,Sutter Home,0.0,0.0,300,390.0,0.0,0.0,False
2023-12-20,Thomas's Bar,Sutter Home,0.0,0.0,300,390.0,0.0,0.0,False
2023-12-21,Thomas's Bar,Sutter Home,0.0,0.0,300,390.0,0.0,0.0,False
2023-12-22,Thomas's Bar,Sutter Home,0.0,0.0,300,390.0,0.0,0.0,False
2023-12-23,Thomas's Bar,Sutter Home,0.0,0.0,300,390.0,0.0,0.0,False
2023-12-24,Thomas's Bar,Sutter Home,0.0,0.0,300,390.0,0.0,0.0,False
2023-12-25,Thomas's Bar,Sutter Home,0.0,0.0,300,390.0,0.0,0.0,False
2023-12-26,Thomas's Bar,Sutter Home,0.0,0.0,300,390.0,0.0,0.0,False
2023-12-27,Thomas's Bar,Sutter Home,0.0,0.0,300,390.0,0.0,0.0,False
2023-12-28,Thomas's Bar,Sutter Home,0.0,0.0,300,390.0,0.0,0.0,False
2023-12-29,Thomas's Bar,Sutter Home,0.0,0.0,300,390.0,0.0,0.0,False
2023-12-30,Thomas's Bar,Sutter Home,110.36,0.0,300,279.64,20.360000000000014,0.0,False
2023-12-31,Thomas's Bar,Sutter Home,0.0,15.765714285714285,330,279.64,30.0,0.0,False
2024-01-01,Thomas's Bar,Sutter Home,0.0,15.765714285714285,330,300.0,0.0,0.0,False
2023-10-21,Thomas's Bar,Yellow Tail,0.0,104.91285714285713,510,510.0,0.0,0.0,False
2023-10-22,Thomas's Bar,Yellow Tail,0.0,104.91285714285713,510,510.0,0.0,0.0,False
2023-10-23,Thomas's Bar,Yellow Tail,423.53,48.43714285714286,390,86.47000000000003,303.53,0.0,False
2023-10-24,Thomas's Bar,Yellow Tail,124.6,108.94142857142856,510,0.0,206.47000000000003,38.12999999999997,True
2023-10-25,Thomas's Bar,Yellow Tail,0.0,78.30428571428571,450,303.53,0.0,0.0,False
2023-10-26,Thomas's Bar,Yellow Tail,0.0,78.30428571428571,450,510.0,0.0,0.0,False
2023-10-27,Thomas's Bar,Yellow Tail,0.0,78.30428571428571,450,510.0,0.0,0.0,False
2023-10-28,Thomas's Bar,Yellow Tail,128.2,78.30428571428571,450,381.8,68.19999999999999,0.0,False
2023-10-29,Thomas's Bar,Yellow Tail,0.0,96.61857142857141,480,381.8,30.0,0.0,False
2023-10-30,Thomas's Bar,Yellow Tail,0.0,96.61857142857141,480,450.0,0.0,0.0,False
2023-10-31,Thomas's Bar,Yellow Tail,392.86,36.114285714285714,360,87.13999999999999,272.86,0.0,False
2023-11-01,Thomas's Bar,Yellow Tail,0.0,74.43714285714285,420,87.13999999999999,60.0,0.0,False
2023-11-02,Thomas's Bar,Yellow Tail,309.6,74.43714285714285,420,50.39999999999998,309.6,0.0,False
2023-11-03,Thomas's Bar,Yellow Tail,527.97,118.66571428571429,510,0.0,200.39999999999998,417.57000000000005,True
2023-11-04,Thomas's Bar,Yellow Tail,0.0,194.09,660,309.6,150.0,0.0,False
2023-11-05,Thomas's Bar,Yellow Tail,0.0,175.7757142857143,630,510.0,0.0,0.0,False
2023-11-06,Thomas's Bar,Yellow Tail,0.0,175.7757142857143,630,660.0,0.0,0.0,False
2023-11-07,Thomas's Bar,Yellow Tail,447.34,175.7757142857143,630,212.66000000000003,417.34,0.0,False
2023-11-08,Thomas's Bar,Yellow Tail,0.0,183.55857142857144,660,212.66000000000003,30.0,0.0,False
2023-11-09,Thomas's Bar,Yellow Tail,578.1,183.55857142857144,660,51.89999999999998,578.1,0.0,False
2023-11-10,Thomas's Bar,Yellow Tail,0.0,221.91571428571427,720,81.89999999999998,60.0,0.0,False
2023-11-11,Thomas's Bar,Yellow Tail,0.0,146.49142857142857,570,660.0,0.0,0.0,False
2023-11-12,Thomas's Bar,Yellow Tail,0.0,146.49142857142857,570,720.0,0.0,0.0,False
2023-11-13,Thomas's Bar,Yellow Tail,0.0,146.49142857142857,570,720.0,0.0,0.0,False
2023-11-14,Thomas's Bar,Yellow Tail,0.0,146.49142857142857,570,720.0,0.0,0.0,False
2023-11-15,Thomas's Bar,Yellow Tail,0.0,82.58571428571429,450,720.0,0.0,0.0,False
2023-11-16,Thomas's Bar,Yellow Tail,227.01,82.58571428571429,450,492.99,0.0,0.0,False
2023-11-17,Thomas's Bar,Yellow Tail,0.0,32.43,360,492.99,0.0,0.0,False
2023-11-18,Thomas's Bar,Yellow Tail,0.0,32.43,360,492.99,0.0,0.0,False
2023-11-19,Thomas's Bar,Yellow Tail,481.2,32.43,360,11.79000000000002,348.21,0.0,False
2023-11-20,Thomas's Bar,Yellow Tail,0.0,101.17285714285715,480,11.79000000000002,120.0,0.0,False
2023-11-21,Thomas's Bar,Yellow Tail,0.0,101.17285714285715,480,360.0,0.0,0.0,False
2023-11-22,Thomas's Bar,Yellow Tail,360.25,101.17285714285715,480,119.75,360.25,0.0,False
2023-11-23,Thomas's Bar,Yellow Tail,0.0,152.63714285714286,600,119.75,120.0,0.0,False
2023-11-24,Thomas's Bar,Yellow Tail,0.0,120.20714285714287,540,480.0,0.0,0.0,False
2023-11-25,Thomas's Bar,Yellow Tail,0.0,120.20714285714287,540,600.0,0.0,0.0,False
2023-11-26,Thomas's Bar,Yellow Tail,0.0,120.20714285714287,540,600.0,0.0,0.0,False
2023-11-27,Thomas's Bar,Yellow Tail,0.0,51.464285714285715,390,600.0,0.0,0.0,False
2023-11-28,Thomas's Bar,Yellow Tail,283.23,51.464285714285715,390,316.77,73.23000000000002,0.0,False
2023-11-29,Thomas's Bar,Yellow Tail,0.0,91.92571428571429,480,316.77,90.0,0.0,False
2023-11-30,Thomas's Bar,Yellow Tail,0.0,40.46142857142858,360,390.0,0.0,0.0,False
2023-12-01,Thomas's Bar,Yellow Tail,410.18,40.46142857142858,360,69.82,290.18,0.0,False
2023-12-02,Thomas's Bar,Yellow Tail,371.03,99.05857142857144,480,0.0,189.82,301.21,True
2023-12-03,Thomas's Bar,Yellow Tail,0.0,152.06285714285715,600,290.18,120.0,0.0,False
2023-12-04,Thomas's Bar,Yellow Tail,0.0,152.06285714285715,600,480.0,0.0,0.0,False
2023-12-05,Thomas's Bar,Yellow Tail,0.0,152.06285714285715,600,600.0,0.0,0.0,False
2023-12-06,Thomas's Bar,Yellow Tail,0.0,111.60142857142857,510,600.0,0.0,0.0,False
2023-12-07,Thomas's Bar,Yellow Tail,0.0,111.60142857142857,510,600.0,0.0,0.0,False
2023-12-08,Thomas's Bar,Yellow Tail,0.0,111.60142857142857,510,600.0,0.0,0.0,False
2023-12-09,Thomas's Bar,Yellow Tail,528.9,53.00428571428571,390,71.10000000000002,318.9,0.0,False
2023-12-10,Thomas's Bar,Yellow Tail,0.0,75.55714285714285,450,71.10000000000002,60.0,0.0,False
2023-12-11,Thomas's Bar,Yellow Tail,0.0,75.55714285714285,450,390.0,0.0,0.0,False
2023-12-12,Thomas's Bar,Yellow Tail,0.0,75.55714285714285,450,450.0,0.0,0.0,False
2023-12-13,Thomas's Bar,Yellow Tail,314.52,75.55714285714285,450,135.48000000000002,314.52,0.0,False
2023-12-14,Thomas's Bar,Yellow Tail,191.99,120.48857142857142,540,0.0,225.48000000000002,56.50999999999999,True
2023-12-15,Thomas's Bar,Yellow Tail,0.0,147.91571428571427,570,314.52,30.0,0.0,False
2023-12-16,Thomas's Bar,Yellow Tail,0.0,147.91571428571427,570,540.0,0.0,0.0,False
2023-12-17,Thomas's Bar,Yellow Tail,0.0,72.35857142857142,420,570.0,0.0,0.0,False
2023-12-18,Thomas's Bar,Yellow Tail,0.0,72.35857142857142,420,570.0,0.0,0.0,False
2023-12-19,Thomas's Bar,Yellow Tail,0.0,72.35857142857142,420,570.0,0.0,0.0,False
2023-12-20,Thomas's Bar,Yellow Tail,0.0,72.35857142857142,420,570.0,0.0,0.0,False
2023-12-21,Thomas's Bar,Yellow Tail,0.0,27.427142857142858,330,570.0,0.0,0.0,False
2023-12-22,Thomas's Bar,Yellow Tail,0.0,0.0,300,570.0,0.0,0.0,False
2023-12-23,Thomas's Bar,Yellow Tail,365.93,0.0,300,204.07,95.93,0.0,False
2023-12-24,Thomas's Bar,Yellow Tail,0.0,52.27571428571429,390,204.07,90.0,0.0,False
2023-12-25,Thomas's Bar,Yellow Tail,0.0,52.27571428571429,390,300.0,0.0,0.0,False
2023-12-26,Thomas's Bar,Yellow Tail,599.06,52.27571428571429,390,0.0,390.0,209.05999999999995,True
2023-12-27,Thomas's Bar,Yellow Tail,0.0,137.8557142857143,570,0.0,180.0,0.0,False
2023-12-28,Thomas's Bar,Yellow Tail,0.0,137.8557142857143,570,390.0,0.0,0.0,False
2023-12-29,Thomas's Bar,Yellow Tail,0.0,137.8557142857143,570,570.0,0.0,0.0,False
2023-12-30,Thomas's Bar,Yellow Tail,0.0,137.8557142857143,570,570.0,0.0,0.0,False
2023-12-31,Thomas's Bar,Yellow Tail,0.0,85.58,450,570.0,0.0,0.0,False
2024-01-01,Thomas's Bar,Yellow Tail,0.0,85.58,450,570.0,0.0,0.0,False
